/*******************************************************************************
 * Size: 28 px
 * Bpp: 2
 * Opts: --font /Users/thangdang/Sites/steam-dock/firmware/.pio/libdeps/usb/lvgl/scripts/built_in_font/DejaVuSans.ttf --size 28 --bpp 2 --format lvgl -r 0x20-0x7E,0xA0-0xFF,0x100-0x24F,0x1EA0-0x1EF9,0x2010-0x2015,0x2018-0x2019,0x201C-0x201D,0x2026 --no-compress --lv-include lvgl.h -o /Users/thangdang/Sites/steam-dock/firmware/src/ui/fonts/ui_font_vi_28.c
 ******************************************************************************/

#ifdef LV_LVGL_H_INCLUDE_SIMPLE
#include "lvgl.h"
#else
#include "lvgl.h"
#endif

#ifndef UI_FONT_VI_28
#define UI_FONT_VI_28 1
#endif

#if UI_FONT_VI_28

/*-----------------
 *    BITMAPS
 *----------------*/

/*Store the image of the glyphs*/
static LV_ATTRIBUTE_LARGE_CONST const uint8_t glyph_bitmap[] = {
    /* U+0020 " " */

    /* U+0021 "!" */
    0xff, 0xff, 0xff, 0xff, 0xff, 0xff, 0xff, 0xfb,
    0xef, 0xbe, 0xf0, 0x0, 0x1, 0xaf, 0xff, 0xfc,

    /* U+0022 "\"" */
    0x7c, 0xf, 0x1f, 0x3, 0xc7, 0xc0, 0xf1, 0xf0,
    0x3c, 0x7c, 0xf, 0x1f, 0x3, 0xc7, 0xc0, 0xf0,
    0xa0, 0x28,

    /* U+0023 "#" */
    0x0, 0x0, 0xf0, 0xf, 0x40, 0x0, 0x1, 0xf0,
    0xf, 0x0, 0x0, 0x2, 0xe0, 0x1f, 0x0, 0x0,
    0x3, 0xd0, 0x2e, 0x0, 0x0, 0x3, 0xc0, 0x3d,
    0x0, 0x0, 0x3, 0xc0, 0x3c, 0x0, 0x1f, 0xff,
    0xff, 0xff, 0xfd, 0x1f, 0xff, 0xff, 0xff, 0xfd,
    0x0, 0xf, 0x40, 0xf8, 0x0, 0x0, 0xf, 0x0,
    0xf0, 0x0, 0x0, 0x1f, 0x0, 0xf0, 0x0, 0x0,
    0x2e, 0x1, 0xe0, 0x0, 0x0, 0x3d, 0x2, 0xe0,
    0x0, 0xff, 0xff, 0xff, 0xff, 0xf0, 0xff, 0xff,
    0xff, 0xff, 0xf0, 0x0, 0xb8, 0xb, 0xc0, 0x0,
    0x0, 0xf4, 0xb, 0x80, 0x0, 0x0, 0xf0, 0xf,
    0x40, 0x0, 0x1, 0xf0, 0xf, 0x0, 0x0, 0x2,
    0xe0, 0x1f, 0x0, 0x0, 0x3, 0xd0, 0x2e, 0x0,
    0x0,

    /* U+0024 "$" */
    0x0, 0xd, 0x0, 0x0, 0x0, 0xd0, 0x0, 0x0,
    0xd, 0x0, 0x0, 0x0, 0xd0, 0x0, 0x2, 0xff,
    0xf9, 0x1, 0xff, 0xff, 0xf4, 0x3f, 0x4d, 0x7,
    0x47, 0xc0, 0xd0, 0x0, 0xbc, 0xd, 0x0, 0xb,
    0xc0, 0xd0, 0x0, 0x7e, 0xd, 0x0, 0x3, 0xfe,
    0xe0, 0x0, 0xb, 0xff, 0xf4, 0x0, 0x6, 0xff,
    0xf0, 0x0, 0xe, 0x7f, 0xc0, 0x0, 0xd0, 0xbd,
    0x0, 0xd, 0x3, 0xd0, 0x0, 0xd0, 0x3d, 0x40,
    0xd, 0xb, 0xcb, 0x90, 0xe6, 0xfc, 0xbf, 0xff,
    0xff, 0x0, 0x6f, 0xff, 0x40, 0x0, 0xd, 0x0,
    0x0, 0x0, 0xd0, 0x0, 0x0, 0xd, 0x0, 0x0,
    0x0, 0xd0, 0x0,

    /* U+0025 "%" */
    0x2, 0xfd, 0x0, 0x0, 0x2d, 0x0, 0x3, 0xff,
    0xe0, 0x0, 0x1f, 0x0, 0x3, 0xe0, 0x3d, 0x0,
    0xf, 0x40, 0x0, 0xf0, 0xb, 0x80, 0xb, 0x80,
    0x0, 0x7c, 0x1, 0xf0, 0x3, 0xc0, 0x0, 0x1e,
    0x0, 0x3c, 0x2, 0xd0, 0x0, 0x7, 0xc0, 0x1f,
    0x1, 0xf0, 0x0, 0x0, 0xf0, 0xb, 0x80, 0xf0,
    0x0, 0x0, 0x2f, 0x7, 0xd0, 0xb8, 0x0, 0x0,
    0x3, 0xff, 0xd0, 0x3c, 0x0, 0x0, 0x0, 0x1a,
    0x80, 0x3d, 0x2, 0xfd, 0x0, 0x0, 0x0, 0x1f,
    0x3, 0xff, 0xe0, 0x0, 0x0, 0xf, 0x2, 0xe0,
    0x3d, 0x0, 0x0, 0xb, 0x80, 0xf0, 0x7, 0xc0,
    0x0, 0x3, 0xc0, 0x7c, 0x0, 0xf0, 0x0, 0x3,
    0xd0, 0x1f, 0x0, 0x3c, 0x0, 0x1, 0xe0, 0x7,
    0xc0, 0xf, 0x0, 0x0, 0xf0, 0x0, 0xf0, 0x7,
    0xc0, 0x0, 0xb8, 0x0, 0x2e, 0x3, 0xd0, 0x0,
    0x7c, 0x0, 0x3, 0xff, 0xe0, 0x0, 0x3d, 0x0,
    0x0, 0x2f, 0xd0, 0x0,

    /* U+0026 "&" */
    0x0, 0x1b, 0xfe, 0x0, 0x0, 0x0, 0xbf, 0xff,
    0xc0, 0x0, 0x1, 0xfd, 0x56, 0xc0, 0x0, 0x2,
    0xf0, 0x0, 0x0, 0x0, 0x3, 0xf0, 0x0, 0x0,
    0x0, 0x3, 0xf0, 0x0, 0x0, 0x0, 0x2, 0xf4,
    0x0, 0x0, 0x0, 0x0, 0xfc, 0x0, 0x0, 0x0,
    0x0, 0xff, 0x0, 0x0, 0x0, 0x3, 0xff, 0xc0,
    0x0, 0x0, 0xf, 0xc3, 0xf0, 0x0, 0xbc, 0x1f,
    0x1, 0xfc, 0x0, 0xf8, 0x3e, 0x0, 0x7f, 0x0,
    0xf4, 0x3d, 0x0, 0x1f, 0xc1, 0xf0, 0x3d, 0x0,
    0x7, 0xf3, 0xe0, 0x3e, 0x0, 0x1, 0xff, 0xc0,
    0x3f, 0x0, 0x0, 0x7f, 0x40, 0x1f, 0xc0, 0x0,
    0xbf, 0xc0, 0xb, 0xf9, 0x5b, 0xff, 0xe0, 0x2,
    0xff, 0xff, 0xd2, 0xf8, 0x0, 0x2f, 0xf9, 0x0,
    0xfe,

    /* U+0027 "'" */
    0x7c, 0x7c, 0x7c, 0x7c, 0x7c, 0x7c, 0x7c, 0x28,

    /* U+0028 "(" */
    0x0, 0xf4, 0x7, 0xc0, 0x3d, 0x1, 0xf0, 0xf,
    0x80, 0x3d, 0x2, 0xf0, 0xf, 0x80, 0x3e, 0x1,
    0xf4, 0x7, 0xc0, 0x2f, 0x0, 0xbc, 0x2, 0xf0,
    0xb, 0xc0, 0x1f, 0x40, 0x3d, 0x0, 0xf8, 0x2,
    0xf0, 0x7, 0xc0, 0xf, 0x40, 0x2f, 0x0, 0x3c,
    0x0, 0xb8, 0x0, 0xf0, 0x1, 0x90,

    /* U+0029 ")" */
    0xb8, 0x0, 0xf4, 0x2, 0xf0, 0x3, 0xd0, 0xb,
    0xc0, 0x1f, 0x0, 0x3d, 0x0, 0xfc, 0x2, 0xf0,
    0x7, 0xc0, 0x1f, 0x40, 0x3d, 0x0, 0xf8, 0x3,
    0xd0, 0x1f, 0x40, 0x7d, 0x1, 0xf0, 0xb, 0xc0,
    0x3e, 0x0, 0xf4, 0xb, 0xc0, 0x3e, 0x1, 0xf0,
    0xf, 0x80, 0x7c, 0x1, 0x90, 0x0,

    /* U+002A "*" */
    0x0, 0xf, 0x0, 0x0, 0x0, 0xf0, 0x0, 0x10,
    0xf, 0x0, 0x43, 0xd0, 0xf0, 0x7c, 0xb, 0xcf,
    0x3e, 0x0, 0x1f, 0xff, 0x40, 0x0, 0x2f, 0x80,
    0x0, 0xf, 0xff, 0x40, 0xb, 0xcf, 0x3e, 0x3,
    0xd0, 0xf0, 0x7c, 0x10, 0xf, 0x0, 0x40, 0x0,
    0xf0, 0x0, 0x0, 0xf, 0x0, 0x0, 0x0, 0x0,
    0x0,

    /* U+002B "+" */
    0x0, 0x0, 0x7c, 0x0, 0x0, 0x0, 0x1, 0xf0,
    0x0, 0x0, 0x0, 0x7, 0xc0, 0x0, 0x0, 0x0,
    0x1f, 0x0, 0x0, 0x0, 0x0, 0x7c, 0x0, 0x0,
    0x0, 0x1, 0xf0, 0x0, 0x0, 0x0, 0x7, 0xc0,
    0x0, 0x0, 0x0, 0x1f, 0x0, 0x0, 0x3f, 0xff,
    0xff, 0xff, 0xf8, 0xff, 0xff, 0xff, 0xff, 0xe1,
    0x55, 0x5b, 0xd5, 0x55, 0x0, 0x0, 0x1f, 0x0,
    0x0, 0x0, 0x0, 0x7c, 0x0, 0x0, 0x0, 0x1,
    0xf0, 0x0, 0x0, 0x0, 0x7, 0xc0, 0x0, 0x0,
    0x0, 0x1f, 0x0, 0x0, 0x0, 0x0, 0x7c, 0x0,
    0x0, 0x0, 0x1, 0xf0, 0x0, 0x0,

    /* U+002C "," */
    0x2f, 0xb, 0xc2, 0xf0, 0xf8, 0x3c, 0x1e, 0xb,
    0x0,

    /* U+002D "-" */
    0x15, 0x54, 0xbf, 0xfe, 0xbf, 0xfe,

    /* U+002E "." */
    0xa7, 0xff, 0xff,

    /* U+002F "/" */
    0x0, 0x3, 0xd0, 0x0, 0x7c, 0x0, 0xb, 0x80,
    0x0, 0xf4, 0x0, 0x1f, 0x0, 0x2, 0xf0, 0x0,
    0x3d, 0x0, 0x3, 0xc0, 0x0, 0x7c, 0x0, 0xf,
    0x80, 0x0, 0xf4, 0x0, 0x1f, 0x0, 0x2, 0xe0,
    0x0, 0x3d, 0x0, 0x7, 0xc0, 0x0, 0xb8, 0x0,
    0xf, 0x40, 0x0, 0xf0, 0x0, 0x1f, 0x0, 0x3,
    0xe0, 0x0, 0x3c, 0x0, 0x7, 0xc0, 0x0, 0xb8,
    0x0, 0x6, 0x0, 0x0,

    /* U+0030 "0" */
    0x0, 0x2f, 0xf4, 0x0, 0x7, 0xff, 0xfc, 0x0,
    0x3f, 0x96, 0xfc, 0x3, 0xf4, 0x1, 0xf8, 0xf,
    0x80, 0x3, 0xf0, 0xbc, 0x0, 0x7, 0xd3, 0xf0,
    0x0, 0xf, 0x8f, 0xc0, 0x0, 0x3e, 0x3e, 0x0,
    0x0, 0xfc, 0xf8, 0x0, 0x3, 0xf3, 0xe0, 0x0,
    0xf, 0xcf, 0x80, 0x0, 0x3f, 0x3e, 0x0, 0x0,
    0xfc, 0xfc, 0x0, 0x3, 0xe3, 0xf0, 0x0, 0xf,
    0x8b, 0xc0, 0x0, 0x7d, 0xf, 0x80, 0x3, 0xf0,
    0x3f, 0x40, 0x1f, 0x80, 0x3f, 0x96, 0xfc, 0x0,
    0x7f, 0xff, 0xc0, 0x0, 0x2f, 0xf4, 0x0,

    /* U+0031 "1" */
    0x16, 0xfe, 0x0, 0x3f, 0xff, 0x80, 0xf, 0xfb,
    0xe0, 0x1, 0x40, 0xf8, 0x0, 0x0, 0x3e, 0x0,
    0x0, 0xf, 0x80, 0x0, 0x3, 0xe0, 0x0, 0x0,
    0xf8, 0x0, 0x0, 0x3e, 0x0, 0x0, 0xf, 0x80,
    0x0, 0x3, 0xe0, 0x0, 0x0, 0xf8, 0x0, 0x0,
    0x3e, 0x0, 0x0, 0xf, 0x80, 0x0, 0x3, 0xe0,
    0x0, 0x0, 0xf8, 0x0, 0x0, 0x3e, 0x0, 0x0,
    0xf, 0x80, 0x1, 0x57, 0xf5, 0x52, 0xff, 0xff,
    0xfc, 0xbf, 0xff, 0xff, 0x0,

    /* U+0032 "2" */
    0x6, 0xff, 0x90, 0xb, 0xff, 0xff, 0x80, 0xff,
    0x96, 0xff, 0xe, 0x0, 0x3, 0xf4, 0x0, 0x0,
    0xf, 0x80, 0x0, 0x0, 0xfc, 0x0, 0x0, 0xf,
    0xc0, 0x0, 0x0, 0xf8, 0x0, 0x0, 0x2f, 0x40,
    0x0, 0x7, 0xf0, 0x0, 0x0, 0xfc, 0x0, 0x0,
    0x3f, 0x40, 0x0, 0xf, 0xd0, 0x0, 0x3, 0xf4,
    0x0, 0x0, 0xfd, 0x0, 0x0, 0x3f, 0x40, 0x0,
    0xf, 0xd0, 0x0, 0x3, 0xf4, 0x0, 0x0, 0xff,
    0x55, 0x55, 0x4f, 0xff, 0xff, 0xfc, 0xff, 0xff,
    0xff, 0xc0,

    /* U+0033 "3" */
    0x1a, 0xff, 0xd0, 0x7, 0xff, 0xff, 0xd0, 0x7e,
    0x96, 0xff, 0x40, 0x0, 0x1, 0xfc, 0x0, 0x0,
    0xf, 0xc0, 0x0, 0x0, 0xbc, 0x0, 0x0, 0xf,
    0xc0, 0x0, 0x7, 0xf4, 0x1, 0xff, 0xfe, 0x0,
    0x1f, 0xff, 0x0, 0x0, 0x55, 0xfd, 0x0, 0x0,
    0x1, 0xf4, 0x0, 0x0, 0xb, 0xc0, 0x0, 0x0,
    0x7d, 0x0, 0x0, 0x3, 0xe0, 0x0, 0x0, 0x7e,
    0x0, 0x0, 0xb, 0xd8, 0x0, 0x2, 0xfc, 0xfe,
    0x56, 0xff, 0x4f, 0xff, 0xff, 0xd0, 0x1b, 0xff,
    0x90, 0x0,

    /* U+0034 "4" */
    0x0, 0x0, 0x7f, 0x40, 0x0, 0x0, 0xff, 0x40,
    0x0, 0x2, 0xff, 0x40, 0x0, 0x7, 0xdf, 0x40,
    0x0, 0xf, 0x5f, 0x40, 0x0, 0x2e, 0x1f, 0x40,
    0x0, 0x7c, 0x1f, 0x40, 0x0, 0xf4, 0x1f, 0x40,
    0x2, 0xf0, 0x1f, 0x40, 0x3, 0xc0, 0x1f, 0x40,
    0xf, 0x80, 0x1f, 0x40, 0x1f, 0x0, 0x1f, 0x40,
    0x3d, 0x0, 0x1f, 0x40, 0xbd, 0x55, 0x6f, 0x94,
    0xbf, 0xff, 0xff, 0xfd, 0xbf, 0xff, 0xff, 0xfd,
    0x0, 0x0, 0x1f, 0x40, 0x0, 0x0, 0x1f, 0x40,
    0x0, 0x0, 0x1f, 0x40, 0x0, 0x0, 0x1f, 0x40,
    0x0, 0x0, 0x1f, 0x40,

    /* U+0035 "5" */
    0x3f, 0xff, 0xff, 0x3, 0xff, 0xff, 0xf0, 0x3e,
    0x55, 0x55, 0x3, 0xe0, 0x0, 0x0, 0x3e, 0x0,
    0x0, 0x3, 0xe0, 0x0, 0x0, 0x3e, 0x0, 0x0,
    0x3, 0xff, 0xf9, 0x0, 0x3f, 0xff, 0xfc, 0x3,
    0xe5, 0x6f, 0xf0, 0x0, 0x0, 0x3f, 0x80, 0x0,
    0x0, 0xfc, 0x0, 0x0, 0xb, 0xc0, 0x0, 0x0,
    0x7d, 0x0, 0x0, 0x7, 0xd0, 0x0, 0x0, 0xbc,
    0x0, 0x0, 0xf, 0xc4, 0x0, 0x3, 0xf8, 0xfe,
    0x56, 0xff, 0xf, 0xff, 0xff, 0x80, 0x1b, 0xff,
    0x90, 0x0,

    /* U+0036 "6" */
    0x0, 0x7, 0xff, 0x80, 0x0, 0x7f, 0xff, 0xe0,
    0x1, 0xfe, 0x56, 0xe0, 0x3, 0xf0, 0x0, 0x0,
    0xf, 0xc0, 0x0, 0x0, 0xf, 0x80, 0x0, 0x0,
    0x2f, 0x0, 0x0, 0x0, 0x3f, 0x1f, 0xfe, 0x0,
    0x3f, 0xbf, 0xff, 0xc0, 0x3f, 0xf4, 0xb, 0xf0,
    0x3f, 0xc0, 0x2, 0xf4, 0x3f, 0x80, 0x0, 0xf8,
    0x3f, 0x40, 0x0, 0xfc, 0x3f, 0x0, 0x0, 0xbc,
    0x2f, 0x0, 0x0, 0xfc, 0x1f, 0x40, 0x0, 0xfc,
    0xf, 0x80, 0x0, 0xf8, 0xb, 0xd0, 0x3, 0xf0,
    0x3, 0xf9, 0x5f, 0xe0, 0x0, 0xff, 0xff, 0x80,
    0x0, 0x1f, 0xf9, 0x0,

    /* U+0037 "7" */
    0xbf, 0xff, 0xff, 0xdb, 0xff, 0xff, 0xfd, 0x55,
    0x55, 0x5f, 0xc0, 0x0, 0x1, 0xf8, 0x0, 0x0,
    0x2f, 0x0, 0x0, 0x3, 0xf0, 0x0, 0x0, 0x7d,
    0x0, 0x0, 0xf, 0xc0, 0x0, 0x0, 0xf8, 0x0,
    0x0, 0x2f, 0x40, 0x0, 0x3, 0xf0, 0x0, 0x0,
    0x7e, 0x0, 0x0, 0xb, 0xc0, 0x0, 0x0, 0xfc,
    0x0, 0x0, 0x1f, 0x40, 0x0, 0x3, 0xf0, 0x0,
    0x0, 0x3e, 0x0, 0x0, 0xb, 0xd0, 0x0, 0x0,
    0xfc, 0x0, 0x0, 0x1f, 0x80, 0x0, 0x2, 0xf0,
    0x0, 0x0,

    /* U+0038 "8" */
    0x0, 0x6f, 0xf9, 0x0, 0xf, 0xff, 0xfe, 0x0,
    0xff, 0x55, 0xfe, 0x7, 0xf0, 0x0, 0xfc, 0x2f,
    0x40, 0x1, 0xf4, 0xbc, 0x0, 0x7, 0xd1, 0xf4,
    0x0, 0x1f, 0x3, 0xf0, 0x0, 0xfc, 0x7, 0xf5,
    0x5f, 0xc0, 0x2, 0xff, 0xf4, 0x0, 0x2f, 0xff,
    0xf4, 0x2, 0xf8, 0x2, 0xf8, 0x2f, 0x40, 0x2,
    0xf4, 0xfc, 0x0, 0x3, 0xe3, 0xe0, 0x0, 0xf,
    0xcf, 0x80, 0x0, 0x3f, 0x3f, 0x0, 0x0, 0xf8,
    0xbe, 0x0, 0xf, 0xd0, 0xff, 0x55, 0xff, 0x0,
    0xff, 0xff, 0xf0, 0x0, 0x6f, 0xf9, 0x0,

    /* U+0039 "9" */
    0x0, 0x6f, 0xe4, 0x0, 0xf, 0xff, 0xfc, 0x0,
    0xfe, 0x46, 0xfc, 0xb, 0xe0, 0x1, 0xf4, 0x3f,
    0x0, 0x3, 0xf0, 0xf8, 0x0, 0xb, 0xc3, 0xe0,
    0x0, 0x1f, 0x4f, 0x80, 0x0, 0x7e, 0x3f, 0x0,
    0x2, 0xf8, 0xbd, 0x0, 0x1f, 0xf0, 0xfe, 0x1,
    0xff, 0xc1, 0xff, 0xff, 0x7f, 0x0, 0xbf, 0xf4,
    0xf8, 0x0, 0x0, 0x7, 0xe0, 0x0, 0x0, 0x2f,
    0x40, 0x0, 0x0, 0xfc, 0x0, 0x0, 0x7, 0xe0,
    0x10, 0x0, 0x7f, 0x0, 0xf9, 0x6f, 0xf0, 0x3,
    0xff, 0xff, 0x0, 0x6, 0xff, 0x90, 0x0,

    /* U+003A ":" */
    0x68, 0xbc, 0xbc, 0xbc, 0x0, 0x0, 0x0, 0x0,
    0x0, 0x0, 0x0, 0x68, 0xbc, 0xbc, 0xbc,

    /* U+003B ";" */
    0x2f, 0xb, 0xc2, 0xf0, 0x68, 0x0, 0x0, 0x0,
    0x0, 0x0, 0x0, 0x0, 0x0, 0x0, 0xbc, 0x2f,
    0xb, 0xc3, 0xe0, 0xf0, 0x78, 0x2c, 0x0,

    /* U+003C "<" */
    0x0, 0x0, 0x0, 0x0, 0x4, 0x0, 0x0, 0x0,
    0x7, 0xe0, 0x0, 0x0, 0x6, 0xff, 0x40, 0x0,
    0x6, 0xff, 0xe4, 0x0, 0x2, 0xff, 0xf4, 0x0,
    0x1, 0xff, 0xf4, 0x0, 0x1, 0xbf, 0xf8, 0x0,
    0x0, 0xf, 0xf9, 0x0, 0x0, 0x0, 0x3f, 0xe0,
    0x0, 0x0, 0x0, 0x7f, 0xfd, 0x0, 0x0, 0x0,
    0xb, 0xff, 0x90, 0x0, 0x0, 0x1, 0xbf, 0xf9,
    0x0, 0x0, 0x0, 0x1b, 0xff, 0x80, 0x0, 0x0,
    0x1, 0xff, 0xd0, 0x0, 0x0, 0x0, 0x2f, 0x80,
    0x0, 0x0, 0x0, 0x5,

    /* U+003D "=" */
    0x3f, 0xff, 0xff, 0xff, 0xf8, 0xff, 0xff, 0xff,
    0xff, 0xe1, 0x55, 0x55, 0x55, 0x55, 0x0, 0x0,
    0x0, 0x0, 0x0, 0x0, 0x0, 0x0, 0x0, 0x0,
    0x55, 0x55, 0x55, 0x55, 0x43, 0xff, 0xff, 0xff,
    0xff, 0x8f, 0xff, 0xff, 0xff, 0xfe,

    /* U+003E ">" */
    0x10, 0x0, 0x0, 0x0, 0x0, 0xf9, 0x0, 0x0,
    0x0, 0x3, 0xff, 0x80, 0x0, 0x0, 0x1, 0xff,
    0xf4, 0x0, 0x0, 0x0, 0x2f, 0xfe, 0x40, 0x0,
    0x0, 0x6, 0xff, 0xe0, 0x0, 0x0, 0x0, 0x7f,
    0xfd, 0x0, 0x0, 0x0, 0xb, 0xfe, 0x0, 0x0,
    0x0, 0x1b, 0xf8, 0x0, 0x0, 0x1b, 0xff, 0x80,
    0x0, 0xb, 0xff, 0x90, 0x0, 0x7, 0xff, 0xd0,
    0x0, 0x7, 0xff, 0xe0, 0x0, 0x0, 0xff, 0xe4,
    0x0, 0x0, 0x3, 0xf4, 0x0, 0x0, 0x0, 0x4,
    0x0, 0x0, 0x0, 0x0,

    /* U+003F "?" */
    0xb, 0xfe, 0x2, 0xff, 0xff, 0x4f, 0xd5, 0xbf,
    0x74, 0x0, 0x7e, 0x0, 0x0, 0xfc, 0x0, 0x3,
    0xf0, 0x0, 0x1f, 0x80, 0x0, 0xfc, 0x0, 0xf,
    0xc0, 0x0, 0xfc, 0x0, 0xf, 0xc0, 0x0, 0x7d,
    0x0, 0x2, 0xf0, 0x0, 0xb, 0xc0, 0x0, 0x2f,
    0x0, 0x0, 0x54, 0x0, 0x0, 0x0, 0x0, 0x6,
    0x80, 0x0, 0x2f, 0x0, 0x0, 0xbc, 0x0, 0x2,
    0xf0, 0x0,

    /* U+0040 "@" */
    0x0, 0x0, 0x0, 0x0, 0x0, 0x0, 0x0, 0x0,
    0x1, 0xbf, 0xf9, 0x0, 0x0, 0x0, 0x2, 0xff,
    0xff, 0xfd, 0x0, 0x0, 0x1, 0xfe, 0x40, 0xb,
    0xf8, 0x0, 0x0, 0x7e, 0x0, 0x0, 0x7, 0xf0,
    0x0, 0x1f, 0x80, 0x0, 0x0, 0xf, 0xc0, 0x3,
    0xd0, 0x0, 0x0, 0x0, 0x3d, 0x0, 0xb8, 0x0,
    0xbf, 0x81, 0x0, 0xf0, 0xf, 0x0, 0x3f, 0xff,
    0x7c, 0xb, 0x41, 0xe0, 0xb, 0xd0, 0x7f, 0xc0,
    0x78, 0x3c, 0x0, 0xf4, 0x0, 0xfc, 0x3, 0xc3,
    0xc0, 0x2f, 0x0, 0xb, 0xc0, 0x3c, 0x3c, 0x2,
    0xe0, 0x0, 0x7c, 0x3, 0xc3, 0xc0, 0x3d, 0x0,
    0x7, 0xc0, 0x3c, 0x3c, 0x2, 0xe0, 0x0, 0x7c,
    0x7, 0x83, 0xc0, 0x2f, 0x0, 0xb, 0xc0, 0xb4,
    0x3c, 0x0, 0xf0, 0x0, 0xfc, 0x1f, 0x2, 0xe0,
    0xf, 0xd0, 0x7f, 0xcb, 0xc0, 0xf, 0x0, 0x3f,
    0xff, 0x7f, 0xf0, 0x0, 0xb8, 0x0, 0xbf, 0x83,
    0xe4, 0x0, 0x3, 0xd0, 0x0, 0x0, 0x0, 0x0,
    0x0, 0x1f, 0x40, 0x0, 0x0, 0x0, 0x0, 0x0,
    0x7e, 0x0, 0x0, 0x7, 0x40, 0x0, 0x1, 0xfe,
    0x40, 0x1b, 0xf8, 0x0, 0x0, 0x2, 0xff, 0xff,
    0xf8, 0x0, 0x0, 0x0, 0x1, 0xbf, 0xf8, 0x0,
    0x0,

    /* U+0041 "A" */
    0x0, 0x0, 0xfd, 0x0, 0x0, 0x0, 0xb, 0xf8,
    0x0, 0x0, 0x0, 0x3f, 0xf0, 0x0, 0x0, 0x1,
    0xf7, 0xd0, 0x0, 0x0, 0xb, 0xcf, 0xc0, 0x0,
    0x0, 0x3e, 0x1f, 0x0, 0x0, 0x1, 0xf0, 0x3e,
    0x0, 0x0, 0xf, 0xc0, 0xbc, 0x0, 0x0, 0x3d,
    0x1, 0xf4, 0x0, 0x2, 0xf0, 0x3, 0xe0, 0x0,
    0xf, 0x80, 0xb, 0xc0, 0x0, 0x7d, 0x0, 0xf,
    0x40, 0x2, 0xf0, 0x0, 0x3f, 0x0, 0xf, 0xff,
    0xff, 0xfc, 0x0, 0x7f, 0xff, 0xff, 0xf8, 0x2,
    0xf5, 0x55, 0x57, 0xf0, 0xf, 0x80, 0x0, 0x7,
    0xd0, 0x7d, 0x0, 0x0, 0xf, 0x83, 0xf0, 0x0,
    0x0, 0x3f, 0xf, 0x80, 0x0, 0x0, 0x7d, 0xbd,
    0x0, 0x0, 0x0, 0xf8,

    /* U+0042 "B" */
    0x7f, 0xff, 0xf9, 0x0, 0x7f, 0xff, 0xff, 0x80,
    0x7e, 0x55, 0x6f, 0xe0, 0x7e, 0x0, 0x3, 0xf0,
    0x7e, 0x0, 0x2, 0xf4, 0x7e, 0x0, 0x1, 0xf4,
    0x7e, 0x0, 0x2, 0xf0, 0x7e, 0x0, 0x3, 0xf0,
    0x7e, 0x55, 0x6f, 0xd0, 0x7f, 0xff, 0xfe, 0x0,
    0x7f, 0xff, 0xff, 0x80, 0x7e, 0x0, 0x7, 0xf0,
    0x7e, 0x0, 0x1, 0xf8, 0x7e, 0x0, 0x0, 0xfc,
    0x7e, 0x0, 0x0, 0xbc, 0x7e, 0x0, 0x0, 0xbc,
    0x7e, 0x0, 0x0, 0xfc, 0x7e, 0x0, 0x2, 0xfc,
    0x7e, 0x55, 0x5f, 0xf0, 0x7f, 0xff, 0xff, 0xd0,
    0x7f, 0xff, 0xf9, 0x0,

    /* U+0043 "C" */
    0x0, 0x6, 0xff, 0xe4, 0x0, 0x7, 0xff, 0xff,
    0xf4, 0x1, 0xff, 0x95, 0xbf, 0xc0, 0x7f, 0x40,
    0x0, 0x2c, 0xf, 0xd0, 0x0, 0x0, 0x41, 0xf8,
    0x0, 0x0, 0x0, 0x3f, 0x0, 0x0, 0x0, 0x3,
    0xf0, 0x0, 0x0, 0x0, 0x7e, 0x0, 0x0, 0x0,
    0x7, 0xe0, 0x0, 0x0, 0x0, 0x7d, 0x0, 0x0,
    0x0, 0x7, 0xe0, 0x0, 0x0, 0x0, 0x7e, 0x0,
    0x0, 0x0, 0x3, 0xf0, 0x0, 0x0, 0x0, 0x3f,
    0x0, 0x0, 0x0, 0x1, 0xf8, 0x0, 0x0, 0x0,
    0xf, 0xd0, 0x0, 0x0, 0x40, 0x7f, 0x40, 0x0,
    0x2c, 0x1, 0xff, 0x95, 0xbf, 0xc0, 0x7, 0xff,
    0xff, 0xf4, 0x0, 0x6, 0xff, 0xe4, 0x0,

    /* U+0044 "D" */
    0x7f, 0xff, 0xf9, 0x0, 0x7, 0xff, 0xff, 0xfe,
    0x0, 0x7e, 0x55, 0x6f, 0xfc, 0x7, 0xe0, 0x0,
    0xf, 0xf0, 0x7e, 0x0, 0x0, 0x3f, 0x87, 0xe0,
    0x0, 0x0, 0xfc, 0x7e, 0x0, 0x0, 0xb, 0xd7,
    0xe0, 0x0, 0x0, 0x7e, 0x7e, 0x0, 0x0, 0x3,
    0xf7, 0xe0, 0x0, 0x0, 0x3f, 0x7e, 0x0, 0x0,
    0x3, 0xf7, 0xe0, 0x0, 0x0, 0x3f, 0x7e, 0x0,
    0x0, 0x3, 0xf7, 0xe0, 0x0, 0x0, 0x7e, 0x7e,
    0x0, 0x0, 0xb, 0xd7, 0xe0, 0x0, 0x0, 0xfc,
    0x7e, 0x0, 0x0, 0x3f, 0x87, 0xe0, 0x0, 0xf,
    0xf0, 0x7e, 0x55, 0x6f, 0xfc, 0x7, 0xff, 0xff,
    0xfe, 0x0, 0x7f, 0xff, 0xf9, 0x0, 0x0,

    /* U+0045 "E" */
    0x7f, 0xff, 0xff, 0xe7, 0xff, 0xff, 0xfe, 0x7e,
    0x55, 0x55, 0x47, 0xe0, 0x0, 0x0, 0x7e, 0x0,
    0x0, 0x7, 0xe0, 0x0, 0x0, 0x7e, 0x0, 0x0,
    0x7, 0xe0, 0x0, 0x0, 0x7e, 0x55, 0x55, 0x47,
    0xff, 0xff, 0xfc, 0x7f, 0xff, 0xff, 0xc7, 0xe0,
    0x0, 0x0, 0x7e, 0x0, 0x0, 0x7, 0xe0, 0x0,
    0x0, 0x7e, 0x0, 0x0, 0x7, 0xe0, 0x0, 0x0,
    0x7e, 0x0, 0x0, 0x7, 0xe0, 0x0, 0x0, 0x7e,
    0x55, 0x55, 0x57, 0xff, 0xff, 0xff, 0x7f, 0xff,
    0xff, 0xf0,

    /* U+0046 "F" */
    0x7f, 0xff, 0xff, 0x5f, 0xff, 0xff, 0xd7, 0xe5,
    0x55, 0x51, 0xf8, 0x0, 0x0, 0x7e, 0x0, 0x0,
    0x1f, 0x80, 0x0, 0x7, 0xe0, 0x0, 0x1, 0xf8,
    0x0, 0x0, 0x7e, 0x55, 0x54, 0x1f, 0xff, 0xff,
    0x87, 0xff, 0xff, 0xe1, 0xf8, 0x0, 0x0, 0x7e,
    0x0, 0x0, 0x1f, 0x80, 0x0, 0x7, 0xe0, 0x0,
    0x1, 0xf8, 0x0, 0x0, 0x7e, 0x0, 0x0, 0x1f,
    0x80, 0x0, 0x7, 0xe0, 0x0, 0x1, 0xf8, 0x0,
    0x0, 0x7e, 0x0, 0x0, 0x0,

    /* U+0047 "G" */
    0x0, 0x6, 0xff, 0xe4, 0x0, 0x0, 0xff, 0xff,
    0xfe, 0x0, 0x1f, 0xf9, 0x56, 0xff, 0x1, 0xfd,
    0x0, 0x0, 0x7c, 0xf, 0xd0, 0x0, 0x0, 0x10,
    0x7e, 0x0, 0x0, 0x0, 0x3, 0xf0, 0x0, 0x0,
    0x0, 0xf, 0xc0, 0x0, 0x0, 0x0, 0x7e, 0x0,
    0x0, 0x0, 0x1, 0xf8, 0x0, 0x5, 0x55, 0x47,
    0xd0, 0x0, 0x3f, 0xff, 0x5f, 0x80, 0x0, 0xff,
    0xfd, 0x7e, 0x0, 0x0, 0x1, 0xf4, 0xfc, 0x0,
    0x0, 0x7, 0xd3, 0xf0, 0x0, 0x0, 0x1f, 0x47,
    0xe0, 0x0, 0x0, 0x7d, 0xf, 0xd0, 0x0, 0x1,
    0xf4, 0x1f, 0xd0, 0x0, 0x7, 0xd0, 0x1f, 0xf9,
    0x56, 0xff, 0x40, 0x1f, 0xff, 0xff, 0xf0, 0x0,
    0x6, 0xff, 0xe4, 0x0,

    /* U+0048 "H" */
    0x7e, 0x0, 0x0, 0x1f, 0x5f, 0x80, 0x0, 0x7,
    0xd7, 0xe0, 0x0, 0x1, 0xf5, 0xf8, 0x0, 0x0,
    0x7d, 0x7e, 0x0, 0x0, 0x1f, 0x5f, 0x80, 0x0,
    0x7, 0xd7, 0xe0, 0x0, 0x1, 0xf5, 0xf8, 0x0,
    0x0, 0x7d, 0x7e, 0x55, 0x55, 0x6f, 0x5f, 0xff,
    0xff, 0xff, 0xd7, 0xff, 0xff, 0xff, 0xf5, 0xf8,
    0x0, 0x0, 0x7d, 0x7e, 0x0, 0x0, 0x1f, 0x5f,
    0x80, 0x0, 0x7, 0xd7, 0xe0, 0x0, 0x1, 0xf5,
    0xf8, 0x0, 0x0, 0x7d, 0x7e, 0x0, 0x0, 0x1f,
    0x5f, 0x80, 0x0, 0x7, 0xd7, 0xe0, 0x0, 0x1,
    0xf5, 0xf8, 0x0, 0x0, 0x7d, 0x7e, 0x0, 0x0,
    0x1f, 0x40,

    /* U+0049 "I" */
    0x7e, 0x7e, 0x7e, 0x7e, 0x7e, 0x7e, 0x7e, 0x7e,
    0x7e, 0x7e, 0x7e, 0x7e, 0x7e, 0x7e, 0x7e, 0x7e,
    0x7e, 0x7e, 0x7e, 0x7e, 0x7e,

    /* U+004A "J" */
    0x0, 0x7e, 0x0, 0x7e, 0x0, 0x7e, 0x0, 0x7e,
    0x0, 0x7e, 0x0, 0x7e, 0x0, 0x7e, 0x0, 0x7e,
    0x0, 0x7e, 0x0, 0x7e, 0x0, 0x7e, 0x0, 0x7e,
    0x0, 0x7e, 0x0, 0x7e, 0x0, 0x7e, 0x0, 0x7e,
    0x0, 0x7e, 0x0, 0x7e, 0x0, 0x7e, 0x0, 0x7e,
    0x0, 0x7d, 0x0, 0x7d, 0x0, 0xbd, 0x0, 0xfc,
    0x1b, 0xf8, 0x7f, 0xf0, 0x7f, 0x40,

    /* U+004B "K" */
    0x7e, 0x0, 0x0, 0xfe, 0x1f, 0x80, 0x0, 0xfe,
    0x7, 0xe0, 0x0, 0xfe, 0x1, 0xf8, 0x0, 0xfe,
    0x0, 0x7e, 0x0, 0xfe, 0x0, 0x1f, 0x80, 0xfe,
    0x0, 0x7, 0xe0, 0xfe, 0x0, 0x1, 0xf8, 0xfd,
    0x0, 0x0, 0x7e, 0xfd, 0x0, 0x0, 0x1f, 0xfd,
    0x0, 0x0, 0x7, 0xff, 0x80, 0x0, 0x1, 0xfb,
    0xf8, 0x0, 0x0, 0x7e, 0x3f, 0x80, 0x0, 0x1f,
    0x83, 0xf8, 0x0, 0x7, 0xe0, 0x3f, 0x80, 0x1,
    0xf8, 0x3, 0xf8, 0x0, 0x7e, 0x0, 0x3f, 0x80,
    0x1f, 0x80, 0x3, 0xf8, 0x7, 0xe0, 0x0, 0x3f,
    0x81, 0xf8, 0x0, 0x3, 0xf4, 0x7e, 0x0, 0x0,
    0x3f, 0x40,

    /* U+004C "L" */
    0x7e, 0x0, 0x0, 0x7, 0xe0, 0x0, 0x0, 0x7e,
    0x0, 0x0, 0x7, 0xe0, 0x0, 0x0, 0x7e, 0x0,
    0x0, 0x7, 0xe0, 0x0, 0x0, 0x7e, 0x0, 0x0,
    0x7, 0xe0, 0x0, 0x0, 0x7e, 0x0, 0x0, 0x7,
    0xe0, 0x0, 0x0, 0x7e, 0x0, 0x0, 0x7, 0xe0,
    0x0, 0x0, 0x7e, 0x0, 0x0, 0x7, 0xe0, 0x0,
    0x0, 0x7e, 0x0, 0x0, 0x7, 0xe0, 0x0, 0x0,
    0x7e, 0x0, 0x0, 0x7, 0xe0, 0x0, 0x0, 0x7e,
    0x55, 0x55, 0x47, 0xff, 0xff, 0xfd, 0x7f, 0xff,
    0xff, 0xd0,

    /* U+004D "M" */
    0x7f, 0xc0, 0x0, 0x3, 0xfd, 0x7f, 0xd0, 0x0,
    0x3, 0xfd, 0x7f, 0xf0, 0x0, 0xb, 0xfd, 0x7e,
    0xf0, 0x0, 0xf, 0xbd, 0x7d, 0xf8, 0x0, 0x1f,
    0x7d, 0x7d, 0xbc, 0x0, 0x2e, 0x7d, 0x7d, 0x3c,
    0x0, 0x3d, 0x7d, 0x7d, 0x3e, 0x0, 0x7c, 0x7d,
    0x7d, 0x1f, 0x0, 0xf8, 0x7d, 0x7d, 0xf, 0x40,
    0xf0, 0x7d, 0x7d, 0xb, 0x82, 0xf0, 0x7d, 0x7d,
    0x7, 0xc3, 0xd0, 0x7d, 0x7d, 0x3, 0xd7, 0xc0,
    0x7d, 0x7d, 0x2, 0xfb, 0x80, 0x7d, 0x7d, 0x0,
    0xff, 0x40, 0x7d, 0x7d, 0x0, 0xff, 0x0, 0x7d,
    0x7d, 0x0, 0x7e, 0x0, 0x7d, 0x7d, 0x0, 0x0,
    0x0, 0x7d, 0x7d, 0x0, 0x0, 0x0, 0x7d, 0x7d,
    0x0, 0x0, 0x0, 0x7d, 0x7d, 0x0, 0x0, 0x0,
    0x7d,

    /* U+004E "N" */
    0x7f, 0x80, 0x0, 0x1f, 0x1f, 0xf0, 0x0, 0x7,
    0xc7, 0xff, 0x0, 0x1, 0xf1, 0xff, 0xd0, 0x0,
    0x7c, 0x7e, 0xfc, 0x0, 0x1f, 0x1f, 0x6f, 0x40,
    0x7, 0xc7, 0xd3, 0xf0, 0x1, 0xf1, 0xf4, 0x7d,
    0x0, 0x7c, 0x7d, 0xf, 0xc0, 0x1f, 0x1f, 0x41,
    0xf4, 0x7, 0xc7, 0xd0, 0x3f, 0x1, 0xf1, 0xf4,
    0x7, 0xd0, 0x7c, 0x7d, 0x0, 0xfc, 0x1f, 0x1f,
    0x40, 0x1f, 0x47, 0xc7, 0xd0, 0x3, 0xf1, 0xf1,
    0xf4, 0x0, 0x7d, 0x7c, 0x7d, 0x0, 0xf, 0xef,
    0x1f, 0x40, 0x1, 0xff, 0xc7, 0xd0, 0x0, 0x3f,
    0xf1, 0xf4, 0x0, 0x7, 0xfc, 0x7d, 0x0, 0x0,
    0xff, 0x0,

    /* U+004F "O" */
    0x0, 0x6, 0xff, 0x90, 0x0, 0x0, 0x7f, 0xff,
    0xfd, 0x0, 0x1, 0xff, 0x55, 0xff, 0x40, 0x7,
    0xf4, 0x0, 0x1f, 0xd0, 0xf, 0xd0, 0x0, 0x7,
    0xf0, 0x1f, 0x80, 0x0, 0x2, 0xf8, 0x3f, 0x0,
    0x0, 0x0, 0xfc, 0x3f, 0x0, 0x0, 0x0, 0xfc,
    0x7e, 0x0, 0x0, 0x0, 0xbd, 0x7e, 0x0, 0x0,
    0x0, 0xbd, 0x7d, 0x0, 0x0, 0x0, 0x7d, 0x7e,
    0x0, 0x0, 0x0, 0xbd, 0x7e, 0x0, 0x0, 0x0,
    0xbd, 0x3f, 0x0, 0x0, 0x0, 0xfc, 0x3f, 0x0,
    0x0, 0x0, 0xfc, 0x1f, 0x80, 0x0, 0x2, 0xf8,
    0xf, 0xd0, 0x0, 0x3, 0xf0, 0x7, 0xf4, 0x0,
    0x1f, 0xd0, 0x1, 0xff, 0x55, 0xff, 0x40, 0x0,
    0x7f, 0xff, 0xfd, 0x0, 0x0, 0x6, 0xff, 0x90,
    0x0,

    /* U+0050 "P" */
    0x7f, 0xff, 0xe4, 0x7, 0xff, 0xff, 0xf0, 0x7e,
    0x55, 0xbf, 0xc7, 0xe0, 0x0, 0xfd, 0x7e, 0x0,
    0x7, 0xe7, 0xe0, 0x0, 0x3f, 0x7e, 0x0, 0x3,
    0xf7, 0xe0, 0x0, 0x3f, 0x7e, 0x0, 0xb, 0xe7,
    0xe0, 0x2, 0xfc, 0x7f, 0xff, 0xff, 0x47, 0xff,
    0xff, 0x80, 0x7e, 0x55, 0x0, 0x7, 0xe0, 0x0,
    0x0, 0x7e, 0x0, 0x0, 0x7, 0xe0, 0x0, 0x0,
    0x7e, 0x0, 0x0, 0x7, 0xe0, 0x0, 0x0, 0x7e,
    0x0, 0x0, 0x7, 0xe0, 0x0, 0x0, 0x7e, 0x0,
    0x0, 0x0,

    /* U+0051 "Q" */
    0x0, 0x6, 0xff, 0x90, 0x0, 0x0, 0x7f, 0xff,
    0xfd, 0x0, 0x1, 0xff, 0x55, 0xff, 0x40, 0x7,
    0xf4, 0x0, 0x1f, 0xd0, 0xf, 0xd0, 0x0, 0x7,
    0xf0, 0x1f, 0x80, 0x0, 0x2, 0xf4, 0x3f, 0x0,
    0x0, 0x0, 0xfc, 0x3f, 0x0, 0x0, 0x0, 0xfc,
    0x7e, 0x0, 0x0, 0x0, 0xbd, 0x7e, 0x0, 0x0,
    0x0, 0xbd, 0x7d, 0x0, 0x0, 0x0, 0x7d, 0x7e,
    0x0, 0x0, 0x0, 0xbd, 0x7e, 0x0, 0x0, 0x0,
    0xbd, 0x3f, 0x0, 0x0, 0x0, 0xfc, 0x3f, 0x0,
    0x0, 0x0, 0xfc, 0x1f, 0x80, 0x0, 0x2, 0xf8,
    0xf, 0xd0, 0x0, 0x3, 0xf0, 0x7, 0xf4, 0x0,
    0x1f, 0xe0, 0x1, 0xff, 0x55, 0xbf, 0x80, 0x0,
    0x7f, 0xff, 0xfe, 0x0, 0x0, 0x6, 0xff, 0xf4,
    0x0, 0x0, 0x0, 0x1, 0xfc, 0x0, 0x0, 0x0,
    0x0, 0xbe, 0x0, 0x0, 0x0, 0x0, 0x2f, 0x80,
    0x0, 0x0, 0x0, 0x6, 0x80,

    /* U+0052 "R" */
    0x7f, 0xff, 0xe4, 0x0, 0x1f, 0xff, 0xff, 0xc0,
    0x7, 0xe5, 0x5b, 0xfc, 0x1, 0xf8, 0x0, 0x3f,
    0x40, 0x7e, 0x0, 0x7, 0xf0, 0x1f, 0x80, 0x0,
    0xfc, 0x7, 0xe0, 0x0, 0x3f, 0x1, 0xf8, 0x0,
    0xf, 0x80, 0x7e, 0x0, 0xb, 0xd0, 0x1f, 0x80,
    0xb, 0xf0, 0x7, 0xff, 0xff, 0xe0, 0x1, 0xff,
    0xff, 0xf0, 0x0, 0x7e, 0x55, 0xbf, 0x0, 0x1f,
    0x80, 0x7, 0xf0, 0x7, 0xe0, 0x0, 0xbd, 0x1,
    0xf8, 0x0, 0xf, 0xc0, 0x7e, 0x0, 0x2, 0xf4,
    0x1f, 0x80, 0x0, 0x3f, 0x7, 0xe0, 0x0, 0xb,
    0xd1, 0xf8, 0x0, 0x0, 0xfc, 0x7e, 0x0, 0x0,
    0x2f, 0x40,

    /* U+0053 "S" */
    0x0, 0x6f, 0xfe, 0x40, 0x3, 0xff, 0xff, 0xf0,
    0xf, 0xf5, 0x5b, 0xf0, 0x2f, 0x40, 0x0, 0x20,
    0x3f, 0x0, 0x0, 0x0, 0x3e, 0x0, 0x0, 0x0,
    0x3f, 0x0, 0x0, 0x0, 0x3f, 0x40, 0x0, 0x0,
    0x1f, 0xf5, 0x0, 0x0, 0xb, 0xff, 0xf9, 0x0,
    0x0, 0xbf, 0xff, 0xc0, 0x0, 0x1, 0xbf, 0xf0,
    0x0, 0x0, 0x7, 0xf8, 0x0, 0x0, 0x0, 0xfc,
    0x0, 0x0, 0x0, 0xfc, 0x0, 0x0, 0x0, 0xbc,
    0x0, 0x0, 0x0, 0xfc, 0x34, 0x0, 0x2, 0xf8,
    0x3f, 0x95, 0x6f, 0xf0, 0x3f, 0xff, 0xff, 0xc0,
    0x1, 0xbf, 0xf9, 0x0,

    /* U+0054 "T" */
    0x3f, 0xff, 0xff, 0xff, 0xf0, 0xff, 0xff, 0xff,
    0xff, 0xc1, 0x55, 0x5f, 0xd5, 0x55, 0x0, 0x0,
    0x3f, 0x0, 0x0, 0x0, 0x0, 0xfc, 0x0, 0x0,
    0x0, 0x3, 0xf0, 0x0, 0x0, 0x0, 0xf, 0xc0,
    0x0, 0x0, 0x0, 0x3f, 0x0, 0x0, 0x0, 0x0,
    0xfc, 0x0, 0x0, 0x0, 0x3, 0xf0, 0x0, 0x0,
    0x0, 0xf, 0xc0, 0x0, 0x0, 0x0, 0x3f, 0x0,
    0x0, 0x0, 0x0, 0xfc, 0x0, 0x0, 0x0, 0x3,
    0xf0, 0x0, 0x0, 0x0, 0xf, 0xc0, 0x0, 0x0,
    0x0, 0x3f, 0x0, 0x0, 0x0, 0x0, 0xfc, 0x0,
    0x0, 0x0, 0x3, 0xf0, 0x0, 0x0, 0x0, 0xf,
    0xc0, 0x0, 0x0, 0x0, 0x3f, 0x0, 0x0, 0x0,
    0x0, 0xfc, 0x0, 0x0,

    /* U+0055 "U" */
    0xbc, 0x0, 0x0, 0x2f, 0x2f, 0x0, 0x0, 0xb,
    0xcb, 0xc0, 0x0, 0x2, 0xf2, 0xf0, 0x0, 0x0,
    0xbc, 0xbc, 0x0, 0x0, 0x2f, 0x2f, 0x0, 0x0,
    0xb, 0xcb, 0xc0, 0x0, 0x2, 0xf2, 0xf0, 0x0,
    0x0, 0xbc, 0xbc, 0x0, 0x0, 0x2f, 0x2f, 0x0,
    0x0, 0xb, 0xcb, 0xc0, 0x0, 0x2, 0xf2, 0xf0,
    0x0, 0x0, 0xbc, 0xbc, 0x0, 0x0, 0x2f, 0x2f,
    0x40, 0x0, 0xf, 0xc7, 0xd0, 0x0, 0x3, 0xf1,
    0xf8, 0x0, 0x0, 0xfc, 0x3f, 0x0, 0x0, 0x7e,
    0xb, 0xe0, 0x0, 0x3f, 0x0, 0xff, 0x95, 0xbf,
    0x40, 0xf, 0xff, 0xff, 0x40, 0x0, 0x6f, 0xfe,
    0x0, 0x0,

    /* U+0056 "V" */
    0xbd, 0x0, 0x0, 0x0, 0xf8, 0xf8, 0x0, 0x0,
    0xb, 0xd3, 0xf0, 0x0, 0x0, 0x3f, 0x7, 0xd0,
    0x0, 0x0, 0xf8, 0xf, 0xc0, 0x0, 0xb, 0xd0,
    0x2f, 0x0, 0x0, 0x3f, 0x0, 0x7d, 0x0, 0x1,
    0xf8, 0x0, 0xfc, 0x0, 0xb, 0xc0, 0x2, 0xf0,
    0x0, 0x3f, 0x0, 0x7, 0xe0, 0x1, 0xf4, 0x0,
    0xf, 0xc0, 0xf, 0xc0, 0x0, 0x2f, 0x40, 0x3e,
    0x0, 0x0, 0x3e, 0x2, 0xf4, 0x0, 0x0, 0xfc,
    0xf, 0xc0, 0x0, 0x1, 0xf4, 0x7e, 0x0, 0x0,
    0x3, 0xf2, 0xf0, 0x0, 0x0, 0xb, 0xcf, 0xc0,
    0x0, 0x0, 0x1f, 0xfd, 0x0, 0x0, 0x0, 0x3f,
    0xf0, 0x0, 0x0, 0x0, 0xbf, 0x80, 0x0, 0x0,
    0x0, 0xfd, 0x0, 0x0,

    /* U+0057 "W" */
    0x3f, 0x0, 0x0, 0xfe, 0x0, 0x0, 0xf8, 0xbc,
    0x0, 0x3, 0xfc, 0x0, 0x7, 0xd1, 0xf4, 0x0,
    0x1f, 0xf0, 0x0, 0x2f, 0x3, 0xe0, 0x0, 0xbb,
    0xc0, 0x0, 0xfc, 0xf, 0xc0, 0x3, 0xdb, 0x40,
    0x3, 0xe0, 0x2f, 0x0, 0xf, 0x1e, 0x0, 0x1f,
    0x40, 0x7d, 0x0, 0x7c, 0x7c, 0x0, 0xbc, 0x0,
    0xf8, 0x2, 0xe0, 0xf0, 0x3, 0xf0, 0x3, 0xf0,
    0xf, 0x43, 0xd0, 0xf, 0x80, 0xf, 0xc0, 0x3d,
    0xb, 0x80, 0x7d, 0x0, 0x2f, 0x40, 0xf0, 0x1f,
    0x2, 0xf0, 0x0, 0x7e, 0x7, 0xc0, 0x3c, 0xf,
    0xc0, 0x0, 0xf8, 0x2e, 0x0, 0xf4, 0x3e, 0x0,
    0x3, 0xf0, 0xf4, 0x2, 0xe1, 0xf4, 0x0, 0xb,
    0xc3, 0xc0, 0x7, 0xcb, 0xc0, 0x0, 0x1f, 0x5f,
    0x0, 0xf, 0x3f, 0x0, 0x0, 0x3e, 0xb8, 0x0,
    0x3d, 0xf8, 0x0, 0x0, 0xff, 0xd0, 0x0, 0xbf,
    0xd0, 0x0, 0x2, 0xff, 0x0, 0x1, 0xff, 0x0,
    0x0, 0x7, 0xfc, 0x0, 0x3, 0xfc, 0x0, 0x0,
    0xf, 0xe0, 0x0, 0xf, 0xf0, 0x0,

    /* U+0058 "X" */
    0xf, 0xc0, 0x0, 0x7, 0xe0, 0x1f, 0x80, 0x0,
    0x3f, 0x0, 0x2f, 0x40, 0x2, 0xf0, 0x0, 0x3f,
    0x0, 0x1f, 0x80, 0x0, 0x7e, 0x0, 0xfc, 0x0,
    0x0, 0xbd, 0xb, 0xd0, 0x0, 0x0, 0xfc, 0x7e,
    0x0, 0x0, 0x1, 0xfb, 0xf0, 0x0, 0x0, 0x2,
    0xff, 0x40, 0x0, 0x0, 0x3, 0xf8, 0x0, 0x0,
    0x0, 0x1f, 0xe0, 0x0, 0x0, 0x0, 0xff, 0xc0,
    0x0, 0x0, 0xb, 0xdf, 0xc0, 0x0, 0x0, 0x7e,
    0x1f, 0x80, 0x0, 0x3, 0xf0, 0x3f, 0x0, 0x0,
    0x2f, 0x40, 0x3f, 0x0, 0x0, 0xf8, 0x0, 0xbd,
    0x0, 0xf, 0xc0, 0x0, 0xfc, 0x0, 0xbd, 0x0,
    0x1, 0xf8, 0x3, 0xf0, 0x0, 0x2, 0xf4, 0x3f,
    0x0, 0x0, 0x3, 0xf0,

    /* U+0059 "Y" */
    0x2f, 0x0, 0x0, 0x3, 0xf0, 0x3f, 0x0, 0x0,
    0x3f, 0x0, 0x7e, 0x0, 0x1, 0xf8, 0x0, 0xfc,
    0x0, 0xf, 0xc0, 0x0, 0xfc, 0x0, 0xbc, 0x0,
    0x1, 0xf8, 0x7, 0xe0, 0x0, 0x3, 0xf0, 0x3f,
    0x0, 0x0, 0x3, 0xf2, 0xf0, 0x0, 0x0, 0x7,
    0xef, 0x80, 0x0, 0x0, 0xf, 0xfc, 0x0, 0x0,
    0x0, 0xf, 0xd0, 0x0, 0x0, 0x0, 0x3f, 0x0,
    0x0, 0x0, 0x0, 0xfc, 0x0, 0x0, 0x0, 0x3,
    0xf0, 0x0, 0x0, 0x0, 0xf, 0xc0, 0x0, 0x0,
    0x0, 0x3f, 0x0, 0x0, 0x0, 0x0, 0xfc, 0x0,
    0x0, 0x0, 0x3, 0xf0, 0x0, 0x0, 0x0, 0xf,
    0xc0, 0x0, 0x0, 0x0, 0x3f, 0x0, 0x0, 0x0,
    0x0, 0xfc, 0x0, 0x0,

    /* U+005A "Z" */
    0x7f, 0xff, 0xff, 0xff, 0x9f, 0xff, 0xff, 0xff,
    0xe1, 0x55, 0x55, 0x57, 0xf4, 0x0, 0x0, 0x2,
    0xf8, 0x0, 0x0, 0x2, 0xf8, 0x0, 0x0, 0x1,
    0xfc, 0x0, 0x0, 0x0, 0xfc, 0x0, 0x0, 0x0,
    0xfd, 0x0, 0x0, 0x0, 0xbe, 0x0, 0x0, 0x0,
    0x7f, 0x0, 0x0, 0x0, 0x3f, 0x0, 0x0, 0x0,
    0x3f, 0x40, 0x0, 0x0, 0x3f, 0x40, 0x0, 0x0,
    0x2f, 0x80, 0x0, 0x0, 0x1f, 0xc0, 0x0, 0x0,
    0xf, 0xc0, 0x0, 0x0, 0xf, 0xd0, 0x0, 0x0,
    0xb, 0xe0, 0x0, 0x0, 0x7, 0xf5, 0x55, 0x55,
    0x56, 0xff, 0xff, 0xff, 0xff, 0xbf, 0xff, 0xff,
    0xff, 0xc0,

    /* U+005B "[" */
    0xbf, 0xf2, 0xff, 0xcb, 0xc0, 0x2f, 0x0, 0xbc,
    0x2, 0xf0, 0xb, 0xc0, 0x2f, 0x0, 0xbc, 0x2,
    0xf0, 0xb, 0xc0, 0x2f, 0x0, 0xbc, 0x2, 0xf0,
    0xb, 0xc0, 0x2f, 0x0, 0xbc, 0x2, 0xf0, 0xb,
    0xc0, 0x2f, 0x0, 0xbc, 0x2, 0xf0, 0xb, 0xc0,
    0x2f, 0xfc, 0xbf, 0xf0,

    /* U+005C "\\" */
    0xf4, 0x0, 0xb, 0xc0, 0x0, 0x3c, 0x0, 0x3,
    0xd0, 0x0, 0x2e, 0x0, 0x1, 0xf0, 0x0, 0xf,
    0x40, 0x0, 0xb8, 0x0, 0x7, 0xc0, 0x0, 0x3c,
    0x0, 0x3, 0xe0, 0x0, 0x2f, 0x0, 0x0, 0xf0,
    0x0, 0xf, 0x40, 0x0, 0xb8, 0x0, 0x7, 0xc0,
    0x0, 0x3d, 0x0, 0x2, 0xe0, 0x0, 0x1f, 0x0,
    0x0, 0xf0, 0x0, 0xf, 0x80, 0x0, 0x7c, 0x0,
    0x3, 0xc0, 0x0, 0x18,

    /* U+005D "]" */
    0x7f, 0xf9, 0xff, 0xe0, 0xf, 0x80, 0x3e, 0x0,
    0xf8, 0x3, 0xe0, 0xf, 0x80, 0x3e, 0x0, 0xf8,
    0x3, 0xe0, 0xf, 0x80, 0x3e, 0x0, 0xf8, 0x3,
    0xe0, 0xf, 0x80, 0x3e, 0x0, 0xf8, 0x3, 0xe0,
    0xf, 0x80, 0x3e, 0x0, 0xf8, 0x3, 0xe0, 0xf,
    0x9f, 0xfe, 0x7f, 0xf8,

    /* U+005E "^" */
    0x0, 0x0, 0xfe, 0x0, 0x0, 0x0, 0xf, 0xfd,
    0x0, 0x0, 0x0, 0xfe, 0xfd, 0x0, 0x0, 0xf,
    0xd0, 0xfd, 0x0, 0x0, 0xfd, 0x0, 0xfd, 0x0,
    0xb, 0xd0, 0x0, 0xfc, 0x0, 0xbd, 0x0, 0x0,
    0xfc, 0xb, 0xd0, 0x0, 0x0, 0xbc,

    /* U+005F "_" */
    0x7f, 0xff, 0xff, 0xfd, 0x7f, 0xff, 0xff, 0xfd,

    /* U+0060 "`" */
    0x7d, 0x0, 0x7c, 0x0, 0x7c, 0x0, 0xb8, 0x0,
    0xb4,

    /* U+0061 "a" */
    0x1, 0xbf, 0xe4, 0x0, 0xff, 0xff, 0xe0, 0xe,
    0x51, 0x7f, 0x40, 0x0, 0x0, 0xbc, 0x0, 0x0,
    0x3, 0xd0, 0x0, 0x0, 0x3d, 0x1, 0xbf, 0xff,
    0xe0, 0xbf, 0xff, 0xfe, 0x2f, 0x90, 0x3, 0xe3,
    0xe0, 0x0, 0x3e, 0x7d, 0x0, 0x3, 0xe7, 0xd0,
    0x0, 0xbe, 0x3e, 0x0, 0x1f, 0xe3, 0xf9, 0x1b,
    0xfe, 0xf, 0xff, 0xf3, 0xe0, 0x2f, 0xf4, 0x3e,

    /* U+0062 "b" */
    0x7c, 0x0, 0x0, 0x1, 0xf0, 0x0, 0x0, 0x7,
    0xc0, 0x0, 0x0, 0x1f, 0x0, 0x0, 0x0, 0x7c,
    0x0, 0x0, 0x1, 0xf0, 0x0, 0x0, 0x7, 0xc1,
    0xff, 0x40, 0x1f, 0x3f, 0xff, 0x80, 0x7f, 0xe4,
    0x7f, 0x81, 0xfd, 0x0, 0x2f, 0x47, 0xf0, 0x0,
    0x3e, 0x1f, 0x40, 0x0, 0xbc, 0x7c, 0x0, 0x1,
    0xf1, 0xf0, 0x0, 0x7, 0xc7, 0xc0, 0x0, 0x1f,
    0x1f, 0x0, 0x0, 0x7c, 0x7d, 0x0, 0x2, 0xf1,
    0xfc, 0x0, 0xf, 0x87, 0xf4, 0x0, 0xbd, 0x1f,
    0xf9, 0x1f, 0xe0, 0x7c, 0xff, 0xff, 0x1, 0xf0,
    0x7f, 0xd0, 0x0,

    /* U+0063 "c" */
    0x0, 0x2f, 0xf9, 0x0, 0xbf, 0xff, 0xe0, 0xbf,
    0x51, 0x78, 0x7f, 0x0, 0x0, 0x3f, 0x0, 0x0,
    0xf, 0x80, 0x0, 0x7, 0xd0, 0x0, 0x1, 0xf0,
    0x0, 0x0, 0x7c, 0x0, 0x0, 0x1f, 0x40, 0x0,
    0x3, 0xe0, 0x0, 0x0, 0xfc, 0x0, 0x0, 0x1f,
    0x80, 0x0, 0x2, 0xfd, 0x5, 0xe0, 0x2f, 0xff,
    0xf8, 0x0, 0xbf, 0xe4,

    /* U+0064 "d" */
    0x0, 0x0, 0x1, 0xf0, 0x0, 0x0, 0x7, 0xc0,
    0x0, 0x0, 0x1f, 0x0, 0x0, 0x0, 0x7c, 0x0,
    0x0, 0x1, 0xf0, 0x0, 0x0, 0x7, 0xc0, 0xb,
    0xfd, 0x1f, 0x0, 0xff, 0xfe, 0x7c, 0xf, 0xe4,
    0x6f, 0xf0, 0x7d, 0x0, 0x2f, 0xc3, 0xf0, 0x0,
    0x3f, 0xf, 0x40, 0x0, 0xbc, 0x7d, 0x0, 0x1,
    0xf1, 0xf0, 0x0, 0x7, 0xc7, 0xc0, 0x0, 0x1f,
    0x1f, 0x40, 0x0, 0x7c, 0x3d, 0x0, 0x2, 0xf0,
    0xfc, 0x0, 0xf, 0xc2, 0xf4, 0x0, 0xbf, 0x3,
    0xf9, 0x1b, 0xfc, 0x3, 0xff, 0xf9, 0xf0, 0x2,
    0xff, 0x47, 0xc0,

    /* U+0065 "e" */
    0x0, 0x2f, 0xf8, 0x0, 0xb, 0xff, 0xfe, 0x0,
    0xbf, 0x51, 0xfd, 0x7, 0xd0, 0x0, 0xbc, 0x3e,
    0x0, 0x0, 0xf4, 0xf4, 0x0, 0x3, 0xe7, 0xff,
    0xff, 0xff, 0x9f, 0xff, 0xff, 0xfe, 0x7c, 0x0,
    0x0, 0x1, 0xf4, 0x0, 0x0, 0x3, 0xe0, 0x0,
    0x0, 0xf, 0xc0, 0x0, 0x0, 0x1f, 0xc0, 0x0,
    0x10, 0x2f, 0xe4, 0x1b, 0xc0, 0x2f, 0xff, 0xff,
    0x0, 0xb, 0xff, 0x90,

    /* U+0066 "f" */
    0x0, 0x2f, 0xf4, 0x3, 0xff, 0xd0, 0x2f, 0x40,
    0x0, 0xf8, 0x0, 0x3, 0xe0, 0x0, 0xf, 0x80,
    0x7, 0xff, 0xfe, 0x1f, 0xff, 0xf8, 0x3, 0xe0,
    0x0, 0xf, 0x80, 0x0, 0x3e, 0x0, 0x0, 0xf8,
    0x0, 0x3, 0xe0, 0x0, 0xf, 0x80, 0x0, 0x3e,
    0x0, 0x0, 0xf8, 0x0, 0x3, 0xe0, 0x0, 0xf,
    0x80, 0x0, 0x3e, 0x0, 0x0, 0xf8, 0x0, 0x3,
    0xe0, 0x0, 0xf, 0x80, 0x0,

    /* U+0067 "g" */
    0x0, 0xbf, 0xd1, 0xf0, 0xf, 0xff, 0xe7, 0xc0,
    0xfe, 0x46, 0xff, 0xb, 0xd0, 0x2, 0xfc, 0x3f,
    0x0, 0x3, 0xf0, 0xf4, 0x0, 0xb, 0xc7, 0xd0,
    0x0, 0x1f, 0x1f, 0x0, 0x0, 0x7c, 0x7c, 0x0,
    0x1, 0xf1, 0xf0, 0x0, 0x7, 0xc3, 0xd0, 0x0,
    0x2f, 0xf, 0xc0, 0x0, 0xfc, 0x2f, 0x40, 0xb,
    0xf0, 0x3f, 0x91, 0xbf, 0xc0, 0x3f, 0xff, 0x9f,
    0x0, 0x2f, 0xf4, 0x7c, 0x0, 0x0, 0x2, 0xf0,
    0x0, 0x0, 0xf, 0xc0, 0x0, 0x0, 0xbd, 0x2,
    0xd0, 0x1b, 0xf0, 0xb, 0xff, 0xff, 0x0, 0x6,
    0xff, 0x90, 0x0,

    /* U+0068 "h" */
    0x7c, 0x0, 0x0, 0x7, 0xc0, 0x0, 0x0, 0x7c,
    0x0, 0x0, 0x7, 0xc0, 0x0, 0x0, 0x7c, 0x0,
    0x0, 0x7, 0xc0, 0x0, 0x0, 0x7c, 0x1f, 0xf4,
    0x7, 0xcf, 0xff, 0xf0, 0x7e, 0xe5, 0x7f, 0x87,
    0xf4, 0x0, 0xfc, 0x7e, 0x0, 0x7, 0xc7, 0xd0,
    0x0, 0x3d, 0x7c, 0x0, 0x3, 0xd7, 0xc0, 0x0,
    0x3d, 0x7c, 0x0, 0x3, 0xd7, 0xc0, 0x0, 0x3d,
    0x7c, 0x0, 0x3, 0xd7, 0xc0, 0x0, 0x3d, 0x7c,
    0x0, 0x3, 0xd7, 0xc0, 0x0, 0x3d, 0x7c, 0x0,
    0x3, 0xd7, 0xc0, 0x0, 0x3d,

    /* U+0069 "i" */
    0x7c, 0x7c, 0x7c, 0x14, 0x0, 0x0, 0x7c, 0x7c,
    0x7c, 0x7c, 0x7c, 0x7c, 0x7c, 0x7c, 0x7c, 0x7c,
    0x7c, 0x7c, 0x7c, 0x7c, 0x7c, 0x7c,

    /* U+006A "j" */
    0x1, 0xf0, 0x7, 0xc0, 0x1f, 0x0, 0x14, 0x0,
    0x0, 0x0, 0x0, 0x1f, 0x0, 0x7c, 0x1, 0xf0,
    0x7, 0xc0, 0x1f, 0x0, 0x7c, 0x1, 0xf0, 0x7,
    0xc0, 0x1f, 0x0, 0x7c, 0x1, 0xf0, 0x7, 0xc0,
    0x1f, 0x0, 0x7c, 0x1, 0xf0, 0x7, 0xc0, 0x1f,
    0x0, 0x7c, 0x2, 0xf0, 0x1f, 0x8b, 0xfc, 0x2f,
    0x80,

    /* U+006B "k" */
    0x7c, 0x0, 0x0, 0x1, 0xf0, 0x0, 0x0, 0x7,
    0xc0, 0x0, 0x0, 0x1f, 0x0, 0x0, 0x0, 0x7c,
    0x0, 0x0, 0x1, 0xf0, 0x0, 0x0, 0x7, 0xc0,
    0x0, 0xfd, 0x1f, 0x0, 0xf, 0xc0, 0x7c, 0x0,
    0xfc, 0x1, 0xf0, 0x1f, 0xc0, 0x7, 0xc1, 0xfc,
    0x0, 0x1f, 0x1f, 0xc0, 0x0, 0x7e, 0xf8, 0x0,
    0x1, 0xff, 0xc0, 0x0, 0x7, 0xef, 0x80, 0x0,
    0x1f, 0x2f, 0x80, 0x0, 0x7c, 0x2f, 0x80, 0x1,
    0xf0, 0x2f, 0x80, 0x7, 0xc0, 0x2f, 0x80, 0x1f,
    0x0, 0x2f, 0x80, 0x7c, 0x0, 0x2f, 0x81, 0xf0,
    0x0, 0x2f, 0x80,

    /* U+006C "l" */
    0x7c, 0x7c, 0x7c, 0x7c, 0x7c, 0x7c, 0x7c, 0x7c,
    0x7c, 0x7c, 0x7c, 0x7c, 0x7c, 0x7c, 0x7c, 0x7c,
    0x7c, 0x7c, 0x7c, 0x7c, 0x7c, 0x7c,

    /* U+006D "m" */
    0x7c, 0x1f, 0xe4, 0x1, 0xfe, 0x41, 0xf3, 0xff,
    0xf4, 0x3f, 0xff, 0x47, 0xfe, 0x57, 0xf3, 0xe5,
    0xbf, 0x1f, 0xd0, 0x7, 0xfc, 0x0, 0x7d, 0x7e,
    0x0, 0xf, 0xe0, 0x0, 0xf9, 0xf4, 0x0, 0x2f,
    0x0, 0x2, 0xf7, 0xc0, 0x0, 0xbc, 0x0, 0xb,
    0xdf, 0x0, 0x2, 0xf0, 0x0, 0x2f, 0x7c, 0x0,
    0xb, 0xc0, 0x0, 0xbd, 0xf0, 0x0, 0x2f, 0x0,
    0x2, 0xf7, 0xc0, 0x0, 0xbc, 0x0, 0xb, 0xdf,
    0x0, 0x2, 0xf0, 0x0, 0x2f, 0x7c, 0x0, 0xb,
    0xc0, 0x0, 0xbd, 0xf0, 0x0, 0x2f, 0x0, 0x2,
    0xf7, 0xc0, 0x0, 0xbc, 0x0, 0xb, 0xdf, 0x0,
    0x2, 0xf0, 0x0, 0x2f,

    /* U+006E "n" */
    0x7c, 0x1f, 0xf4, 0x7, 0xcf, 0xff, 0xf0, 0x7e,
    0xe5, 0x7f, 0x87, 0xf4, 0x0, 0xfc, 0x7e, 0x0,
    0x7, 0xc7, 0xd0, 0x0, 0x3d, 0x7c, 0x0, 0x3,
    0xd7, 0xc0, 0x0, 0x3d, 0x7c, 0x0, 0x3, 0xd7,
    0xc0, 0x0, 0x3d, 0x7c, 0x0, 0x3, 0xd7, 0xc0,
    0x0, 0x3d, 0x7c, 0x0, 0x3, 0xd7, 0xc0, 0x0,
    0x3d, 0x7c, 0x0, 0x3, 0xd7, 0xc0, 0x0, 0x3d,

    /* U+006F "o" */
    0x0, 0x6f, 0xf4, 0x0, 0xf, 0xff, 0xfc, 0x0,
    0xff, 0x46, 0xfc, 0x7, 0xe0, 0x2, 0xf8, 0x3f,
    0x0, 0x3, 0xf0, 0xf8, 0x0, 0x7, 0xd7, 0xd0,
    0x0, 0xf, 0x5f, 0x0, 0x0, 0x3e, 0x7c, 0x0,
    0x0, 0xf9, 0xf4, 0x0, 0x3, 0xd3, 0xe0, 0x0,
    0x1f, 0x4f, 0xc0, 0x0, 0xfc, 0x1f, 0x80, 0x7,
    0xe0, 0x3f, 0x91, 0xbf, 0x0, 0x3f, 0xff, 0xf0,
    0x0, 0x1b, 0xfd, 0x0,

    /* U+0070 "p" */
    0x7c, 0x1f, 0xf4, 0x1, 0xf3, 0xff, 0xf8, 0x7,
    0xfe, 0x47, 0xf8, 0x1f, 0xd0, 0x2, 0xf4, 0x7f,
    0x0, 0x3, 0xe1, 0xf4, 0x0, 0xb, 0xc7, 0xc0,
    0x0, 0x1f, 0x1f, 0x0, 0x0, 0x7c, 0x7c, 0x0,
    0x1, 0xf1, 0xf0, 0x0, 0x7, 0xc7, 0xd0, 0x0,
    0x2f, 0x1f, 0xc0, 0x0, 0xf8, 0x7f, 0x40, 0xb,
    0xd1, 0xff, 0x91, 0xfe, 0x7, 0xcf, 0xff, 0xf0,
    0x1f, 0x7, 0xfd, 0x0, 0x7c, 0x0, 0x0, 0x1,
    0xf0, 0x0, 0x0, 0x7, 0xc0, 0x0, 0x0, 0x1f,
    0x0, 0x0, 0x0, 0x7c, 0x0, 0x0, 0x1, 0xf0,
    0x0, 0x0, 0x0,

    /* U+0071 "q" */
    0x0, 0xbf, 0xd1, 0xf0, 0xf, 0xff, 0xe7, 0xc0,
    0xfe, 0x46, 0xff, 0x7, 0xd0, 0x2, 0xfc, 0x3f,
    0x0, 0x3, 0xf0, 0xf4, 0x0, 0xb, 0xc7, 0xd0,
    0x0, 0x1f, 0x1f, 0x0, 0x0, 0x7c, 0x7c, 0x0,
    0x1, 0xf1, 0xf4, 0x0, 0x7, 0xc3, 0xd0, 0x0,
    0x2f, 0xf, 0xc0, 0x0, 0xfc, 0x2f, 0x40, 0xb,
    0xf0, 0x3f, 0x91, 0xbf, 0xc0, 0x3f, 0xff, 0x9f,
    0x0, 0x2f, 0xf4, 0x7c, 0x0, 0x0, 0x1, 0xf0,
    0x0, 0x0, 0x7, 0xc0, 0x0, 0x0, 0x1f, 0x0,
    0x0, 0x0, 0x7c, 0x0, 0x0, 0x1, 0xf0, 0x0,
    0x0, 0x7, 0xc0,

    /* U+0072 "r" */
    0x7c, 0x1f, 0xe7, 0xcf, 0xfe, 0x7f, 0xe5, 0x57,
    0xf4, 0x0, 0x7e, 0x0, 0x7, 0xd0, 0x0, 0x7c,
    0x0, 0x7, 0xc0, 0x0, 0x7c, 0x0, 0x7, 0xc0,
    0x0, 0x7c, 0x0, 0x7, 0xc0, 0x0, 0x7c, 0x0,
    0x7, 0xc0, 0x0, 0x7c, 0x0, 0x7, 0xc0, 0x0,

    /* U+0073 "s" */
    0x2, 0xff, 0xe4, 0x3, 0xff, 0xff, 0x43, 0xf9,
    0x6, 0xd1, 0xf4, 0x0, 0x0, 0x7c, 0x0, 0x0,
    0x1f, 0x80, 0x0, 0x3, 0xfe, 0x40, 0x0, 0x3f,
    0xff, 0x40, 0x1, 0xbf, 0xfc, 0x0, 0x0, 0x6f,
    0xc0, 0x0, 0x2, 0xf0, 0x0, 0x0, 0x7c, 0x0,
    0x0, 0x2f, 0x1f, 0x50, 0x6f, 0x87, 0xff, 0xff,
    0x80, 0x6f, 0xfe, 0x40,

    /* U+0074 "t" */
    0x7, 0xc0, 0x0, 0x1f, 0x0, 0x0, 0x7c, 0x0,
    0x1, 0xf0, 0x0, 0x7f, 0xff, 0xf5, 0xff, 0xff,
    0xd0, 0x7c, 0x0, 0x1, 0xf0, 0x0, 0x7, 0xc0,
    0x0, 0x1f, 0x0, 0x0, 0x7c, 0x0, 0x1, 0xf0,
    0x0, 0x7, 0xc0, 0x0, 0x1f, 0x0, 0x0, 0x7c,
    0x0, 0x1, 0xf0, 0x0, 0x7, 0xd0, 0x0, 0xf,
    0xd0, 0x0, 0x2f, 0xff, 0x40, 0x1f, 0xfd,

    /* U+0075 "u" */
    0xbc, 0x0, 0x7, 0xcb, 0xc0, 0x0, 0x7c, 0xbc,
    0x0, 0x7, 0xcb, 0xc0, 0x0, 0x7c, 0xbc, 0x0,
    0x7, 0xcb, 0xc0, 0x0, 0x7c, 0xbc, 0x0, 0x7,
    0xcb, 0xc0, 0x0, 0x7c, 0xbc, 0x0, 0x7, 0xcb,
    0xc0, 0x0, 0x7c, 0xbc, 0x0, 0xb, 0xc7, 0xc0,
    0x0, 0xfc, 0x3e, 0x0, 0x2f, 0xc3, 0xf9, 0x5f,
    0xbc, 0xf, 0xff, 0xe7, 0xc0, 0x2f, 0xe4, 0x7c,

    /* U+0076 "v" */
    0x3e, 0x0, 0x0, 0x3e, 0x2f, 0x0, 0x0, 0x7c,
    0x1f, 0x40, 0x0, 0xfc, 0xf, 0x80, 0x0, 0xf4,
    0xb, 0xc0, 0x2, 0xf0, 0x3, 0xd0, 0x3, 0xf0,
    0x3, 0xf0, 0x3, 0xd0, 0x1, 0xf0, 0xb, 0xc0,
    0x0, 0xf8, 0xf, 0x80, 0x0, 0xfc, 0x1f, 0x40,
    0x0, 0x7c, 0x2f, 0x0, 0x0, 0x3e, 0x3e, 0x0,
    0x0, 0x2f, 0x7d, 0x0, 0x0, 0x1f, 0xfc, 0x0,
    0x0, 0xf, 0xf8, 0x0, 0x0, 0xb, 0xf0, 0x0,

    /* U+0077 "w" */
    0xbc, 0x0, 0x3f, 0x0, 0xf, 0x9f, 0x0, 0x1f,
    0xd0, 0x3, 0xd3, 0xd0, 0xb, 0xf8, 0x1, 0xf0,
    0xf8, 0x3, 0xef, 0x0, 0xbc, 0x2f, 0x0, 0xf3,
    0xc0, 0x3e, 0x7, 0xc0, 0x7c, 0xf4, 0xf, 0x40,
    0xf4, 0x2e, 0x2e, 0x7, 0xc0, 0x3e, 0xf, 0x47,
    0xc2, 0xf0, 0xb, 0xc3, 0xc0, 0xf0, 0xf8, 0x1,
    0xf1, 0xf0, 0x3d, 0x3d, 0x0, 0x3d, 0xb8, 0xb,
    0x9f, 0x0, 0xf, 0xbd, 0x1, 0xfb, 0xc0, 0x2,
    0xff, 0x0, 0x3f, 0xe0, 0x0, 0x7f, 0xc0, 0xf,
    0xf4, 0x0, 0xf, 0xe0, 0x2, 0xfc, 0x0, 0x3,
    0xf4, 0x0, 0x7f, 0x0,

    /* U+0078 "x" */
    0x1f, 0x80, 0x0, 0xfc, 0xb, 0xd0, 0x2, 0xf4,
    0x3, 0xf0, 0x7, 0xe0, 0x0, 0xfc, 0xf, 0xc0,
    0x0, 0x7d, 0x3f, 0x0, 0x0, 0x3f, 0xbd, 0x0,
    0x0, 0xf, 0xf8, 0x0, 0x0, 0x7, 0xf0, 0x0,
    0x0, 0xf, 0xf4, 0x0, 0x0, 0x2f, 0xfc, 0x0,
    0x0, 0x7e, 0x3e, 0x0, 0x0, 0xfc, 0x2f, 0x40,
    0x2, 0xf4, 0xf, 0xc0, 0x7, 0xe0, 0x3, 0xf0,
    0xf, 0xc0, 0x1, 0xf8, 0x3f, 0x0, 0x0, 0xbd,

    /* U+0079 "y" */
    0x3e, 0x0, 0x0, 0x3e, 0x2f, 0x0, 0x0, 0xbc,
    0xf, 0x40, 0x0, 0xfc, 0xf, 0xc0, 0x1, 0xf4,
    0x7, 0xc0, 0x2, 0xf0, 0x3, 0xe0, 0x3, 0xe0,
    0x2, 0xf0, 0x7, 0xc0, 0x0, 0xf4, 0xf, 0xc0,
    0x0, 0xfc, 0xf, 0x40, 0x0, 0x7c, 0x2f, 0x0,
    0x0, 0x3e, 0x3e, 0x0, 0x0, 0x2f, 0x7d, 0x0,
    0x0, 0xf, 0xfc, 0x0, 0x0, 0xf, 0xf8, 0x0,
    0x0, 0x7, 0xf0, 0x0, 0x0, 0x3, 0xf0, 0x0,
    0x0, 0x7, 0xd0, 0x0, 0x0, 0xb, 0xc0, 0x0,
    0x0, 0xf, 0x80, 0x0, 0x0, 0x7f, 0x0, 0x0,
    0xf, 0xfd, 0x0, 0x0, 0xf, 0xf4, 0x0, 0x0,

    /* U+007A "z" */
    0x7f, 0xff, 0xff, 0x9f, 0xff, 0xff, 0xe0, 0x0,
    0x2, 0xf4, 0x0, 0x2, 0xf8, 0x0, 0x1, 0xf8,
    0x0, 0x0, 0xfc, 0x0, 0x0, 0xfc, 0x0, 0x0,
    0xfd, 0x0, 0x0, 0xbd, 0x0, 0x0, 0x7e, 0x0,
    0x0, 0x3f, 0x0, 0x0, 0x3f, 0x0, 0x0, 0x3f,
    0x0, 0x0, 0x2f, 0x40, 0x0, 0xf, 0xff, 0xff,
    0xfb, 0xff, 0xff, 0xfe,

    /* U+007B "{" */
    0x0, 0x6, 0xfd, 0x0, 0x1f, 0xfd, 0x0, 0x3f,
    0x40, 0x0, 0x3d, 0x0, 0x0, 0x3d, 0x0, 0x0,
    0x3d, 0x0, 0x0, 0x7d, 0x0, 0x0, 0x7d, 0x0,
    0x0, 0x7d, 0x0, 0x0, 0x7c, 0x0, 0x0, 0xbc,
    0x0, 0x1, 0xf8, 0x0, 0x7f, 0xe0, 0x0, 0xbf,
    0xe0, 0x0, 0x1, 0xf8, 0x0, 0x0, 0xbc, 0x0,
    0x0, 0x7c, 0x0, 0x0, 0x7d, 0x0, 0x0, 0x7d,
    0x0, 0x0, 0x7d, 0x0, 0x0, 0x7d, 0x0, 0x0,
    0x3d, 0x0, 0x0, 0x3d, 0x0, 0x0, 0x3f, 0x40,
    0x0, 0x1f, 0xfd, 0x0, 0x6, 0xfd,

    /* U+007C "|" */
    0x7d, 0xf7, 0xdf, 0x7d, 0xf7, 0xdf, 0x7d, 0xf7,
    0xdf, 0x7d, 0xf7, 0xdf, 0x7d, 0xf7, 0xdf, 0x7d,
    0xf7, 0xdf, 0x7d, 0xf7, 0xdf, 0x24,

    /* U+007D "}" */
    0xbf, 0x80, 0x0, 0xbf, 0xf4, 0x0, 0x1, 0xf8,
    0x0, 0x0, 0xbc, 0x0, 0x0, 0xbc, 0x0, 0x0,
    0x7c, 0x0, 0x0, 0x7c, 0x0, 0x0, 0x7c, 0x0,
    0x0, 0x7c, 0x0, 0x0, 0x7c, 0x0, 0x0, 0x7d,
    0x0, 0x0, 0x3f, 0x40, 0x0, 0xb, 0xfd, 0x0,
    0xb, 0xfd, 0x0, 0x3f, 0x40, 0x0, 0x7d, 0x0,
    0x0, 0x7c, 0x0, 0x0, 0x7c, 0x0, 0x0, 0x7c,
    0x0, 0x0, 0x7c, 0x0, 0x0, 0x7c, 0x0, 0x0,
    0xbc, 0x0, 0x0, 0xbc, 0x0, 0x1, 0xf8, 0x0,
    0xbf, 0xf4, 0x0, 0xbf, 0x80, 0x0,

    /* U+007E "~" */
    0x0, 0x4, 0x0, 0x0, 0x0, 0xb, 0xff, 0x40,
    0x0, 0xe2, 0xff, 0xff, 0xe5, 0x6f, 0x4f, 0x80,
    0x6f, 0xff, 0xf8, 0x30, 0x0, 0x6, 0xfe, 0x0,
    0x0, 0x0, 0x0, 0x0, 0x0,

    /* U+00A0 " " */

    /* U+00A1 "¡" */
    0xff, 0xff, 0xda, 0x0, 0x0, 0x2f, 0xbe, 0xfb,
    0xff, 0xff, 0xff, 0xff, 0xff, 0xff, 0xff, 0xfc,

    /* U+00A2 "¢" */
    0x0, 0x2, 0x80, 0x0, 0x0, 0xa0, 0x0, 0x0,
    0x28, 0x0, 0x0, 0xa, 0x0, 0x0, 0x6f, 0xfd,
    0x0, 0xbf, 0xff, 0xd0, 0xff, 0x78, 0x74, 0xbe,
    0xa, 0x0, 0x3f, 0x2, 0x80, 0x1f, 0x40, 0xa0,
    0xb, 0xc0, 0x28, 0x2, 0xf0, 0xa, 0x0, 0xbc,
    0x2, 0x80, 0x2f, 0x0, 0xa0, 0x7, 0xd0, 0x28,
    0x0, 0xf8, 0xa, 0x0, 0x2f, 0x42, 0x80, 0x3,
    0xf8, 0xa1, 0x90, 0x3f, 0xff, 0xf4, 0x1, 0xff,
    0xf8, 0x0, 0x3, 0x80, 0x0, 0x0, 0xa0, 0x0,
    0x0, 0x28, 0x0, 0x0, 0xa, 0x0, 0x0, 0x0,
    0x0, 0x0,

    /* U+00A3 "£" */
    0x0, 0x2, 0xff, 0x90, 0x0, 0x7f, 0xff, 0xc0,
    0x3, 0xf9, 0x1b, 0x0, 0x2f, 0x40, 0x0, 0x0,
    0xfc, 0x0, 0x0, 0x3, 0xf0, 0x0, 0x0, 0xf,
    0x80, 0x0, 0x0, 0x3e, 0x0, 0x0, 0x0, 0xf8,
    0x0, 0x0, 0x3, 0xe0, 0x0, 0x2, 0xff, 0xff,
    0xf0, 0xb, 0xff, 0xff, 0xc0, 0x0, 0xf8, 0x0,
    0x0, 0x3, 0xe0, 0x0, 0x0, 0xf, 0x80, 0x0,
    0x0, 0x3e, 0x0, 0x0, 0x0, 0xf8, 0x0, 0x0,
    0x3, 0xe0, 0x0, 0x1, 0x5f, 0xd5, 0x55, 0xf,
    0xff, 0xff, 0xfd, 0x3f, 0xff, 0xff, 0xf4,

    /* U+00A4 "¤" */
    0x10, 0x0, 0x0, 0x14, 0x7c, 0x0, 0x0, 0x7d,
    0x3f, 0x1f, 0xe5, 0xfc, 0xf, 0xff, 0xff, 0xf0,
    0x3, 0xf8, 0x6f, 0xc0, 0x7, 0xc0, 0x7, 0xc0,
    0xb, 0x80, 0x2, 0xe0, 0xf, 0x40, 0x1, 0xe0,
    0xf, 0x40, 0x1, 0xe0, 0xb, 0x80, 0x2, 0xe0,
    0x7, 0xc0, 0x7, 0xc0, 0x3, 0xf8, 0x6f, 0xc0,
    0xf, 0xff, 0xff, 0xf0, 0x3f, 0x1f, 0xe5, 0xfc,
    0x7c, 0x0, 0x0, 0x7c, 0x10, 0x0, 0x0, 0x14,

    /* U+00A5 "¥" */
    0xbc, 0x0, 0x0, 0x3d, 0x3e, 0x0, 0x0, 0xbc,
    0x2f, 0x0, 0x0, 0xf4, 0xf, 0x80, 0x3, 0xf0,
    0xb, 0xc0, 0x7, 0xd0, 0x3, 0xe0, 0xf, 0xc0,
    0x1, 0xf0, 0x1f, 0x40, 0x0, 0xf8, 0x3e, 0x0,
    0x2a, 0xfc, 0x7f, 0xa8, 0x3f, 0xfe, 0xff, 0xfc,
    0x0, 0x1f, 0xf0, 0x0, 0x0, 0xf, 0xe0, 0x0,
    0x0, 0x7, 0xd0, 0x0, 0x3f, 0xff, 0xff, 0xfc,
    0x2a, 0xaf, 0xfa, 0xa8, 0x0, 0x7, 0xd0, 0x0,
    0x0, 0x7, 0xd0, 0x0, 0x0, 0x7, 0xd0, 0x0,
    0x0, 0x7, 0xd0, 0x0, 0x0, 0x7, 0xd0, 0x0,
    0x0, 0x7, 0xd0, 0x0,

    /* U+00A6 "¦" */
    0x7d, 0xf7, 0xdf, 0x7d, 0xf7, 0xdf, 0x7d, 0xf6,
    0x80, 0x0, 0x2, 0x5f, 0x7d, 0xf7, 0xdf, 0x7d,
    0xf7, 0xdf, 0x7c,

    /* U+00A7 "§" */
    0x1, 0xff, 0x90, 0xf, 0xff, 0xf4, 0x2f, 0x80,
    0x64, 0x3f, 0x0, 0x0, 0x3f, 0x0, 0x0, 0x2f,
    0x40, 0x0, 0xf, 0xe0, 0x0, 0xb, 0xfd, 0x0,
    0x3f, 0x7f, 0xc0, 0x7c, 0xb, 0xf4, 0xb8, 0x0,
    0xfc, 0xb8, 0x0, 0x3e, 0x7d, 0x0, 0x2e, 0x3f,
    0x40, 0x2e, 0xf, 0xf0, 0x3c, 0x2, 0xfe, 0xf4,
    0x0, 0x2f, 0xd0, 0x0, 0x7, 0xf0, 0x0, 0x1,
    0xf8, 0x0, 0x0, 0xfc, 0x0, 0x0, 0xf8, 0x29,
    0x2, 0xf4, 0x2f, 0xff, 0xe0, 0x7, 0xff, 0x40,

    /* U+00A8 "¨" */
    0x3e, 0xb, 0xc3, 0xe0, 0xbc, 0x3e, 0xb, 0xc0,

    /* U+00A9 "©" */
    0x0, 0x0, 0x0, 0x0, 0x0, 0x0, 0x0, 0x1f,
    0xff, 0x40, 0x0, 0x0, 0x1f, 0x95, 0x6f, 0x40,
    0x0, 0xb, 0x80, 0x0, 0x2e, 0x0, 0x2, 0xd0,
    0x0, 0x0, 0x78, 0x0, 0x74, 0x7, 0xfe, 0x41,
    0xd0, 0xe, 0x3, 0xfe, 0xfc, 0xb, 0x1, 0xc0,
    0xf8, 0x0, 0x40, 0x34, 0x38, 0x2f, 0x0, 0x0,
    0x2, 0xc3, 0x43, 0xd0, 0x0, 0x0, 0x1c, 0x34,
    0x3c, 0x0, 0x0, 0x1, 0xc3, 0x43, 0xc0, 0x0,
    0x0, 0x1c, 0x34, 0x3d, 0x0, 0x0, 0x1, 0xc3,
    0x82, 0xf0, 0x0, 0x0, 0x2c, 0x2c, 0xf, 0x80,
    0x4, 0x3, 0x80, 0xd0, 0x3f, 0xef, 0xc0, 0x70,
    0xb, 0x0, 0x7f, 0xe4, 0xe, 0x0, 0x3c, 0x0,
    0x0, 0x3, 0xc0, 0x0, 0xf4, 0x0, 0x1, 0xf0,
    0x0, 0x2, 0xf9, 0x6, 0xf8, 0x0, 0x0, 0x2,
    0xff, 0xf8, 0x0, 0x0, 0x0, 0x0, 0x50, 0x0,
    0x0,

    /* U+00AA "ª" */
    0xb, 0xfe, 0x0, 0xbe, 0xbf, 0x1, 0x0, 0x2f,
    0x0, 0x0, 0x3c, 0x0, 0x0, 0xf0, 0x1b, 0xff,
    0xd2, 0xfa, 0xaf, 0x4f, 0x0, 0x3d, 0x78, 0x0,
    0xf5, 0xf0, 0xb, 0xd3, 0xfa, 0xff, 0x42, 0xfe,
    0x28, 0x0, 0x0, 0x0, 0xaa, 0xaa, 0x83, 0xff,
    0xff, 0x40,

    /* U+00AB "«" */
    0x0, 0x4, 0x0, 0x40, 0xe, 0x0, 0xe0, 0xf,
    0x80, 0xf4, 0xf, 0xc0, 0xfc, 0xf, 0x80, 0xf8,
    0x1f, 0x81, 0xf8, 0xf, 0x80, 0xf8, 0x1, 0xf4,
    0x2f, 0x40, 0x1f, 0x81, 0xf4, 0x1, 0xf8, 0x1f,
    0x80, 0x1f, 0x41, 0xf4, 0x0, 0xe0, 0xe, 0x0,
    0x4, 0x0, 0x40, 0x0, 0x0, 0x0,

    /* U+00AC "¬" */
    0x15, 0x55, 0x55, 0x55, 0x50, 0xff, 0xff, 0xff,
    0xff, 0xe3, 0xff, 0xff, 0xff, 0xff, 0x80, 0x0,
    0x0, 0x0, 0x3e, 0x0, 0x0, 0x0, 0x0, 0xf8,
    0x0, 0x0, 0x0, 0x3, 0xe0, 0x0, 0x0, 0x0,
    0xf, 0x80, 0x0, 0x0, 0x0, 0x3e, 0x0, 0x0,
    0x0, 0x0, 0x64,

    /* U+00AD "­" */
    0x15, 0x54, 0xbf, 0xfe, 0xbf, 0xfe,

    /* U+00AE "®" */
    0x0, 0x0, 0x0, 0x0, 0x0, 0x0, 0x0, 0x1f,
    0xff, 0x40, 0x0, 0x0, 0x1f, 0x95, 0x6f, 0x40,
    0x0, 0xb, 0x80, 0x0, 0x2e, 0x0, 0x2, 0xd0,
    0x0, 0x0, 0x78, 0x0, 0x74, 0x3f, 0xfe, 0x1,
    0xd0, 0xe, 0x3, 0xd5, 0xbc, 0xb, 0x1, 0xc0,
    0x3c, 0x3, 0xd0, 0x34, 0x38, 0x3, 0xc0, 0x2d,
    0x2, 0xc3, 0x40, 0x3c, 0x7, 0xc0, 0x1c, 0x34,
    0x3, 0xff, 0xe0, 0x1, 0xc3, 0x40, 0x3d, 0x7d,
    0x0, 0x1c, 0x34, 0x3, 0xc0, 0xf0, 0x1, 0xc3,
    0x80, 0x3c, 0xb, 0xc0, 0x2c, 0x2c, 0x3, 0xc0,
    0x3d, 0x3, 0x80, 0xd0, 0x3c, 0x1, 0xf0, 0x70,
    0xb, 0x1, 0x40, 0x5, 0xe, 0x0, 0x3c, 0x0,
    0x0, 0x3, 0xc0, 0x0, 0xf4, 0x0, 0x1, 0xf0,
    0x0, 0x2, 0xf9, 0x6, 0xf8, 0x0, 0x0, 0x2,
    0xff, 0xf8, 0x0, 0x0, 0x0, 0x0, 0x50, 0x0,
    0x0,

    /* U+00AF "¯" */
    0x0, 0x0, 0x3, 0xff, 0xfc, 0x3f, 0xff, 0xc0,

    /* U+00B0 "°" */
    0x2, 0xa4, 0x0, 0xff, 0xf0, 0x3e, 0xb, 0xc3,
    0x80, 0x2c, 0x74, 0x1, 0xd3, 0x80, 0x2c, 0x3d,
    0x7, 0xc1, 0xff, 0xf4, 0x6, 0xf8, 0x0,

    /* U+00B1 "±" */
    0x0, 0x0, 0x7c, 0x0, 0x0, 0x0, 0x1, 0xf0,
    0x0, 0x0, 0x0, 0x7, 0xc0, 0x0, 0x0, 0x0,
    0x1f, 0x0, 0x0, 0x0, 0x0, 0x7c, 0x0, 0x0,
    0x55, 0x56, 0xf5, 0x55, 0x43, 0xff, 0xff, 0xff,
    0xff, 0x8f, 0xff, 0xff, 0xff, 0xfe, 0x0, 0x0,
    0x7c, 0x0, 0x0, 0x0, 0x1, 0xf0, 0x0, 0x0,
    0x0, 0x7, 0xc0, 0x0, 0x0, 0x0, 0x1f, 0x0,
    0x0, 0x0, 0x0, 0x7c, 0x0, 0x0, 0x0, 0x0,
    0x0, 0x0, 0x0, 0x0, 0x0, 0x0, 0x0, 0x5,
    0x55, 0x55, 0x55, 0x54, 0x3f, 0xff, 0xff, 0xff,
    0xf8, 0xff, 0xff, 0xff, 0xff, 0xe0,

    /* U+00B2 "²" */
    0x2f, 0xf4, 0x2e, 0xaf, 0x80, 0x0, 0xf0, 0x0,
    0x2d, 0x0, 0xf, 0x0, 0xb, 0x40, 0xb, 0x80,
    0xb, 0xc0, 0xb, 0xc0, 0xb, 0x80, 0xb, 0xea,
    0xa6, 0xff, 0xfd,

    /* U+00B3 "³" */
    0x2f, 0xf8, 0x1e, 0xaf, 0xc0, 0x0, 0xf4, 0x0,
    0x2d, 0x0, 0x1f, 0x1, 0xff, 0x0, 0x16, 0xf0,
    0x0, 0x2e, 0x0, 0x7, 0xc0, 0x2, 0xeb, 0xab,
    0xf1, 0xbf, 0xe0,

    /* U+00B4 "´" */
    0x0, 0xa0, 0xf, 0xc0, 0x7c, 0x3, 0xc0, 0x3d,
    0x2, 0xe0, 0x0,

    /* U+00B5 "µ" */
    0xbc, 0x0, 0x7, 0xc0, 0xbc, 0x0, 0x7, 0xc0,
    0xbc, 0x0, 0x7, 0xc0, 0xbc, 0x0, 0x7, 0xc0,
    0xbc, 0x0, 0x7, 0xc0, 0xbc, 0x0, 0x7, 0xc0,
    0xbc, 0x0, 0x7, 0xc0, 0xbc, 0x0, 0x7, 0xc0,
    0xbc, 0x0, 0x7, 0xc0, 0xbc, 0x0, 0x7, 0xc0,
    0xbc, 0x0, 0x7, 0xc0, 0xbc, 0x0, 0xb, 0xc0,
    0xbe, 0x0, 0x1f, 0xc0, 0xbf, 0xd5, 0xbf, 0xe4,
    0xbe, 0xff, 0xf7, 0xfc, 0xbc, 0x7f, 0x81, 0xf8,
    0xbc, 0x0, 0x0, 0x0, 0xbc, 0x0, 0x0, 0x0,
    0xbc, 0x0, 0x0, 0x0, 0xbc, 0x0, 0x0, 0x0,
    0xbc, 0x0, 0x0, 0x0, 0xbc, 0x0, 0x0, 0x0,

    /* U+00B6 "¶" */
    0x1, 0xbf, 0xff, 0xc3, 0xff, 0xfa, 0xf3, 0xff,
    0xf4, 0x3d, 0xff, 0xfd, 0xf, 0xbf, 0xff, 0x43,
    0xff, 0xff, 0xd0, 0xff, 0xff, 0xf4, 0x3e, 0xff,
    0xfd, 0xf, 0x7f, 0xff, 0x43, 0xcb, 0xff, 0xd0,
    0xf0, 0xbf, 0xf4, 0x3c, 0x2, 0xbd, 0xf, 0x0,
    0xb, 0x43, 0xc0, 0x2, 0xd0, 0xf0, 0x0, 0xb4,
    0x3c, 0x0, 0x2d, 0xf, 0x0, 0xb, 0x43, 0xc0,
    0x2, 0xd0, 0xf0, 0x0, 0xb4, 0x3c, 0x0, 0x2d,
    0xf, 0x0, 0xb, 0x43, 0xc0, 0x2, 0xd0, 0xf0,
    0x0, 0xb4, 0x3c, 0x0, 0x18, 0xa,

    /* U+00B7 "·" */
    0xa7, 0xff, 0xff,

    /* U+00B8 "¸" */
    0x0, 0x80, 0x3, 0xc0, 0x7, 0x40, 0x1e, 0x3f,
    0xf4, 0xff, 0x40,

    /* U+00B9 "¹" */
    0x2b, 0xf0, 0xf, 0xfc, 0x0, 0xf, 0x0, 0x3,
    0xc0, 0x0, 0xf0, 0x0, 0x3c, 0x0, 0xf, 0x0,
    0x3, 0xc0, 0x0, 0xf0, 0x0, 0x3c, 0x1, 0xaf,
    0xa4, 0xff, 0xfe,

    /* U+00BA "º" */
    0x2, 0xfe, 0x0, 0x3f, 0xaf, 0x43, 0xe0, 0x1f,
    0x1f, 0x0, 0x3d, 0xb8, 0x0, 0x7a, 0xe0, 0x1,
    0xfb, 0x80, 0x7, 0xee, 0x0, 0x1e, 0x7c, 0x0,
    0xf4, 0xf8, 0x7, 0xc0, 0xfe, 0xfd, 0x0, 0xbf,
    0x80, 0x0, 0x0, 0x0, 0xaa, 0xaa, 0x83, 0xff,
    0xff, 0x40,

    /* U+00BB "»" */
    0x0, 0x0, 0x0, 0x1c, 0x1, 0xc0, 0x7, 0xc0,
    0x7c, 0x0, 0xbd, 0xb, 0xc0, 0xb, 0xd0, 0xbd,
    0x0, 0xbd, 0xb, 0xd0, 0xb, 0xc0, 0xbc, 0x7,
    0xe0, 0x7e, 0x7, 0xe0, 0x7e, 0x7, 0xe0, 0x7d,
    0x7, 0xd0, 0x7d, 0x1, 0xd0, 0x1d, 0x0, 0x50,
    0x4, 0x0, 0x0, 0x0, 0x0, 0x0,

    /* U+00BC "¼" */
    0x1, 0x50, 0x0, 0x0, 0x9, 0x0, 0x3, 0xff,
    0x0, 0x0, 0x2, 0xd0, 0x0, 0x25, 0xf0, 0x0,
    0x0, 0x7c, 0x0, 0x0, 0xf, 0x0, 0x0, 0xf,
    0x40, 0x0, 0x0, 0xf0, 0x0, 0x2, 0xe0, 0x0,
    0x0, 0xf, 0x0, 0x0, 0x3c, 0x0, 0x0, 0x0,
    0xf0, 0x0, 0xb, 0x40, 0x0, 0x0, 0xf, 0x0,
    0x1, 0xf0, 0x0, 0x0, 0x0, 0xf0, 0x0, 0x3d,
    0x0, 0x0, 0x0, 0xf, 0x0, 0x7, 0x80, 0x0,
    0x0, 0x0, 0xf0, 0x0, 0xf0, 0x0, 0x7d, 0x3,
    0xff, 0xf8, 0x2e, 0x0, 0xf, 0xd0, 0x1a, 0xaa,
    0x47, 0xc0, 0x2, 0xed, 0x0, 0x0, 0x0, 0xf4,
    0x0, 0x72, 0xd0, 0x0, 0x0, 0x1e, 0x0, 0xd,
    0x2d, 0x0, 0x0, 0x3, 0xc0, 0x3, 0x82, 0xd0,
    0x0, 0x0, 0xb8, 0x0, 0xb0, 0x2d, 0x0, 0x0,
    0xf, 0x0, 0xe, 0xab, 0xe8, 0x0, 0x3, 0xd0,
    0x0, 0xff, 0xff, 0xc0, 0x0, 0x7c, 0x0, 0x0,
    0x2, 0xd0, 0x0, 0xf, 0x0, 0x0, 0x0, 0x2d,
    0x0, 0x2, 0xe0, 0x0, 0x0, 0x1, 0x80,

    /* U+00BD "½" */
    0x2b, 0xf0, 0x0, 0x0, 0x1e, 0x0, 0xf, 0xbc,
    0x0, 0x0, 0xf, 0x0, 0x0, 0xf, 0x0, 0x0,
    0xb, 0x80, 0x0, 0x3, 0xc0, 0x0, 0x3, 0xc0,
    0x0, 0x0, 0xf0, 0x0, 0x3, 0xd0, 0x0, 0x0,
    0x3c, 0x0, 0x1, 0xf0, 0x0, 0x0, 0xf, 0x0,
    0x0, 0xf0, 0x0, 0x0, 0x3, 0xc0, 0x0, 0xb8,
    0x0, 0x0, 0x0, 0xf0, 0x0, 0x3c, 0x0, 0x0,
    0x0, 0x3c, 0x0, 0x3d, 0x1b, 0xfd, 0x3, 0xff,
    0xf8, 0x1f, 0xb, 0xab, 0xe0, 0x6a, 0xa9, 0xf,
    0x0, 0x0, 0x3c, 0x0, 0x0, 0xb, 0x80, 0x0,
    0xf, 0x0, 0x0, 0x3, 0xc0, 0x0, 0x3, 0xc0,
    0x0, 0x3, 0xd0, 0x0, 0x3, 0xd0, 0x0, 0x1,
    0xf0, 0x0, 0x2, 0xe0, 0x0, 0x0, 0xf0, 0x0,
    0x2, 0xe0, 0x0, 0x0, 0xb8, 0x0, 0x2, 0xe0,
    0x0, 0x0, 0x3c, 0x0, 0x2, 0xe0, 0x0, 0x0,
    0x2d, 0x0, 0x2, 0xfa, 0xa8, 0x0, 0x1f, 0x0,
    0x0, 0xff, 0xff, 0x40, 0x6, 0x0, 0x0, 0x0,
    0x0, 0x0,

    /* U+00BE "¾" */
    0x5, 0x50, 0x0, 0x0, 0x9, 0x0, 0x7, 0xff,
    0xe0, 0x0, 0x3, 0xd0, 0x0, 0x10, 0x1f, 0x40,
    0x0, 0x7c, 0x0, 0x0, 0x0, 0xb4, 0x0, 0xf,
    0x0, 0x0, 0x0, 0xf, 0x40, 0x2, 0xe0, 0x0,
    0x0, 0x2b, 0xd0, 0x0, 0x3c, 0x0, 0x0, 0x7,
    0xfd, 0x0, 0xb, 0x40, 0x0, 0x0, 0x1, 0xf4,
    0x1, 0xf0, 0x0, 0x0, 0x0, 0x7, 0x80, 0x3d,
    0x0, 0x0, 0x0, 0x0, 0x78, 0xb, 0x80, 0x0,
    0x0, 0x50, 0x1f, 0x40, 0xf0, 0x0, 0x3d, 0xb,
    0xff, 0xe0, 0x2e, 0x0, 0xf, 0xd0, 0x5, 0x50,
    0x7, 0xc0, 0x2, 0xed, 0x0, 0x0, 0x0, 0xf4,
    0x0, 0x72, 0xd0, 0x0, 0x0, 0x1e, 0x0, 0xd,
    0x2d, 0x0, 0x0, 0x3, 0xc0, 0x3, 0x82, 0xd0,
    0x0, 0x0, 0xb8, 0x0, 0xb0, 0x2d, 0x0, 0x0,
    0xf, 0x0, 0xe, 0xab, 0xe8, 0x0, 0x3, 0xd0,
    0x0, 0xff, 0xff, 0xc0, 0x0, 0x7c, 0x0, 0x0,
    0x2, 0xd0, 0x0, 0xf, 0x0, 0x0, 0x0, 0x2d,
    0x0, 0x2, 0xe0, 0x0, 0x0, 0x1, 0x80,

    /* U+00BF "¿" */
    0x0, 0x1f, 0x80, 0x0, 0x1f, 0x80, 0x0, 0x1f,
    0x80, 0x0, 0xa, 0x40, 0x0, 0x0, 0x0, 0x0,
    0x5, 0x0, 0x0, 0xf, 0x40, 0x0, 0xf, 0x40,
    0x0, 0xf, 0x40, 0x0, 0x1f, 0x40, 0x0, 0x3f,
    0x0, 0x0, 0xfd, 0x0, 0x3, 0xf8, 0x0, 0xb,
    0xe0, 0x0, 0x1f, 0x80, 0x0, 0x3f, 0x0, 0x0,
    0x3f, 0x0, 0x0, 0x3f, 0x0, 0x0, 0x3f, 0x40,
    0x7, 0x1f, 0xe5, 0xbf, 0xb, 0xff, 0xfe, 0x1,
    0xbf, 0xe0,

    /* U+00C0 "À" */
    0x0, 0x6, 0x40, 0x0, 0x0, 0x0, 0xf, 0x80,
    0x0, 0x0, 0x0, 0xf, 0x40, 0x0, 0x0, 0x0,
    0xf, 0x0, 0x0, 0x0, 0x0, 0x0, 0x0, 0x0,
    0x0, 0x0, 0x0, 0x0, 0x0, 0x0, 0xf, 0xd0,
    0x0, 0x0, 0x0, 0xbf, 0x80, 0x0, 0x0, 0x3,
    0xff, 0x0, 0x0, 0x0, 0x1f, 0x7d, 0x0, 0x0,
    0x0, 0xbc, 0xfc, 0x0, 0x0, 0x3, 0xe1, 0xf0,
    0x0, 0x0, 0x1f, 0x3, 0xe0, 0x0, 0x0, 0xfc,
    0xb, 0xc0, 0x0, 0x3, 0xd0, 0x1f, 0x40, 0x0,
    0x2f, 0x0, 0x3e, 0x0, 0x0, 0xf8, 0x0, 0xbc,
    0x0, 0x7, 0xd0, 0x0, 0xf4, 0x0, 0x2f, 0x0,
    0x3, 0xf0, 0x0, 0xff, 0xff, 0xff, 0xc0, 0x7,
    0xff, 0xff, 0xff, 0x80, 0x2f, 0x55, 0x55, 0x7f,
    0x0, 0xf8, 0x0, 0x0, 0x7d, 0x7, 0xd0, 0x0,
    0x0, 0xf8, 0x3f, 0x0, 0x0, 0x3, 0xf0, 0xf8,
    0x0, 0x0, 0x7, 0xdb, 0xd0, 0x0, 0x0, 0xf,
    0x80,

    /* U+00C1 "Á" */
    0x0, 0x0, 0x6, 0x40, 0x0, 0x0, 0x0, 0x7c,
    0x0, 0x0, 0x0, 0x3, 0xc0, 0x0, 0x0, 0x0,
    0x3c, 0x0, 0x0, 0x0, 0x0, 0x0, 0x0, 0x0,
    0x0, 0x0, 0x0, 0x0, 0x0, 0x0, 0xf, 0xd0,
    0x0, 0x0, 0x0, 0xbf, 0x80, 0x0, 0x0, 0x3,
    0xff, 0x0, 0x0, 0x0, 0x1f, 0x7d, 0x0, 0x0,
    0x0, 0xbc, 0xfc, 0x0, 0x0, 0x3, 0xe1, 0xf0,
    0x0, 0x0, 0x1f, 0x3, 0xe0, 0x0, 0x0, 0xfc,
    0xb, 0xc0, 0x0, 0x3, 0xd0, 0x1f, 0x40, 0x0,
    0x2f, 0x0, 0x3e, 0x0, 0x0, 0xf8, 0x0, 0xbc,
    0x0, 0x7, 0xd0, 0x0, 0xf4, 0x0, 0x2f, 0x0,
    0x3, 0xf0, 0x0, 0xff, 0xff, 0xff, 0xc0, 0x7,
    0xff, 0xff, 0xff, 0x80, 0x2f, 0x55, 0x55, 0x7f,
    0x0, 0xf8, 0x0, 0x0, 0x7d, 0x7, 0xd0, 0x0,
    0x0, 0xf8, 0x3f, 0x0, 0x0, 0x3, 0xf0, 0xf8,
    0x0, 0x0, 0x7, 0xdb, 0xd0, 0x0, 0x0, 0xf,
    0x80,

    /* U+00C2 "Â" */
    0x0, 0x0, 0x64, 0x0, 0x0, 0x0, 0xb, 0xf8,
    0x0, 0x0, 0x0, 0x78, 0xb8, 0x0, 0x0, 0x3,
    0x80, 0xb4, 0x0, 0x0, 0x0, 0x0, 0x0, 0x0,
    0x0, 0x0, 0x0, 0x0, 0x0, 0x0, 0xf, 0xd0,
    0x0, 0x0, 0x0, 0xbf, 0x80, 0x0, 0x0, 0x3,
    0xff, 0x0, 0x0, 0x0, 0x1f, 0x7d, 0x0, 0x0,
    0x0, 0xbc, 0xfc, 0x0, 0x0, 0x3, 0xe1, 0xf0,
    0x0, 0x0, 0x1f, 0x3, 0xe0, 0x0, 0x0, 0xfc,
    0xb, 0xc0, 0x0, 0x3, 0xd0, 0x1f, 0x40, 0x0,
    0x2f, 0x0, 0x3e, 0x0, 0x0, 0xf8, 0x0, 0xbc,
    0x0, 0x7, 0xd0, 0x0, 0xf4, 0x0, 0x2f, 0x0,
    0x3, 0xf0, 0x0, 0xff, 0xff, 0xff, 0xc0, 0x7,
    0xff, 0xff, 0xff, 0x80, 0x2f, 0x55, 0x55, 0x7f,
    0x0, 0xf8, 0x0, 0x0, 0x7d, 0x7, 0xd0, 0x0,
    0x0, 0xf8, 0x3f, 0x0, 0x0, 0x3, 0xf0, 0xf8,
    0x0, 0x0, 0x7, 0xdb, 0xd0, 0x0, 0x0, 0xf,
    0x80,

    /* U+00C3 "Ã" */
    0x0, 0xb, 0xe0, 0xf0, 0x0, 0x0, 0xbb, 0xff,
    0x80, 0x0, 0x2, 0x80, 0xa4, 0x0, 0x0, 0x0,
    0x0, 0x0, 0x0, 0x0, 0x0, 0x0, 0x0, 0x0,
    0x0, 0x3, 0xf4, 0x0, 0x0, 0x0, 0x2f, 0xe0,
    0x0, 0x0, 0x0, 0xff, 0xc0, 0x0, 0x0, 0x7,
    0xdf, 0x40, 0x0, 0x0, 0x2f, 0x3f, 0x0, 0x0,
    0x0, 0xf8, 0x7c, 0x0, 0x0, 0x7, 0xc0, 0xf8,
    0x0, 0x0, 0x3f, 0x2, 0xf0, 0x0, 0x0, 0xf4,
    0x7, 0xd0, 0x0, 0xb, 0xc0, 0xf, 0x80, 0x0,
    0x3e, 0x0, 0x2f, 0x0, 0x1, 0xf4, 0x0, 0x3d,
    0x0, 0xb, 0xc0, 0x0, 0xfc, 0x0, 0x3f, 0xff,
    0xff, 0xf0, 0x1, 0xff, 0xff, 0xff, 0xe0, 0xb,
    0xd5, 0x55, 0x5f, 0xc0, 0x3e, 0x0, 0x0, 0x1f,
    0x41, 0xf4, 0x0, 0x0, 0x3e, 0xf, 0xc0, 0x0,
    0x0, 0xfc, 0x3e, 0x0, 0x0, 0x1, 0xf6, 0xf4,
    0x0, 0x0, 0x3, 0xe0,

    /* U+00C4 "Ä" */
    0x0, 0x1f, 0x43, 0xe0, 0x0, 0x0, 0x7d, 0xf,
    0x80, 0x0, 0x1, 0xf0, 0x3e, 0x0, 0x0, 0x0,
    0x0, 0x0, 0x0, 0x0, 0x0, 0x0, 0x0, 0x0,
    0x0, 0x3, 0xf4, 0x0, 0x0, 0x0, 0x2f, 0xe0,
    0x0, 0x0, 0x0, 0xff, 0xc0, 0x0, 0x0, 0x7,
    0xdf, 0x40, 0x0, 0x0, 0x2f, 0x3f, 0x0, 0x0,
    0x0, 0xf8, 0x7c, 0x0, 0x0, 0x7, 0xc0, 0xf8,
    0x0, 0x0, 0x3f, 0x2, 0xf0, 0x0, 0x0, 0xf4,
    0x7, 0xd0, 0x0, 0xb, 0xc0, 0xf, 0x80, 0x0,
    0x3e, 0x0, 0x2f, 0x0, 0x1, 0xf4, 0x0, 0x3d,
    0x0, 0xb, 0xc0, 0x0, 0xfc, 0x0, 0x3f, 0xff,
    0xff, 0xf0, 0x1, 0xff, 0xff, 0xff, 0xe0, 0xb,
    0xd5, 0x55, 0x5f, 0xc0, 0x3e, 0x0, 0x0, 0x1f,
    0x41, 0xf4, 0x0, 0x0, 0x3e, 0xf, 0xc0, 0x0,
    0x0, 0xfc, 0x3e, 0x0, 0x0, 0x1, 0xf6, 0xf4,
    0x0, 0x0, 0x3, 0xe0,

    /* U+00C5 "Å" */
    0x0, 0x0, 0xa8, 0x0, 0x0, 0x0, 0xf, 0xfd,
    0x0, 0x0, 0x0, 0xf4, 0x7c, 0x0, 0x0, 0x3,
    0x80, 0x74, 0x0, 0x0, 0xe, 0x1, 0xd0, 0x0,
    0x0, 0x3d, 0x1f, 0x0, 0x0, 0x0, 0x7f, 0xf8,
    0x0, 0x0, 0x0, 0xbf, 0xc0, 0x0, 0x0, 0x3,
    0xff, 0x0, 0x0, 0x0, 0x1f, 0x7d, 0x0, 0x0,
    0x0, 0xbc, 0xfc, 0x0, 0x0, 0x3, 0xe1, 0xf0,
    0x0, 0x0, 0x1f, 0x3, 0xe0, 0x0, 0x0, 0xfc,
    0xb, 0xc0, 0x0, 0x3, 0xd0, 0x1f, 0x40, 0x0,
    0x2f, 0x0, 0x3e, 0x0, 0x0, 0xfc, 0x0, 0xbc,
    0x0, 0x7, 0xd0, 0x0, 0xf4, 0x0, 0x2f, 0x0,
    0x3, 0xf0, 0x0, 0xff, 0xff, 0xff, 0xc0, 0x7,
    0xff, 0xff, 0xff, 0x80, 0x2f, 0x55, 0x55, 0x7f,
    0x0, 0xf8, 0x0, 0x0, 0x7d, 0x7, 0xd0, 0x0,
    0x0, 0xf8, 0x3f, 0x0, 0x0, 0x3, 0xf0, 0xf8,
    0x0, 0x0, 0x7, 0xdb, 0xd0, 0x0, 0x0, 0xf,
    0x80,

    /* U+00C6 "Æ" */
    0x0, 0x0, 0xbf, 0xff, 0xff, 0xff, 0xc0, 0x0,
    0xf, 0xff, 0xff, 0xff, 0xfc, 0x0, 0x1, 0xf9,
    0xfd, 0x55, 0x55, 0x40, 0x0, 0x3f, 0xb, 0xc0,
    0x0, 0x0, 0x0, 0x3, 0xe0, 0xbc, 0x0, 0x0,
    0x0, 0x0, 0xbc, 0xb, 0xc0, 0x0, 0x0, 0x0,
    0xf, 0xc0, 0xbc, 0x0, 0x0, 0x0, 0x1, 0xf4,
    0xb, 0xc0, 0x0, 0x0, 0x0, 0x3f, 0x0, 0xbd,
    0x55, 0x55, 0x40, 0x3, 0xe0, 0xb, 0xff, 0xff,
    0xfc, 0x0, 0xbc, 0x0, 0xbf, 0xff, 0xff, 0xc0,
    0xf, 0x80, 0xb, 0xc0, 0x0, 0x0, 0x1, 0xf4,
    0x0, 0xbc, 0x0, 0x0, 0x0, 0x3f, 0xff, 0xff,
    0xc0, 0x0, 0x0, 0x3, 0xff, 0xff, 0xfc, 0x0,
    0x0, 0x0, 0xbd, 0x55, 0x5f, 0xc0, 0x0, 0x0,
    0xf, 0x80, 0x0, 0xbc, 0x0, 0x0, 0x1, 0xf4,
    0x0, 0xb, 0xc0, 0x0, 0x0, 0x3f, 0x0, 0x0,
    0xbd, 0x55, 0x55, 0x47, 0xd0, 0x0, 0xb, 0xff,
    0xff, 0xfd, 0xbc, 0x0, 0x0, 0xbf, 0xff, 0xff,
    0xd0,

    /* U+00C7 "Ç" */
    0x0, 0x6, 0xff, 0xe4, 0x0, 0x7, 0xff, 0xff,
    0xf4, 0x1, 0xff, 0x95, 0xbf, 0xc0, 0x7f, 0x40,
    0x0, 0x2c, 0xf, 0xd0, 0x0, 0x0, 0x41, 0xf8,
    0x0, 0x0, 0x0, 0x3f, 0x0, 0x0, 0x0, 0x3,
    0xf0, 0x0, 0x0, 0x0, 0x7e, 0x0, 0x0, 0x0,
    0x7, 0xe0, 0x0, 0x0, 0x0, 0x7d, 0x0, 0x0,
    0x0, 0x7, 0xe0, 0x0, 0x0, 0x0, 0x7e, 0x0,
    0x0, 0x0, 0x3, 0xf0, 0x0, 0x0, 0x0, 0x3f,
    0x0, 0x0, 0x0, 0x1, 0xf8, 0x0, 0x0, 0x0,
    0xf, 0xd0, 0x0, 0x0, 0x40, 0x7f, 0x40, 0x0,
    0x2c, 0x1, 0xff, 0x95, 0xbf, 0xc0, 0x7, 0xff,
    0xff, 0xf4, 0x0, 0x6, 0xff, 0xe4, 0x0, 0x0,
    0x0, 0xf0, 0x0, 0x0, 0x0, 0x7, 0x40, 0x0,
    0x0, 0x0, 0x38, 0x0, 0x0, 0x0, 0x7, 0x80,
    0x0, 0x0, 0x3f, 0xf4, 0x0, 0x0, 0x2, 0xfd,
    0x0, 0x0,

    /* U+00C8 "È" */
    0x0, 0x64, 0x0, 0x0, 0x7, 0xc0, 0x0, 0x0,
    0x1f, 0x0, 0x0, 0x0, 0x78, 0x0, 0x0, 0x0,
    0x0, 0x0, 0x0, 0x0, 0x0, 0x7f, 0xff, 0xff,
    0xe7, 0xff, 0xff, 0xfe, 0x7e, 0x55, 0x55, 0x47,
    0xe0, 0x0, 0x0, 0x7e, 0x0, 0x0, 0x7, 0xe0,
    0x0, 0x0, 0x7e, 0x0, 0x0, 0x7, 0xe0, 0x0,
    0x0, 0x7e, 0x55, 0x55, 0x47, 0xff, 0xff, 0xfc,
    0x7f, 0xff, 0xff, 0xc7, 0xe0, 0x0, 0x0, 0x7e,
    0x0, 0x0, 0x7, 0xe0, 0x0, 0x0, 0x7e, 0x0,
    0x0, 0x7, 0xe0, 0x0, 0x0, 0x7e, 0x0, 0x0,
    0x7, 0xe0, 0x0, 0x0, 0x7e, 0x55, 0x55, 0x57,
    0xff, 0xff, 0xff, 0x7f, 0xff, 0xff, 0xf0,

    /* U+00C9 "É" */
    0x0, 0x0, 0x90, 0x0, 0x0, 0x3e, 0x0, 0x0,
    0xb, 0x80, 0x0, 0x1, 0xe0, 0x0, 0x0, 0x0,
    0x0, 0x0, 0x0, 0x0, 0x0, 0x7f, 0xff, 0xff,
    0xe7, 0xff, 0xff, 0xfe, 0x7e, 0x55, 0x55, 0x47,
    0xe0, 0x0, 0x0, 0x7e, 0x0, 0x0, 0x7, 0xe0,
    0x0, 0x0, 0x7e, 0x0, 0x0, 0x7, 0xe0, 0x0,
    0x0, 0x7e, 0x55, 0x55, 0x47, 0xff, 0xff, 0xfc,
    0x7f, 0xff, 0xff, 0xc7, 0xe0, 0x0, 0x0, 0x7e,
    0x0, 0x0, 0x7, 0xe0, 0x0, 0x0, 0x7e, 0x0,
    0x0, 0x7, 0xe0, 0x0, 0x0, 0x7e, 0x0, 0x0,
    0x7, 0xe0, 0x0, 0x0, 0x7e, 0x55, 0x55, 0x57,
    0xff, 0xff, 0xff, 0x7f, 0xff, 0xff, 0xf0,

    /* U+00CA "Ê" */
    0x0, 0xa, 0x40, 0x0, 0x3, 0xfd, 0x0, 0x0,
    0xf4, 0xf0, 0x0, 0x2d, 0x3, 0xc0, 0x0, 0x0,
    0x0, 0x0, 0x0, 0x0, 0x0, 0x7f, 0xff, 0xff,
    0xe7, 0xff, 0xff, 0xfe, 0x7e, 0x55, 0x55, 0x47,
    0xe0, 0x0, 0x0, 0x7e, 0x0, 0x0, 0x7, 0xe0,
    0x0, 0x0, 0x7e, 0x0, 0x0, 0x7, 0xe0, 0x0,
    0x0, 0x7e, 0x55, 0x55, 0x47, 0xff, 0xff, 0xfc,
    0x7f, 0xff, 0xff, 0xc7, 0xe0, 0x0, 0x0, 0x7e,
    0x0, 0x0, 0x7, 0xe0, 0x0, 0x0, 0x7e, 0x0,
    0x0, 0x7, 0xe0, 0x0, 0x0, 0x7e, 0x0, 0x0,
    0x7, 0xe0, 0x0, 0x0, 0x7e, 0x55, 0x55, 0x57,
    0xff, 0xff, 0xff, 0x7f, 0xff, 0xff, 0xf0,

    /* U+00CB "Ë" */
    0x3, 0xf0, 0xbc, 0x0, 0x3f, 0xb, 0xc0, 0x3,
    0xe0, 0x7c, 0x0, 0x0, 0x0, 0x0, 0x0, 0x0,
    0x0, 0x7, 0xff, 0xff, 0xfe, 0x7f, 0xff, 0xff,
    0xe7, 0xe5, 0x55, 0x54, 0x7e, 0x0, 0x0, 0x7,
    0xe0, 0x0, 0x0, 0x7e, 0x0, 0x0, 0x7, 0xe0,
    0x0, 0x0, 0x7e, 0x0, 0x0, 0x7, 0xe5, 0x55,
    0x54, 0x7f, 0xff, 0xff, 0xc7, 0xff, 0xff, 0xfc,
    0x7e, 0x0, 0x0, 0x7, 0xe0, 0x0, 0x0, 0x7e,
    0x0, 0x0, 0x7, 0xe0, 0x0, 0x0, 0x7e, 0x0,
    0x0, 0x7, 0xe0, 0x0, 0x0, 0x7e, 0x0, 0x0,
    0x7, 0xe5, 0x55, 0x55, 0x7f, 0xff, 0xff, 0xf7,
    0xff, 0xff, 0xff,

    /* U+00CC "Ì" */
    0x19, 0x0, 0x7c, 0x0, 0x7c, 0x0, 0x78, 0x0,
    0x0, 0x0, 0x0, 0x7e, 0x1, 0xf8, 0x7, 0xe0,
    0x1f, 0x80, 0x7e, 0x1, 0xf8, 0x7, 0xe0, 0x1f,
    0x80, 0x7e, 0x1, 0xf8, 0x7, 0xe0, 0x1f, 0x80,
    0x7e, 0x1, 0xf8, 0x7, 0xe0, 0x1f, 0x80, 0x7e,
    0x1, 0xf8, 0x7, 0xe0, 0x1f, 0x80, 0x7e, 0x0,

    /* U+00CD "Í" */
    0x2, 0x40, 0xf8, 0x2e, 0x7, 0x80, 0x0, 0x0,
    0x0, 0x7e, 0x7, 0xe0, 0x7e, 0x7, 0xe0, 0x7e,
    0x7, 0xe0, 0x7e, 0x7, 0xe0, 0x7e, 0x7, 0xe0,
    0x7e, 0x7, 0xe0, 0x7e, 0x7, 0xe0, 0x7e, 0x7,
    0xe0, 0x7e, 0x7, 0xe0, 0x7e, 0x7, 0xe0, 0x7e,
    0x0,

    /* U+00CE "Î" */
    0x0, 0xa4, 0x0, 0x3f, 0xd0, 0xf, 0x4f, 0x2,
    0xd0, 0x3c, 0x0, 0x0, 0x0, 0x0, 0x0, 0x1,
    0xf8, 0x0, 0x1f, 0x80, 0x1, 0xf8, 0x0, 0x1f,
    0x80, 0x1, 0xf8, 0x0, 0x1f, 0x80, 0x1, 0xf8,
    0x0, 0x1f, 0x80, 0x1, 0xf8, 0x0, 0x1f, 0x80,
    0x1, 0xf8, 0x0, 0x1f, 0x80, 0x1, 0xf8, 0x0,
    0x1f, 0x80, 0x1, 0xf8, 0x0, 0x1f, 0x80, 0x1,
    0xf8, 0x0, 0x1f, 0x80, 0x1, 0xf8, 0x0, 0x1f,
    0x80, 0x1, 0xf8, 0x0,

    /* U+00CF "Ï" */
    0xfc, 0x2f, 0x3f, 0xb, 0xcf, 0x81, 0xf0, 0x0,
    0x0, 0x0, 0x0, 0x1, 0xf8, 0x0, 0x7e, 0x0,
    0x1f, 0x80, 0x7, 0xe0, 0x1, 0xf8, 0x0, 0x7e,
    0x0, 0x1f, 0x80, 0x7, 0xe0, 0x1, 0xf8, 0x0,
    0x7e, 0x0, 0x1f, 0x80, 0x7, 0xe0, 0x1, 0xf8,
    0x0, 0x7e, 0x0, 0x1f, 0x80, 0x7, 0xe0, 0x1,
    0xf8, 0x0, 0x7e, 0x0, 0x1f, 0x80, 0x7, 0xe0,
    0x1, 0xf8, 0x0,

    /* U+00D0 "Ð" */
    0x3, 0xff, 0xff, 0x90, 0x0, 0x0, 0xff, 0xff,
    0xff, 0x80, 0x0, 0x3f, 0x55, 0x6f, 0xfc, 0x0,
    0xf, 0x80, 0x0, 0x3f, 0xc0, 0x3, 0xe0, 0x0,
    0x2, 0xf8, 0x0, 0xf8, 0x0, 0x0, 0x3f, 0x0,
    0x3e, 0x0, 0x0, 0xb, 0xe0, 0xf, 0x80, 0x0,
    0x0, 0xfc, 0x3, 0xe0, 0x0, 0x0, 0x3f, 0x3f,
    0xff, 0xfd, 0x0, 0xf, 0xcf, 0xff, 0xff, 0x40,
    0x3, 0xf0, 0xf, 0x80, 0x0, 0x0, 0xfc, 0x3,
    0xe0, 0x0, 0x0, 0x3f, 0x0, 0xf8, 0x0, 0x0,
    0xf, 0xc0, 0x3e, 0x0, 0x0, 0xb, 0xe0, 0xf,
    0x80, 0x0, 0x3, 0xf0, 0x3, 0xe0, 0x0, 0x2,
    0xf8, 0x0, 0xf8, 0x0, 0x3, 0xfc, 0x0, 0x3f,
    0x55, 0x6f, 0xfc, 0x0, 0xf, 0xff, 0xff, 0xf8,
    0x0, 0x3, 0xff, 0xff, 0x90, 0x0, 0x0,

    /* U+00D1 "Ñ" */
    0x0, 0x3f, 0x83, 0xc0, 0x0, 0x3e, 0xff, 0xe0,
    0x0, 0x9, 0x6, 0x90, 0x0, 0x0, 0x0, 0x0,
    0x0, 0x0, 0x0, 0x0, 0x0, 0x1f, 0xe0, 0x0,
    0x7, 0xc7, 0xfc, 0x0, 0x1, 0xf1, 0xff, 0xc0,
    0x0, 0x7c, 0x7f, 0xf4, 0x0, 0x1f, 0x1f, 0xbf,
    0x0, 0x7, 0xc7, 0xdb, 0xd0, 0x1, 0xf1, 0xf4,
    0xfc, 0x0, 0x7c, 0x7d, 0x1f, 0x40, 0x1f, 0x1f,
    0x43, 0xf0, 0x7, 0xc7, 0xd0, 0x7d, 0x1, 0xf1,
    0xf4, 0xf, 0xc0, 0x7c, 0x7d, 0x1, 0xf4, 0x1f,
    0x1f, 0x40, 0x3f, 0x7, 0xc7, 0xd0, 0x7, 0xd1,
    0xf1, 0xf4, 0x0, 0xfc, 0x7c, 0x7d, 0x0, 0x1f,
    0x5f, 0x1f, 0x40, 0x3, 0xfb, 0xc7, 0xd0, 0x0,
    0x7f, 0xf1, 0xf4, 0x0, 0xf, 0xfc, 0x7d, 0x0,
    0x1, 0xff, 0x1f, 0x40, 0x0, 0x3f, 0xc0,

    /* U+00D2 "Ò" */
    0x0, 0x3, 0xe0, 0x0, 0x0, 0x0, 0x0, 0xf4,
    0x0, 0x0, 0x0, 0x0, 0x7c, 0x0, 0x0, 0x0,
    0x0, 0x2e, 0x0, 0x0, 0x0, 0x0, 0x0, 0x0,
    0x0, 0x0, 0x0, 0x0, 0x0, 0x0, 0x0, 0x6,
    0xff, 0x90, 0x0, 0x0, 0x7f, 0xff, 0xfd, 0x0,
    0x1, 0xff, 0x55, 0xff, 0x40, 0x7, 0xf4, 0x0,
    0x1f, 0xd0, 0xf, 0xd0, 0x0, 0x7, 0xf0, 0x1f,
    0x80, 0x0, 0x2, 0xf8, 0x3f, 0x0, 0x0, 0x0,
    0xfc, 0x3f, 0x0, 0x0, 0x0, 0xfc, 0x7e, 0x0,
    0x0, 0x0, 0xbd, 0x7e, 0x0, 0x0, 0x0, 0xbd,
    0x7d, 0x0, 0x0, 0x0, 0x7d, 0x7e, 0x0, 0x0,
    0x0, 0xbd, 0x7e, 0x0, 0x0, 0x0, 0xbd, 0x3f,
    0x0, 0x0, 0x0, 0xfc, 0x3f, 0x0, 0x0, 0x0,
    0xfc, 0x1f, 0x80, 0x0, 0x2, 0xf8, 0xf, 0xd0,
    0x0, 0x3, 0xf0, 0x7, 0xf4, 0x0, 0x1f, 0xd0,
    0x1, 0xff, 0x55, 0xff, 0x40, 0x0, 0x7f, 0xff,
    0xfd, 0x0, 0x0, 0x6, 0xff, 0x90, 0x0,

    /* U+00D3 "Ó" */
    0x0, 0x0, 0xb, 0xc0, 0x0, 0x0, 0x0, 0xf,
    0x0, 0x0, 0x0, 0x0, 0x3d, 0x0, 0x0, 0x0,
    0x0, 0xb8, 0x0, 0x0, 0x0, 0x0, 0x0, 0x0,
    0x0, 0x0, 0x0, 0x0, 0x0, 0x0, 0x0, 0x6,
    0xff, 0x90, 0x0, 0x0, 0x7f, 0xff, 0xfd, 0x0,
    0x1, 0xff, 0x55, 0xff, 0x40, 0x7, 0xf4, 0x0,
    0x1f, 0xd0, 0xf, 0xd0, 0x0, 0x7, 0xf0, 0x1f,
    0x80, 0x0, 0x2, 0xf8, 0x3f, 0x0, 0x0, 0x0,
    0xfc, 0x3f, 0x0, 0x0, 0x0, 0xfc, 0x7e, 0x0,
    0x0, 0x0, 0xbd, 0x7e, 0x0, 0x0, 0x0, 0xbd,
    0x7d, 0x0, 0x0, 0x0, 0x7d, 0x7e, 0x0, 0x0,
    0x0, 0xbd, 0x7e, 0x0, 0x0, 0x0, 0xbd, 0x3f,
    0x0, 0x0, 0x0, 0xfc, 0x3f, 0x0, 0x0, 0x0,
    0xfc, 0x1f, 0x80, 0x0, 0x2, 0xf8, 0xf, 0xd0,
    0x0, 0x3, 0xf0, 0x7, 0xf4, 0x0, 0x1f, 0xd0,
    0x1, 0xff, 0x55, 0xff, 0x40, 0x0, 0x7f, 0xff,
    0xfd, 0x0, 0x0, 0x6, 0xff, 0x90, 0x0,

    /* U+00D4 "Ô" */
    0x0, 0x0, 0xbe, 0x0, 0x0, 0x0, 0x1, 0xff,
    0x40, 0x0, 0x0, 0x3, 0xc3, 0xc0, 0x0, 0x0,
    0xf, 0x0, 0xf0, 0x0, 0x0, 0x0, 0x0, 0x0,
    0x0, 0x0, 0x0, 0x0, 0x0, 0x0, 0x0, 0x6,
    0xff, 0x90, 0x0, 0x0, 0x7f, 0xff, 0xfd, 0x0,
    0x1, 0xff, 0x55, 0xff, 0x40, 0x7, 0xf4, 0x0,
    0x1f, 0xd0, 0xf, 0xd0, 0x0, 0x7, 0xf0, 0x1f,
    0x80, 0x0, 0x2, 0xf8, 0x3f, 0x0, 0x0, 0x0,
    0xfc, 0x3f, 0x0, 0x0, 0x0, 0xfc, 0x7e, 0x0,
    0x0, 0x0, 0xbd, 0x7e, 0x0, 0x0, 0x0, 0xbd,
    0x7d, 0x0, 0x0, 0x0, 0x7d, 0x7e, 0x0, 0x0,
    0x0, 0xbd, 0x7e, 0x0, 0x0, 0x0, 0xbd, 0x3f,
    0x0, 0x0, 0x0, 0xfc, 0x3f, 0x0, 0x0, 0x0,
    0xfc, 0x1f, 0x80, 0x0, 0x2, 0xf8, 0xf, 0xd0,
    0x0, 0x3, 0xf0, 0x7, 0xf4, 0x0, 0x1f, 0xd0,
    0x1, 0xff, 0x55, 0xff, 0x40, 0x0, 0x7f, 0xff,
    0xfd, 0x0, 0x0, 0x6, 0xff, 0x90, 0x0,

    /* U+00D5 "Õ" */
    0x0, 0x2, 0x90, 0x24, 0x0, 0x0, 0xf, 0xfe,
    0xf4, 0x0, 0x0, 0x1d, 0x1f, 0xd0, 0x0, 0x0,
    0x0, 0x0, 0x0, 0x0, 0x0, 0x0, 0x0, 0x0,
    0x0, 0x0, 0x0, 0x0, 0x0, 0x0, 0x0, 0x6,
    0xff, 0x90, 0x0, 0x0, 0x7f, 0xff, 0xfd, 0x0,
    0x1, 0xff, 0x55, 0xff, 0x40, 0x7, 0xf4, 0x0,
    0x1f, 0xd0, 0xf, 0xd0, 0x0, 0x7, 0xf0, 0x1f,
    0x80, 0x0, 0x2, 0xf8, 0x3f, 0x0, 0x0, 0x0,
    0xfc, 0x3f, 0x0, 0x0, 0x0, 0xfc, 0x7e, 0x0,
    0x0, 0x0, 0xbd, 0x7e, 0x0, 0x0, 0x0, 0xbd,
    0x7d, 0x0, 0x0, 0x0, 0x7d, 0x7e, 0x0, 0x0,
    0x0, 0xbd, 0x7e, 0x0, 0x0, 0x0, 0xbd, 0x3f,
    0x0, 0x0, 0x0, 0xfc, 0x3f, 0x0, 0x0, 0x0,
    0xfc, 0x1f, 0x80, 0x0, 0x2, 0xf8, 0xf, 0xd0,
    0x0, 0x3, 0xf0, 0x7, 0xf4, 0x0, 0x1f, 0xd0,
    0x1, 0xff, 0x55, 0xff, 0x40, 0x0, 0x7f, 0xff,
    0xfd, 0x0, 0x0, 0x6, 0xff, 0x90, 0x0,

    /* U+00D6 "Ö" */
    0x0, 0xf, 0x82, 0xf0, 0x0, 0x0, 0xf, 0xc2,
    0xf0, 0x0, 0x0, 0xf, 0xc2, 0xf0, 0x0, 0x0,
    0x0, 0x0, 0x0, 0x0, 0x0, 0x0, 0x0, 0x0,
    0x0, 0x0, 0x0, 0x0, 0x0, 0x0, 0x0, 0x6,
    0xff, 0x90, 0x0, 0x0, 0x7f, 0xff, 0xfd, 0x0,
    0x1, 0xff, 0x55, 0xff, 0x40, 0x7, 0xf4, 0x0,
    0x1f, 0xd0, 0xf, 0xd0, 0x0, 0x7, 0xf0, 0x1f,
    0x80, 0x0, 0x2, 0xf8, 0x3f, 0x0, 0x0, 0x0,
    0xfc, 0x3f, 0x0, 0x0, 0x0, 0xfc, 0x7e, 0x0,
    0x0, 0x0, 0xbd, 0x7e, 0x0, 0x0, 0x0, 0xbd,
    0x7d, 0x0, 0x0, 0x0, 0x7d, 0x7e, 0x0, 0x0,
    0x0, 0xbd, 0x7e, 0x0, 0x0, 0x0, 0xbd, 0x3f,
    0x0, 0x0, 0x0, 0xfc, 0x3f, 0x0, 0x0, 0x0,
    0xfc, 0x1f, 0x80, 0x0, 0x2, 0xf8, 0xf, 0xd0,
    0x0, 0x3, 0xf0, 0x7, 0xf4, 0x0, 0x1f, 0xd0,
    0x1, 0xff, 0x55, 0xff, 0x40, 0x0, 0x7f, 0xff,
    0xfd, 0x0, 0x0, 0x6, 0xff, 0x90, 0x0,

    /* U+00D7 "×" */
    0x0, 0x0, 0x0, 0x0, 0x3, 0x0, 0x0, 0x2,
    0x83, 0xf0, 0x0, 0x2, 0xf4, 0x7f, 0x0, 0x1,
    0xfc, 0x7, 0xf0, 0x1, 0xfc, 0x0, 0x7f, 0x1,
    0xfc, 0x0, 0x7, 0xf1, 0xfc, 0x0, 0x0, 0x7f,
    0xfc, 0x0, 0x0, 0x7, 0xfc, 0x0, 0x0, 0x1,
    0xff, 0x0, 0x0, 0x1, 0xff, 0xf0, 0x0, 0x1,
    0xfc, 0xbe, 0x0, 0x1, 0xfc, 0xb, 0xe0, 0x1,
    0xfc, 0x0, 0xbe, 0x1, 0xfc, 0x0, 0xb, 0xe0,
    0xfc, 0x0, 0x0, 0xbd, 0xc, 0x0, 0x0, 0xa,
    0x0, 0x0, 0x0, 0x0, 0x0,

    /* U+00D8 "Ø" */
    0x0, 0x0, 0x0, 0x0, 0x4, 0x0, 0x6, 0xff,
    0x90, 0x2d, 0x0, 0x7f, 0xff, 0xfd, 0x7c, 0x1,
    0xff, 0x55, 0xff, 0xf0, 0x7, 0xf4, 0x0, 0x1f,
    0xd0, 0xf, 0xd0, 0x0, 0xf, 0xf0, 0x1f, 0x80,
    0x0, 0x3e, 0xf4, 0x3f, 0x0, 0x0, 0xb4, 0xfc,
    0x3f, 0x0, 0x2, 0xe0, 0xbc, 0x7e, 0x0, 0x7,
    0x80, 0xbd, 0x7e, 0x0, 0x1f, 0x0, 0x7d, 0x7d,
    0x0, 0x3c, 0x0, 0x7d, 0x7e, 0x0, 0xf0, 0x0,
    0xbd, 0x7e, 0x3, 0xd0, 0x0, 0xbd, 0x3f, 0xb,
    0x80, 0x0, 0xfc, 0x3f, 0x2e, 0x0, 0x0, 0xfc,
    0x1f, 0xfc, 0x0, 0x2, 0xf8, 0xf, 0xf0, 0x0,
    0x7, 0xf0, 0x7, 0xf4, 0x0, 0x1f, 0xd0, 0xf,
    0xff, 0x55, 0xff, 0x80, 0x3e, 0x7f, 0xff, 0xfd,
    0x0, 0x78, 0x6, 0xff, 0x90, 0x0, 0x10, 0x0,
    0x0, 0x0, 0x0,

    /* U+00D9 "Ù" */
    0x0, 0x2f, 0x0, 0x0, 0x0, 0x3, 0xd0, 0x0,
    0x0, 0x0, 0x3c, 0x0, 0x0, 0x0, 0x7, 0xc0,
    0x0, 0x0, 0x0, 0x0, 0x0, 0x0, 0x0, 0x0,
    0x0, 0xb, 0xc0, 0x0, 0x2, 0xf2, 0xf0, 0x0,
    0x0, 0xbc, 0xbc, 0x0, 0x0, 0x2f, 0x2f, 0x0,
    0x0, 0xb, 0xcb, 0xc0, 0x0, 0x2, 0xf2, 0xf0,
    0x0, 0x0, 0xbc, 0xbc, 0x0, 0x0, 0x2f, 0x2f,
    0x0, 0x0, 0xb, 0xcb, 0xc0, 0x0, 0x2, 0xf2,
    0xf0, 0x0, 0x0, 0xbc, 0xbc, 0x0, 0x0, 0x2f,
    0x2f, 0x0, 0x0, 0xb, 0xcb, 0xc0, 0x0, 0x2,
    0xf2, 0xf4, 0x0, 0x0, 0xfc, 0x7d, 0x0, 0x0,
    0x3f, 0x1f, 0x80, 0x0, 0xf, 0xc3, 0xf0, 0x0,
    0x7, 0xe0, 0xbe, 0x0, 0x3, 0xf0, 0xf, 0xf9,
    0x5b, 0xf4, 0x0, 0xff, 0xff, 0xf4, 0x0, 0x6,
    0xff, 0xe0, 0x0,

    /* U+00DA "Ú" */
    0x0, 0x0, 0x7c, 0x0, 0x0, 0x0, 0x3d, 0x0,
    0x0, 0x0, 0x2e, 0x0, 0x0, 0x0, 0x1f, 0x0,
    0x0, 0x0, 0x0, 0x0, 0x0, 0x0, 0x0, 0x0,
    0x0, 0xb, 0xc0, 0x0, 0x2, 0xf2, 0xf0, 0x0,
    0x0, 0xbc, 0xbc, 0x0, 0x0, 0x2f, 0x2f, 0x0,
    0x0, 0xb, 0xcb, 0xc0, 0x0, 0x2, 0xf2, 0xf0,
    0x0, 0x0, 0xbc, 0xbc, 0x0, 0x0, 0x2f, 0x2f,
    0x0, 0x0, 0xb, 0xcb, 0xc0, 0x0, 0x2, 0xf2,
    0xf0, 0x0, 0x0, 0xbc, 0xbc, 0x0, 0x0, 0x2f,
    0x2f, 0x0, 0x0, 0xb, 0xcb, 0xc0, 0x0, 0x2,
    0xf2, 0xf4, 0x0, 0x0, 0xfc, 0x7d, 0x0, 0x0,
    0x3f, 0x1f, 0x80, 0x0, 0xf, 0xc3, 0xf0, 0x0,
    0x7, 0xe0, 0xbe, 0x0, 0x3, 0xf0, 0xf, 0xf9,
    0x5b, 0xf4, 0x0, 0xff, 0xff, 0xf4, 0x0, 0x6,
    0xff, 0xe0, 0x0,

    /* U+00DB "Û" */
    0x0, 0x7, 0xf0, 0x0, 0x0, 0x3, 0xee, 0x0,
    0x0, 0x3, 0xd2, 0xd0, 0x0, 0x2, 0xd0, 0x3c,
    0x0, 0x0, 0x0, 0x0, 0x0, 0x0, 0x0, 0x0,
    0x0, 0xb, 0xc0, 0x0, 0x2, 0xf2, 0xf0, 0x0,
    0x0, 0xbc, 0xbc, 0x0, 0x0, 0x2f, 0x2f, 0x0,
    0x0, 0xb, 0xcb, 0xc0, 0x0, 0x2, 0xf2, 0xf0,
    0x0, 0x0, 0xbc, 0xbc, 0x0, 0x0, 0x2f, 0x2f,
    0x0, 0x0, 0xb, 0xcb, 0xc0, 0x0, 0x2, 0xf2,
    0xf0, 0x0, 0x0, 0xbc, 0xbc, 0x0, 0x0, 0x2f,
    0x2f, 0x0, 0x0, 0xb, 0xcb, 0xc0, 0x0, 0x2,
    0xf2, 0xf4, 0x0, 0x0, 0xfc, 0x7d, 0x0, 0x0,
    0x3f, 0x1f, 0x80, 0x0, 0xf, 0xc3, 0xf0, 0x0,
    0x7, 0xe0, 0xbe, 0x0, 0x3, 0xf0, 0xf, 0xf9,
    0x5b, 0xf4, 0x0, 0xff, 0xff, 0xf4, 0x0, 0x6,
    0xff, 0xe0, 0x0,

    /* U+00DC "Ü" */
    0x0, 0xbc, 0x1f, 0x40, 0x0, 0x3f, 0x7, 0xd0,
    0x0, 0xf, 0xc1, 0xf4, 0x0, 0x0, 0x0, 0x0,
    0x0, 0x0, 0x0, 0x0, 0x0, 0x0, 0x0, 0x0,
    0x0, 0xb, 0xc0, 0x0, 0x2, 0xf2, 0xf0, 0x0,
    0x0, 0xbc, 0xbc, 0x0, 0x0, 0x2f, 0x2f, 0x0,
    0x0, 0xb, 0xcb, 0xc0, 0x0, 0x2, 0xf2, 0xf0,
    0x0, 0x0, 0xbc, 0xbc, 0x0, 0x0, 0x2f, 0x2f,
    0x0, 0x0, 0xb, 0xcb, 0xc0, 0x0, 0x2, 0xf2,
    0xf0, 0x0, 0x0, 0xbc, 0xbc, 0x0, 0x0, 0x2f,
    0x2f, 0x0, 0x0, 0xb, 0xcb, 0xc0, 0x0, 0x2,
    0xf2, 0xf4, 0x0, 0x0, 0xfc, 0x7d, 0x0, 0x0,
    0x3f, 0x1f, 0x80, 0x0, 0xf, 0xc3, 0xf0, 0x0,
    0x7, 0xe0, 0xbe, 0x0, 0x3, 0xf0, 0xf, 0xf9,
    0x5b, 0xf4, 0x0, 0xff, 0xff, 0xf4, 0x0, 0x6,
    0xff, 0xe0, 0x0,

    /* U+00DD "Ý" */
    0x0, 0x0, 0x6, 0x40, 0x0, 0x0, 0x0, 0x7c,
    0x0, 0x0, 0x0, 0x3, 0xc0, 0x0, 0x0, 0x0,
    0x3c, 0x0, 0x0, 0x0, 0x0, 0x0, 0x0, 0x0,
    0x0, 0x0, 0x0, 0x0, 0x2, 0xf0, 0x0, 0x0,
    0x3f, 0x3, 0xf0, 0x0, 0x3, 0xf0, 0x7, 0xe0,
    0x0, 0x1f, 0x80, 0xf, 0xc0, 0x0, 0xfc, 0x0,
    0xf, 0xc0, 0xb, 0xc0, 0x0, 0x1f, 0x80, 0x7e,
    0x0, 0x0, 0x3f, 0x3, 0xf0, 0x0, 0x0, 0x3f,
    0x2f, 0x0, 0x0, 0x0, 0x7e, 0xf8, 0x0, 0x0,
    0x0, 0xff, 0xc0, 0x0, 0x0, 0x0, 0xfd, 0x0,
    0x0, 0x0, 0x3, 0xf0, 0x0, 0x0, 0x0, 0xf,
    0xc0, 0x0, 0x0, 0x0, 0x3f, 0x0, 0x0, 0x0,
    0x0, 0xfc, 0x0, 0x0, 0x0, 0x3, 0xf0, 0x0,
    0x0, 0x0, 0xf, 0xc0, 0x0, 0x0, 0x0, 0x3f,
    0x0, 0x0, 0x0, 0x0, 0xfc, 0x0, 0x0, 0x0,
    0x3, 0xf0, 0x0, 0x0, 0x0, 0xf, 0xc0, 0x0,
    0x0,

    /* U+00DE "Þ" */
    0x7e, 0x0, 0x0, 0x7, 0xe0, 0x0, 0x0, 0x7e,
    0x0, 0x0, 0x7, 0xe0, 0x0, 0x0, 0x7f, 0xff,
    0xe4, 0x7, 0xff, 0xff, 0xf0, 0x7e, 0x55, 0xbf,
    0xc7, 0xe0, 0x0, 0xfd, 0x7e, 0x0, 0x7, 0xe7,
    0xe0, 0x0, 0x3f, 0x7e, 0x0, 0x3, 0xf7, 0xe0,
    0x0, 0x3f, 0x7e, 0x0, 0xb, 0xe7, 0xe0, 0x2,
    0xfc, 0x7f, 0xff, 0xff, 0x47, 0xff, 0xff, 0x80,
    0x7e, 0x55, 0x0, 0x7, 0xe0, 0x0, 0x0, 0x7e,
    0x0, 0x0, 0x7, 0xe0, 0x0, 0x0, 0x7e, 0x0,
    0x0, 0x0,

    /* U+00DF "ß" */
    0x1, 0xbf, 0xd0, 0x0, 0x2f, 0xff, 0xf0, 0x2,
    0xfd, 0x1b, 0xe0, 0xf, 0xc0, 0x7, 0xc0, 0x7d,
    0x0, 0xf, 0x41, 0xf0, 0x1, 0xbe, 0x7, 0xc0,
    0x2f, 0xa4, 0x1f, 0x2, 0xf0, 0x0, 0x7c, 0xf,
    0x40, 0x1, 0xf0, 0x3d, 0x0, 0x7, 0xc0, 0xf8,
    0x0, 0x1f, 0x2, 0xf8, 0x0, 0x7c, 0x3, 0xfd,
    0x1, 0xf0, 0x2, 0xfe, 0x7, 0xc0, 0x1, 0xfe,
    0x1f, 0x0, 0x0, 0xfc, 0x7c, 0x0, 0x1, 0xf5,
    0xf0, 0x0, 0x7, 0xd7, 0xc0, 0x0, 0x2f, 0x1f,
    0x19, 0x46, 0xfc, 0x7c, 0x7f, 0xff, 0xc1, 0xf0,
    0xff, 0xf4, 0x0,

    /* U+00E0 "à" */
    0x2, 0x80, 0x0, 0x0, 0x2f, 0x0, 0x0, 0x0,
    0xf8, 0x0, 0x0, 0x3, 0xd0, 0x0, 0x0, 0x1f,
    0x0, 0x0, 0x0, 0xb8, 0x0, 0x0, 0x0, 0x0,
    0x0, 0x0, 0x0, 0x0, 0x1, 0xbf, 0xe4, 0x0,
    0xff, 0xff, 0xe0, 0xe, 0x51, 0x7f, 0x40, 0x0,
    0x0, 0xbc, 0x0, 0x0, 0x3, 0xd0, 0x0, 0x0,
    0x3d, 0x1, 0xbf, 0xff, 0xe0, 0xbf, 0xff, 0xfe,
    0x2f, 0x90, 0x3, 0xe3, 0xe0, 0x0, 0x3e, 0x7d,
    0x0, 0x3, 0xe7, 0xd0, 0x0, 0xbe, 0x3e, 0x0,
    0x1f, 0xe3, 0xf9, 0x1b, 0xfe, 0xf, 0xff, 0xf3,
    0xe0, 0x2f, 0xf4, 0x3e,

    /* U+00E1 "á" */
    0x0, 0x0, 0x19, 0x0, 0x0, 0xb, 0xc0, 0x0,
    0x1, 0xf0, 0x0, 0x0, 0x3d, 0x0, 0x0, 0xf,
    0x80, 0x0, 0x1, 0xe0, 0x0, 0x0, 0x0, 0x0,
    0x0, 0x0, 0x0, 0x0, 0x1, 0xbf, 0xe4, 0x0,
    0xff, 0xff, 0xe0, 0xe, 0x51, 0x7f, 0x40, 0x0,
    0x0, 0xbc, 0x0, 0x0, 0x3, 0xd0, 0x0, 0x0,
    0x3d, 0x1, 0xbf, 0xff, 0xe0, 0xbf, 0xff, 0xfe,
    0x2f, 0x90, 0x3, 0xe3, 0xe0, 0x0, 0x3e, 0x7d,
    0x0, 0x3, 0xe7, 0xd0, 0x0, 0xbe, 0x3e, 0x0,
    0x1f, 0xe3, 0xf9, 0x1b, 0xfe, 0xf, 0xff, 0xf3,
    0xe0, 0x2f, 0xf4, 0x3e,

    /* U+00E2 "â" */
    0x0, 0x6, 0x0, 0x0, 0x2, 0xf8, 0x0, 0x0,
    0x3f, 0xd0, 0x0, 0xb, 0x4f, 0x0, 0x1, 0xe0,
    0x78, 0x0, 0x3c, 0x3, 0xc0, 0x0, 0x0, 0x0,
    0x0, 0x0, 0x0, 0x0, 0x1, 0xbf, 0xe4, 0x0,
    0xff, 0xff, 0xe0, 0xe, 0x51, 0x7f, 0x40, 0x0,
    0x0, 0xbc, 0x0, 0x0, 0x3, 0xd0, 0x0, 0x0,
    0x3d, 0x1, 0xbf, 0xff, 0xe0, 0xbf, 0xff, 0xfe,
    0x2f, 0x90, 0x3, 0xe3, 0xe0, 0x0, 0x3e, 0x7d,
    0x0, 0x3, 0xe7, 0xd0, 0x0, 0xbe, 0x3e, 0x0,
    0x1f, 0xe3, 0xf9, 0x1b, 0xfe, 0xf, 0xff, 0xf3,
    0xe0, 0x2f, 0xf4, 0x3e,

    /* U+00E3 "ã" */
    0x1, 0xfd, 0xe, 0x0, 0x3f, 0xff, 0xd0, 0x7,
    0x42, 0xf4, 0x0, 0x0, 0x0, 0x0, 0x0, 0x0,
    0x0, 0x0, 0x0, 0x0, 0x0, 0x1, 0xbf, 0xe4,
    0x0, 0xff, 0xff, 0xe0, 0xe, 0x51, 0x7f, 0x40,
    0x0, 0x0, 0xbc, 0x0, 0x0, 0x3, 0xd0, 0x0,
    0x0, 0x3d, 0x1, 0xbf, 0xff, 0xe0, 0xbf, 0xff,
    0xfe, 0x2f, 0x90, 0x3, 0xe3, 0xe0, 0x0, 0x3e,
    0x7d, 0x0, 0x3, 0xe7, 0xd0, 0x0, 0xbe, 0x3e,
    0x0, 0x1f, 0xe3, 0xf9, 0x1b, 0xfe, 0xf, 0xff,
    0xf3, 0xe0, 0x2f, 0xf4, 0x3e,

    /* U+00E4 "ä" */
    0x3, 0xf0, 0xbc, 0x0, 0x3f, 0xb, 0xc0, 0x3,
    0xe0, 0x7c, 0x0, 0x0, 0x0, 0x0, 0x0, 0x0,
    0x0, 0x0, 0x0, 0x0, 0x0, 0x1, 0xbf, 0xe4,
    0x0, 0xff, 0xff, 0xe0, 0xe, 0x51, 0x7f, 0x40,
    0x0, 0x0, 0xbc, 0x0, 0x0, 0x3, 0xd0, 0x0,
    0x0, 0x3d, 0x1, 0xbf, 0xff, 0xe0, 0xbf, 0xff,
    0xfe, 0x2f, 0x90, 0x3, 0xe3, 0xe0, 0x0, 0x3e,
    0x7d, 0x0, 0x3, 0xe7, 0xd0, 0x0, 0xbe, 0x3e,
    0x0, 0x1f, 0xe3, 0xf9, 0x1b, 0xfe, 0xf, 0xff,
    0xf3, 0xe0, 0x2f, 0xf4, 0x3e,

    /* U+00E5 "å" */
    0x0, 0x1a, 0x40, 0x0, 0xb, 0xff, 0x0, 0x1,
    0xf0, 0xb8, 0x0, 0x2c, 0x3, 0xc0, 0x2, 0xc0,
    0x3c, 0x0, 0x1e, 0x7, 0x80, 0x0, 0xff, 0xf0,
    0x0, 0x2, 0xf8, 0x0, 0x0, 0x0, 0x0, 0x0,
    0x0, 0x0, 0x0, 0x1, 0xbf, 0xe4, 0x0, 0xff,
    0xff, 0xe0, 0xe, 0x51, 0x7f, 0x40, 0x0, 0x0,
    0xbc, 0x0, 0x0, 0x3, 0xd0, 0x0, 0x0, 0x3d,
    0x1, 0xbf, 0xff, 0xe0, 0xbf, 0xff, 0xfe, 0x2f,
    0x90, 0x3, 0xe3, 0xe0, 0x0, 0x3e, 0x7d, 0x0,
    0x3, 0xe7, 0xd0, 0x0, 0xbe, 0x3e, 0x0, 0x1f,
    0xe3, 0xf9, 0x1b, 0xfe, 0xf, 0xff, 0xf3, 0xe0,
    0x2f, 0xf4, 0x3e,

    /* U+00E6 "æ" */
    0x1, 0xbf, 0xe0, 0x1, 0xff, 0x90, 0x0, 0xff,
    0xff, 0xe1, 0xff, 0xff, 0x80, 0xe, 0x51, 0x7f,
    0xbf, 0x51, 0xbe, 0x0, 0x0, 0x0, 0xbf, 0x80,
    0x1, 0xf4, 0x0, 0x0, 0x3, 0xf0, 0x0, 0xf,
    0x80, 0x0, 0x0, 0x3e, 0x0, 0x0, 0xbc, 0x1,
    0xbf, 0xff, 0xff, 0xff, 0xff, 0xc0, 0xbf, 0xff,
    0xff, 0xff, 0xff, 0xfc, 0x2f, 0x90, 0x3, 0xe0,
    0x0, 0x0, 0x3, 0xe0, 0x0, 0x3e, 0x0, 0x0,
    0x0, 0x7d, 0x0, 0x3, 0xf0, 0x0, 0x0, 0x7,
    0xd0, 0x0, 0xbf, 0x40, 0x0, 0x0, 0x3e, 0x0,
    0x1f, 0xfc, 0x0, 0x1, 0x43, 0xf9, 0x1b, 0xd3,
    0xf9, 0x6, 0xf4, 0xf, 0xff, 0xf4, 0xf, 0xff,
    0xff, 0x40, 0x2f, 0xf8, 0x0, 0x1b, 0xfe, 0x40,

    /* U+00E7 "ç" */
    0x0, 0x2f, 0xf9, 0x0, 0xbf, 0xff, 0xe0, 0xbf,
    0x51, 0x78, 0x7f, 0x0, 0x0, 0x3f, 0x0, 0x0,
    0xf, 0x80, 0x0, 0x7, 0xd0, 0x0, 0x1, 0xf0,
    0x0, 0x0, 0x7c, 0x0, 0x0, 0x1f, 0x40, 0x0,
    0x3, 0xe0, 0x0, 0x0, 0xfc, 0x0, 0x0, 0x1f,
    0x80, 0x0, 0x2, 0xfd, 0x5, 0xe0, 0x2f, 0xff,
    0xf8, 0x0, 0xbf, 0xe4, 0x0, 0x0, 0xe0, 0x0,
    0x0, 0x2c, 0x0, 0x0, 0x7, 0x80, 0x0, 0x2,
    0xe0, 0x0, 0x3f, 0xf4, 0x0, 0xf, 0xf4, 0x0,

    /* U+00E8 "è" */
    0x1, 0x90, 0x0, 0x0, 0x3, 0xe0, 0x0, 0x0,
    0x3, 0xd0, 0x0, 0x0, 0x7, 0xc0, 0x0, 0x0,
    0xb, 0x80, 0x0, 0x0, 0xb, 0x40, 0x0, 0x0,
    0x0, 0x0, 0x0, 0x0, 0x0, 0x0, 0x0, 0x2f,
    0xf8, 0x0, 0xb, 0xff, 0xfe, 0x0, 0xbf, 0x51,
    0xfd, 0x7, 0xd0, 0x0, 0xbc, 0x3e, 0x0, 0x0,
    0xf4, 0xf4, 0x0, 0x3, 0xe7, 0xff, 0xff, 0xff,
    0x9f, 0xff, 0xff, 0xfe, 0x7c, 0x0, 0x0, 0x1,
    0xf4, 0x0, 0x0, 0x3, 0xe0, 0x0, 0x0, 0xf,
    0xc0, 0x0, 0x0, 0x1f, 0xc0, 0x0, 0x10, 0x2f,
    0xe4, 0x1b, 0xc0, 0x2f, 0xff, 0xff, 0x0, 0xb,
    0xff, 0x90,

    /* U+00E9 "é" */
    0x0, 0x0, 0xa, 0x0, 0x0, 0x0, 0xf8, 0x0,
    0x0, 0xb, 0xc0, 0x0, 0x0, 0x7c, 0x0, 0x0,
    0x3, 0xd0, 0x0, 0x0, 0x2d, 0x0, 0x0, 0x0,
    0x0, 0x0, 0x0, 0x0, 0x0, 0x0, 0x0, 0x2f,
    0xf8, 0x0, 0xb, 0xff, 0xfe, 0x0, 0xbf, 0x51,
    0xfd, 0x7, 0xd0, 0x0, 0xbc, 0x3e, 0x0, 0x0,
    0xf4, 0xf4, 0x0, 0x3, 0xe7, 0xff, 0xff, 0xff,
    0x9f, 0xff, 0xff, 0xfe, 0x7c, 0x0, 0x0, 0x1,
    0xf4, 0x0, 0x0, 0x3, 0xe0, 0x0, 0x0, 0xf,
    0xc0, 0x0, 0x0, 0x1f, 0xc0, 0x0, 0x10, 0x2f,
    0xe4, 0x1b, 0xc0, 0x2f, 0xff, 0xff, 0x0, 0xb,
    0xff, 0x90,

    /* U+00EA "ê" */
    0x0, 0x2, 0x40, 0x0, 0x0, 0x2f, 0x80, 0x0,
    0x1, 0xff, 0x0, 0x0, 0xf, 0x1e, 0x0, 0x0,
    0xb4, 0x2d, 0x0, 0x3, 0xc0, 0x3c, 0x0, 0x0,
    0x0, 0x0, 0x0, 0x0, 0x0, 0x0, 0x0, 0x2f,
    0xf8, 0x0, 0xb, 0xff, 0xfe, 0x0, 0xbf, 0x51,
    0xfd, 0x7, 0xd0, 0x0, 0xbc, 0x3e, 0x0, 0x0,
    0xf4, 0xf4, 0x0, 0x3, 0xe7, 0xff, 0xff, 0xff,
    0x9f, 0xff, 0xff, 0xfe, 0x7c, 0x0, 0x0, 0x1,
    0xf4, 0x0, 0x0, 0x3, 0xe0, 0x0, 0x0, 0xf,
    0xc0, 0x0, 0x0, 0x1f, 0xc0, 0x0, 0x10, 0x2f,
    0xe4, 0x1b, 0xc0, 0x2f, 0xff, 0xff, 0x0, 0xb,
    0xff, 0x90,

    /* U+00EB "ë" */
    0x0, 0xf8, 0x3f, 0x0, 0x3, 0xe0, 0xfc, 0x0,
    0xf, 0x42, 0xf0, 0x0, 0x0, 0x0, 0x0, 0x0,
    0x0, 0x0, 0x0, 0x0, 0x0, 0x0, 0x0, 0x2,
    0xff, 0x80, 0x0, 0xbf, 0xff, 0xe0, 0xb, 0xf5,
    0x1f, 0xd0, 0x7d, 0x0, 0xb, 0xc3, 0xe0, 0x0,
    0xf, 0x4f, 0x40, 0x0, 0x3e, 0x7f, 0xff, 0xff,
    0xf9, 0xff, 0xff, 0xff, 0xe7, 0xc0, 0x0, 0x0,
    0x1f, 0x40, 0x0, 0x0, 0x3e, 0x0, 0x0, 0x0,
    0xfc, 0x0, 0x0, 0x1, 0xfc, 0x0, 0x1, 0x2,
    0xfe, 0x41, 0xbc, 0x2, 0xff, 0xff, 0xf0, 0x0,
    0xbf, 0xf9, 0x0,

    /* U+00EC "ì" */
    0x7d, 0x0, 0xbc, 0x0, 0xb8, 0x0, 0xf4, 0x0,
    0xf0, 0x1, 0x90, 0x0, 0x0, 0x7c, 0x1, 0xf0,
    0x7, 0xc0, 0x1f, 0x0, 0x7c, 0x1, 0xf0, 0x7,
    0xc0, 0x1f, 0x0, 0x7c, 0x1, 0xf0, 0x7, 0xc0,
    0x1f, 0x0, 0x7c, 0x1, 0xf0, 0x7, 0xc0, 0x1f,
    0x0,

    /* U+00ED "í" */
    0x0, 0xbc, 0x1, 0xf4, 0x3, 0xd0, 0xb, 0x80,
    0x1f, 0x0, 0x18, 0x0, 0x0, 0x0, 0x1f, 0x0,
    0x1f, 0x0, 0x1f, 0x0, 0x1f, 0x0, 0x1f, 0x0,
    0x1f, 0x0, 0x1f, 0x0, 0x1f, 0x0, 0x1f, 0x0,
    0x1f, 0x0, 0x1f, 0x0, 0x1f, 0x0, 0x1f, 0x0,
    0x1f, 0x0, 0x1f, 0x0, 0x1f, 0x0,

    /* U+00EE "î" */
    0x1, 0xf0, 0x0, 0x3f, 0xc0, 0xb, 0x6d, 0x1,
    0xf0, 0xf0, 0x3c, 0x7, 0x82, 0x40, 0x14, 0x0,
    0x0, 0x0, 0x1f, 0x0, 0x1, 0xf0, 0x0, 0x1f,
    0x0, 0x1, 0xf0, 0x0, 0x1f, 0x0, 0x1, 0xf0,
    0x0, 0x1f, 0x0, 0x1, 0xf0, 0x0, 0x1f, 0x0,
    0x1, 0xf0, 0x0, 0x1f, 0x0, 0x1, 0xf0, 0x0,
    0x1f, 0x0, 0x1, 0xf0, 0x0, 0x1f, 0x0, 0x1,
    0xf0, 0x0,

    /* U+00EF "ï" */
    0x3e, 0xf, 0xcf, 0x83, 0xf3, 0xd0, 0xbc, 0x0,
    0x0, 0x0, 0x0, 0x0, 0x0, 0x0, 0x1f, 0x0,
    0x7, 0xc0, 0x1, 0xf0, 0x0, 0x7c, 0x0, 0x1f,
    0x0, 0x7, 0xc0, 0x1, 0xf0, 0x0, 0x7c, 0x0,
    0x1f, 0x0, 0x7, 0xc0, 0x1, 0xf0, 0x0, 0x7c,
    0x0, 0x1f, 0x0, 0x7, 0xc0, 0x1, 0xf0, 0x0,
    0x7c, 0x0,

    /* U+00F0 "ð" */
    0x1, 0xfc, 0x0, 0x40, 0x1, 0xf8, 0xbf, 0x0,
    0x2, 0xff, 0x80, 0x1, 0xbf, 0xf8, 0x0, 0xf,
    0x42, 0xf4, 0x0, 0x0, 0x2, 0xf0, 0x0, 0x6,
    0xff, 0xf0, 0x0, 0xbf, 0xff, 0xe0, 0xf, 0xf4,
    0x1b, 0xd0, 0x7e, 0x0, 0xf, 0x83, 0xf0, 0x0,
    0x2f, 0xf, 0x80, 0x0, 0x7d, 0x7d, 0x0, 0x0,
    0xf5, 0xf0, 0x0, 0x3, 0xe7, 0xc0, 0x0, 0xf,
    0x9f, 0x40, 0x0, 0x3d, 0x3e, 0x0, 0x1, 0xf4,
    0xfc, 0x0, 0xf, 0xc1, 0xf8, 0x0, 0x7e, 0x2,
    0xfd, 0x1b, 0xf0, 0x2, 0xff, 0xff, 0x0, 0x1,
    0xbf, 0x90, 0x0,

    /* U+00F1 "ñ" */
    0x0, 0xf8, 0xe, 0x0, 0x3f, 0xf1, 0xd0, 0x7,
    0x4b, 0xfc, 0x0, 0x70, 0x1a, 0x0, 0x0, 0x0,
    0x0, 0x0, 0x0, 0x0, 0x0, 0x7c, 0x1f, 0xf4,
    0x7, 0xcf, 0xff, 0xf0, 0x7e, 0xe5, 0x7f, 0x87,
    0xf4, 0x0, 0xfc, 0x7e, 0x0, 0x7, 0xc7, 0xd0,
    0x0, 0x3d, 0x7c, 0x0, 0x3, 0xd7, 0xc0, 0x0,
    0x3d, 0x7c, 0x0, 0x3, 0xd7, 0xc0, 0x0, 0x3d,
    0x7c, 0x0, 0x3, 0xd7, 0xc0, 0x0, 0x3d, 0x7c,
    0x0, 0x3, 0xd7, 0xc0, 0x0, 0x3d, 0x7c, 0x0,
    0x3, 0xd7, 0xc0, 0x0, 0x3d,

    /* U+00F2 "ò" */
    0x1, 0x90, 0x0, 0x0, 0x7, 0xd0, 0x0, 0x0,
    0x7, 0xc0, 0x0, 0x0, 0xb, 0x80, 0x0, 0x0,
    0xf, 0x40, 0x0, 0x0, 0xf, 0x0, 0x0, 0x0,
    0x0, 0x0, 0x0, 0x0, 0x0, 0x0, 0x0, 0x6f,
    0xf4, 0x0, 0xf, 0xff, 0xfc, 0x0, 0xff, 0x46,
    0xfc, 0x7, 0xe0, 0x2, 0xf8, 0x3f, 0x0, 0x3,
    0xf0, 0xf8, 0x0, 0x7, 0xd7, 0xd0, 0x0, 0xf,
    0x5f, 0x0, 0x0, 0x3e, 0x7c, 0x0, 0x0, 0xf9,
    0xf4, 0x0, 0x3, 0xd3, 0xe0, 0x0, 0x1f, 0x4f,
    0xc0, 0x0, 0xfc, 0x1f, 0x80, 0x7, 0xe0, 0x3f,
    0x91, 0xbf, 0x0, 0x3f, 0xff, 0xf0, 0x0, 0x1b,
    0xfd, 0x0,

    /* U+00F3 "ó" */
    0x0, 0x0, 0x19, 0x0, 0x0, 0x0, 0xf4, 0x0,
    0x0, 0xf, 0x80, 0x0, 0x0, 0xb8, 0x0, 0x0,
    0x7, 0xc0, 0x0, 0x0, 0x3c, 0x0, 0x0, 0x0,
    0x0, 0x0, 0x0, 0x0, 0x0, 0x0, 0x0, 0x6f,
    0xf4, 0x0, 0xf, 0xff, 0xfc, 0x0, 0xff, 0x46,
    0xfc, 0x7, 0xe0, 0x2, 0xf8, 0x3f, 0x0, 0x3,
    0xf0, 0xf8, 0x0, 0x7, 0xd7, 0xd0, 0x0, 0xf,
    0x5f, 0x0, 0x0, 0x3e, 0x7c, 0x0, 0x0, 0xf9,
    0xf4, 0x0, 0x3, 0xd3, 0xe0, 0x0, 0x1f, 0x4f,
    0xc0, 0x0, 0xfc, 0x1f, 0x80, 0x7, 0xe0, 0x3f,
    0x91, 0xbf, 0x0, 0x3f, 0xff, 0xf0, 0x0, 0x1b,
    0xfd, 0x0,

    /* U+00F4 "ô" */
    0x0, 0x6, 0x40, 0x0, 0x0, 0x3f, 0x0, 0x0,
    0x2, 0xff, 0x0, 0x0, 0x1f, 0x2d, 0x0, 0x0,
    0xf0, 0x3c, 0x0, 0x7, 0x40, 0x78, 0x0, 0x0,
    0x0, 0x0, 0x0, 0x0, 0x0, 0x0, 0x0, 0x6f,
    0xf4, 0x0, 0xf, 0xff, 0xfc, 0x0, 0xff, 0x46,
    0xfc, 0x7, 0xe0, 0x2, 0xf8, 0x3f, 0x0, 0x3,
    0xf0, 0xf8, 0x0, 0x7, 0xd7, 0xd0, 0x0, 0xf,
    0x5f, 0x0, 0x0, 0x3e, 0x7c, 0x0, 0x0, 0xf9,
    0xf4, 0x0, 0x3, 0xd3, 0xe0, 0x0, 0x1f, 0x4f,
    0xc0, 0x0, 0xfc, 0x1f, 0x80, 0x7, 0xe0, 0x3f,
    0x91, 0xbf, 0x0, 0x3f, 0xff, 0xf0, 0x0, 0x1b,
    0xfd, 0x0,

    /* U+00F5 "õ" */
    0x0, 0xbe, 0xb, 0x0, 0xb, 0xff, 0xf8, 0x0,
    0x3c, 0x1f, 0xc0, 0x0, 0x0, 0x0, 0x0, 0x0,
    0x0, 0x0, 0x0, 0x0, 0x0, 0x0, 0x0, 0x6,
    0xff, 0x40, 0x0, 0xff, 0xff, 0xc0, 0xf, 0xf4,
    0x6f, 0xc0, 0x7e, 0x0, 0x2f, 0x83, 0xf0, 0x0,
    0x3f, 0xf, 0x80, 0x0, 0x7d, 0x7d, 0x0, 0x0,
    0xf5, 0xf0, 0x0, 0x3, 0xe7, 0xc0, 0x0, 0xf,
    0x9f, 0x40, 0x0, 0x3d, 0x3e, 0x0, 0x1, 0xf4,
    0xfc, 0x0, 0xf, 0xc1, 0xf8, 0x0, 0x7e, 0x3,
    0xf9, 0x1b, 0xf0, 0x3, 0xff, 0xff, 0x0, 0x1,
    0xbf, 0xd0, 0x0,

    /* U+00F6 "ö" */
    0x1, 0xf4, 0x3e, 0x0, 0x7, 0xd0, 0xf8, 0x0,
    0x1f, 0x3, 0xe0, 0x0, 0x0, 0x0, 0x0, 0x0,
    0x0, 0x0, 0x0, 0x0, 0x0, 0x0, 0x0, 0x6,
    0xff, 0x40, 0x0, 0xff, 0xff, 0xc0, 0xf, 0xf4,
    0x6f, 0xc0, 0x7e, 0x0, 0x2f, 0x83, 0xf0, 0x0,
    0x3f, 0xf, 0x80, 0x0, 0x7d, 0x7d, 0x0, 0x0,
    0xf5, 0xf0, 0x0, 0x3, 0xe7, 0xc0, 0x0, 0xf,
    0x9f, 0x40, 0x0, 0x3d, 0x3e, 0x0, 0x1, 0xf4,
    0xfc, 0x0, 0xf, 0xc1, 0xf8, 0x0, 0x7e, 0x3,
    0xf9, 0x1b, 0xf0, 0x3, 0xff, 0xff, 0x0, 0x1,
    0xbf, 0xd0, 0x0,

    /* U+00F7 "÷" */
    0x0, 0x0, 0xfd, 0x0, 0x0, 0x0, 0x3, 0xf4,
    0x0, 0x0, 0x0, 0xf, 0xd0, 0x0, 0x0, 0x0,
    0x15, 0x0, 0x0, 0x0, 0x0, 0x0, 0x0, 0x0,
    0x55, 0x55, 0x55, 0x55, 0x43, 0xff, 0xff, 0xff,
    0xff, 0x8f, 0xff, 0xff, 0xff, 0xfe, 0x0, 0x0,
    0x0, 0x0, 0x0, 0x0, 0x0, 0x0, 0x0, 0x0,
    0x0, 0x5, 0x40, 0x0, 0x0, 0x0, 0x3f, 0x40,
    0x0, 0x0, 0x0, 0xfd, 0x0, 0x0, 0x0, 0x3,
    0xf4, 0x0, 0x0,

    /* U+00F8 "ø" */
    0x0, 0x0, 0x0, 0x5, 0x0, 0x6, 0xfe, 0x47,
    0xc0, 0xf, 0xff, 0xff, 0xc0, 0xf, 0xe4, 0x6f,
    0xd0, 0x7, 0xe0, 0x3, 0xf8, 0x3, 0xf0, 0x2,
    0xff, 0x0, 0xf8, 0x1, 0xe7, 0xd0, 0x7d, 0x1,
    0xe0, 0xf4, 0x1f, 0x0, 0xf0, 0x3e, 0x7, 0xc0,
    0xf0, 0xf, 0x81, 0xf4, 0xf4, 0x3, 0xd0, 0x3e,
    0xb8, 0x1, 0xf4, 0xf, 0xf8, 0x0, 0xfc, 0x1,
    0xfc, 0x0, 0xbe, 0x0, 0x3f, 0x91, 0xbf, 0x0,
    0x3f, 0xff, 0xff, 0x0, 0x2d, 0x1b, 0xfd, 0x0,
    0x6, 0x0, 0x0, 0x0, 0x0,

    /* U+00F9 "ù" */
    0x6, 0x40, 0x0, 0x0, 0x3d, 0x0, 0x0, 0x1,
    0xf0, 0x0, 0x0, 0xb, 0xc0, 0x0, 0x0, 0x2e,
    0x0, 0x0, 0x0, 0xf0, 0x0, 0x0, 0x0, 0x0,
    0x0, 0x0, 0x0, 0x0, 0xbc, 0x0, 0x7, 0xcb,
    0xc0, 0x0, 0x7c, 0xbc, 0x0, 0x7, 0xcb, 0xc0,
    0x0, 0x7c, 0xbc, 0x0, 0x7, 0xcb, 0xc0, 0x0,
    0x7c, 0xbc, 0x0, 0x7, 0xcb, 0xc0, 0x0, 0x7c,
    0xbc, 0x0, 0x7, 0xcb, 0xc0, 0x0, 0x7c, 0xbc,
    0x0, 0xb, 0xc7, 0xc0, 0x0, 0xfc, 0x3e, 0x0,
    0x2f, 0xc3, 0xf9, 0x5f, 0xbc, 0xf, 0xff, 0xe7,
    0xc0, 0x2f, 0xe4, 0x7c,

    /* U+00FA "ú" */
    0x0, 0x0, 0x64, 0x0, 0x0, 0xf, 0x40, 0x0,
    0x3, 0xe0, 0x0, 0x0, 0xbc, 0x0, 0x0, 0xf,
    0x0, 0x0, 0x3, 0xd0, 0x0, 0x0, 0x0, 0x0,
    0x0, 0x0, 0x0, 0x0, 0xbc, 0x0, 0x7, 0xcb,
    0xc0, 0x0, 0x7c, 0xbc, 0x0, 0x7, 0xcb, 0xc0,
    0x0, 0x7c, 0xbc, 0x0, 0x7, 0xcb, 0xc0, 0x0,
    0x7c, 0xbc, 0x0, 0x7, 0xcb, 0xc0, 0x0, 0x7c,
    0xbc, 0x0, 0x7, 0xcb, 0xc0, 0x0, 0x7c, 0xbc,
    0x0, 0xb, 0xc7, 0xc0, 0x0, 0xfc, 0x3e, 0x0,
    0x2f, 0xc3, 0xf9, 0x5f, 0xbc, 0xf, 0xff, 0xe7,
    0xc0, 0x2f, 0xe4, 0x7c,

    /* U+00FB "û" */
    0x0, 0x9, 0x0, 0x0, 0x3, 0xf4, 0x0, 0x0,
    0xbf, 0xc0, 0x0, 0xf, 0x2e, 0x0, 0x3, 0xd0,
    0xf0, 0x0, 0x78, 0x3, 0x80, 0x0, 0x0, 0x0,
    0x0, 0x0, 0x0, 0x0, 0xbc, 0x0, 0x7, 0xcb,
    0xc0, 0x0, 0x7c, 0xbc, 0x0, 0x7, 0xcb, 0xc0,
    0x0, 0x7c, 0xbc, 0x0, 0x7, 0xcb, 0xc0, 0x0,
    0x7c, 0xbc, 0x0, 0x7, 0xcb, 0xc0, 0x0, 0x7c,
    0xbc, 0x0, 0x7, 0xcb, 0xc0, 0x0, 0x7c, 0xbc,
    0x0, 0xb, 0xc7, 0xc0, 0x0, 0xfc, 0x3e, 0x0,
    0x2f, 0xc3, 0xf9, 0x5f, 0xbc, 0xf, 0xff, 0xe7,
    0xc0, 0x2f, 0xe4, 0x7c,

    /* U+00FC "ü" */
    0x7, 0xd0, 0xfc, 0x0, 0x7d, 0xf, 0xc0, 0x7,
    0xd0, 0xf8, 0x0, 0x0, 0x0, 0x0, 0x0, 0x0,
    0x0, 0x0, 0x0, 0x0, 0x0, 0xbc, 0x0, 0x7,
    0xcb, 0xc0, 0x0, 0x7c, 0xbc, 0x0, 0x7, 0xcb,
    0xc0, 0x0, 0x7c, 0xbc, 0x0, 0x7, 0xcb, 0xc0,
    0x0, 0x7c, 0xbc, 0x0, 0x7, 0xcb, 0xc0, 0x0,
    0x7c, 0xbc, 0x0, 0x7, 0xcb, 0xc0, 0x0, 0x7c,
    0xbc, 0x0, 0xb, 0xc7, 0xc0, 0x0, 0xfc, 0x3e,
    0x0, 0x2f, 0xc3, 0xf9, 0x5f, 0xbc, 0xf, 0xff,
    0xe7, 0xc0, 0x2f, 0xe4, 0x7c,

    /* U+00FD "ý" */
    0x0, 0x0, 0xf, 0x80, 0x0, 0x0, 0x3e, 0x0,
    0x0, 0x0, 0xbc, 0x0, 0x0, 0x1, 0xf0, 0x0,
    0x0, 0x3, 0xd0, 0x0, 0x0, 0x2, 0x40, 0x0,
    0x0, 0x0, 0x0, 0x0, 0x3e, 0x0, 0x0, 0x3e,
    0x2f, 0x0, 0x0, 0xbc, 0xf, 0x40, 0x0, 0xfc,
    0xf, 0xc0, 0x1, 0xf4, 0x7, 0xc0, 0x2, 0xf0,
    0x3, 0xe0, 0x3, 0xe0, 0x2, 0xf0, 0x7, 0xc0,
    0x0, 0xf4, 0xf, 0xc0, 0x0, 0xfc, 0xf, 0x40,
    0x0, 0x7c, 0x2f, 0x0, 0x0, 0x3e, 0x3e, 0x0,
    0x0, 0x2f, 0x7d, 0x0, 0x0, 0xf, 0xfc, 0x0,
    0x0, 0xf, 0xf8, 0x0, 0x0, 0x7, 0xf0, 0x0,
    0x0, 0x3, 0xf0, 0x0, 0x0, 0x7, 0xd0, 0x0,
    0x0, 0xb, 0xc0, 0x0, 0x0, 0xf, 0x80, 0x0,
    0x0, 0x7f, 0x0, 0x0, 0xf, 0xfd, 0x0, 0x0,
    0xf, 0xf4, 0x0, 0x0,

    /* U+00FE "þ" */
    0x7c, 0x0, 0x0, 0x1, 0xf0, 0x0, 0x0, 0x7,
    0xc0, 0x0, 0x0, 0x1f, 0x0, 0x0, 0x0, 0x7c,
    0x0, 0x0, 0x1, 0xf0, 0x0, 0x0, 0x7, 0xc1,
    0xff, 0x40, 0x1f, 0x3f, 0xff, 0x80, 0x7f, 0xe4,
    0x7f, 0x81, 0xfd, 0x0, 0x2f, 0x47, 0xf0, 0x0,
    0x3e, 0x1f, 0x40, 0x0, 0xbc, 0x7c, 0x0, 0x1,
    0xf1, 0xf0, 0x0, 0x7, 0xc7, 0xc0, 0x0, 0x1f,
    0x1f, 0x0, 0x0, 0x7c, 0x7d, 0x0, 0x2, 0xf1,
    0xfc, 0x0, 0xf, 0x87, 0xf4, 0x0, 0xbd, 0x1f,
    0xf9, 0x1f, 0xe0, 0x7c, 0xff, 0xff, 0x1, 0xf0,
    0x7f, 0xd0, 0x7, 0xc0, 0x0, 0x0, 0x1f, 0x0,
    0x0, 0x0, 0x7c, 0x0, 0x0, 0x1, 0xf0, 0x0,
    0x0, 0x7, 0xc0, 0x0, 0x0, 0x1f, 0x0, 0x0,
    0x0,

    /* U+00FF "ÿ" */
    0x0, 0xfc, 0x1f, 0x40, 0x0, 0xfc, 0x1f, 0x40,
    0x0, 0xbc, 0x1f, 0x40, 0x0, 0x0, 0x0, 0x0,
    0x0, 0x0, 0x0, 0x0, 0x0, 0x0, 0x0, 0x0,
    0x3e, 0x0, 0x0, 0x3e, 0x2f, 0x0, 0x0, 0xbc,
    0xf, 0x40, 0x0, 0xfc, 0xf, 0xc0, 0x1, 0xf4,
    0x7, 0xc0, 0x2, 0xf0, 0x3, 0xe0, 0x3, 0xe0,
    0x2, 0xf0, 0x7, 0xc0, 0x0, 0xf4, 0xf, 0xc0,
    0x0, 0xfc, 0xf, 0x40, 0x0, 0x7c, 0x2f, 0x0,
    0x0, 0x3e, 0x3e, 0x0, 0x0, 0x2f, 0x7d, 0x0,
    0x0, 0xf, 0xfc, 0x0, 0x0, 0xf, 0xf8, 0x0,
    0x0, 0x7, 0xf0, 0x0, 0x0, 0x3, 0xf0, 0x0,
    0x0, 0x7, 0xd0, 0x0, 0x0, 0xb, 0xc0, 0x0,
    0x0, 0xf, 0x80, 0x0, 0x0, 0x7f, 0x0, 0x0,
    0xf, 0xfd, 0x0, 0x0, 0xf, 0xf4, 0x0, 0x0,

    /* U+0100 "Ā" */
    0x0, 0x2f, 0xff, 0xe0, 0x0, 0x0, 0xbf, 0xff,
    0x80, 0x0, 0x0, 0x0, 0x0, 0x0, 0x0, 0x0,
    0x0, 0x0, 0x0, 0x0, 0x0, 0x0, 0x0, 0x0,
    0x0, 0x3, 0xf4, 0x0, 0x0, 0x0, 0x2f, 0xe0,
    0x0, 0x0, 0x0, 0xff, 0xc0, 0x0, 0x0, 0x7,
    0xdf, 0x40, 0x0, 0x0, 0x2f, 0x3f, 0x0, 0x0,
    0x0, 0xf8, 0x7c, 0x0, 0x0, 0x7, 0xc0, 0xf8,
    0x0, 0x0, 0x3f, 0x2, 0xf0, 0x0, 0x0, 0xf4,
    0x7, 0xd0, 0x0, 0xb, 0xc0, 0xf, 0x80, 0x0,
    0x3e, 0x0, 0x2f, 0x0, 0x1, 0xf4, 0x0, 0x3d,
    0x0, 0xb, 0xc0, 0x0, 0xfc, 0x0, 0x3f, 0xff,
    0xff, 0xf0, 0x1, 0xff, 0xff, 0xff, 0xe0, 0xb,
    0xd5, 0x55, 0x5f, 0xc0, 0x3e, 0x0, 0x0, 0x1f,
    0x41, 0xf4, 0x0, 0x0, 0x3e, 0xf, 0xc0, 0x0,
    0x0, 0xfc, 0x3e, 0x0, 0x0, 0x1, 0xf6, 0xf4,
    0x0, 0x0, 0x3, 0xe0,

    /* U+0101 "ā" */
    0x3, 0xff, 0xfc, 0x0, 0x3f, 0xff, 0xc0, 0x0,
    0x0, 0x0, 0x0, 0x0, 0x0, 0x0, 0x0, 0x0,
    0x0, 0x0, 0x0, 0x0, 0x0, 0x1, 0xbf, 0xe4,
    0x0, 0xff, 0xff, 0xe0, 0xe, 0x51, 0x7f, 0x40,
    0x0, 0x0, 0xbc, 0x0, 0x0, 0x3, 0xd0, 0x0,
    0x0, 0x3d, 0x1, 0xbf, 0xff, 0xe0, 0xbf, 0xff,
    0xfe, 0x2f, 0x90, 0x3, 0xe3, 0xe0, 0x0, 0x3e,
    0x7d, 0x0, 0x3, 0xe7, 0xd0, 0x0, 0xbe, 0x3e,
    0x0, 0x1f, 0xe3, 0xf9, 0x1b, 0xfe, 0xf, 0xff,
    0xf3, 0xe0, 0x2f, 0xf4, 0x3e,

    /* U+0102 "Ă" */
    0x0, 0x1d, 0x0, 0xb0, 0x0, 0x0, 0x3c, 0x7,
    0xc0, 0x0, 0x0, 0xbf, 0xfc, 0x0, 0x0, 0x0,
    0x7f, 0x80, 0x0, 0x0, 0x0, 0x0, 0x0, 0x0,
    0x0, 0x0, 0x0, 0x0, 0x0, 0x0, 0xf, 0xd0,
    0x0, 0x0, 0x0, 0xbf, 0x80, 0x0, 0x0, 0x3,
    0xff, 0x0, 0x0, 0x0, 0x1f, 0x7d, 0x0, 0x0,
    0x0, 0xbc, 0xfc, 0x0, 0x0, 0x3, 0xe1, 0xf0,
    0x0, 0x0, 0x1f, 0x3, 0xe0, 0x0, 0x0, 0xfc,
    0xb, 0xc0, 0x0, 0x3, 0xd0, 0x1f, 0x40, 0x0,
    0x2f, 0x0, 0x3e, 0x0, 0x0, 0xf8, 0x0, 0xbc,
    0x0, 0x7, 0xd0, 0x0, 0xf4, 0x0, 0x2f, 0x0,
    0x3, 0xf0, 0x0, 0xff, 0xff, 0xff, 0xc0, 0x7,
    0xff, 0xff, 0xff, 0x80, 0x2f, 0x55, 0x55, 0x7f,
    0x0, 0xf8, 0x0, 0x0, 0x7d, 0x7, 0xd0, 0x0,
    0x0, 0xf8, 0x3f, 0x0, 0x0, 0x3, 0xf0, 0xf8,
    0x0, 0x0, 0x7, 0xdb, 0xd0, 0x0, 0x0, 0xf,
    0x80,

    /* U+0103 "ă" */
    0x3, 0x80, 0x1c, 0x0, 0x3d, 0x7, 0xc0, 0x1,
    0xff, 0xf4, 0x0, 0x2, 0xf9, 0x0, 0x0, 0x0,
    0x0, 0x0, 0x0, 0x0, 0x0, 0x1, 0xbf, 0xe4,
    0x0, 0xff, 0xff, 0xe0, 0xe, 0x51, 0x7f, 0x40,
    0x0, 0x0, 0xbc, 0x0, 0x0, 0x3, 0xd0, 0x0,
    0x0, 0x3d, 0x1, 0xbf, 0xff, 0xe0, 0xbf, 0xff,
    0xfe, 0x2f, 0x90, 0x3, 0xe3, 0xe0, 0x0, 0x3e,
    0x7d, 0x0, 0x3, 0xe7, 0xd0, 0x0, 0xbe, 0x3e,
    0x0, 0x1f, 0xe3, 0xf9, 0x1b, 0xfe, 0xf, 0xff,
    0xf3, 0xe0, 0x2f, 0xf4, 0x3e,

    /* U+0104 "Ą" */
    0x0, 0x0, 0xfd, 0x0, 0x0, 0x0, 0x2, 0xfe,
    0x0, 0x0, 0x0, 0x3, 0xff, 0x0, 0x0, 0x0,
    0x7, 0xff, 0x40, 0x0, 0x0, 0xb, 0xcf, 0xc0,
    0x0, 0x0, 0xf, 0xcb, 0xc0, 0x0, 0x0, 0x1f,
    0x47, 0xe0, 0x0, 0x0, 0x3f, 0x3, 0xf0, 0x0,
    0x0, 0x3e, 0x2, 0xf4, 0x0, 0x0, 0xbd, 0x0,
    0xf8, 0x0, 0x0, 0xfc, 0x0, 0xfc, 0x0, 0x1,
    0xf8, 0x0, 0x7d, 0x0, 0x2, 0xf0, 0x0, 0x3f,
    0x0, 0x3, 0xf5, 0x55, 0x7f, 0x0, 0x7, 0xff,
    0xff, 0xff, 0x80, 0xb, 0xff, 0xff, 0xff, 0xc0,
    0xf, 0xc0, 0x0, 0xb, 0xd0, 0x1f, 0x40, 0x0,
    0x7, 0xe0, 0x3f, 0x0, 0x0, 0x3, 0xf0, 0x3e,
    0x0, 0x0, 0x2, 0xf4, 0xbd, 0x0, 0x0, 0x0,
    0xf8, 0x0, 0x0, 0x0, 0x0, 0xd0, 0x0, 0x0,
    0x0, 0x3, 0xc0, 0x0, 0x0, 0x0, 0x3, 0x80,
    0x0, 0x0, 0x0, 0x7, 0x80, 0x0, 0x0, 0x0,
    0x3, 0xfe, 0x0, 0x0, 0x0, 0x1, 0xfe,

    /* U+0105 "ą" */
    0x1, 0xbf, 0xe4, 0x0, 0x3f, 0xff, 0xf8, 0x0,
    0xf9, 0x17, 0xf4, 0x1, 0x0, 0x3, 0xf0, 0x0,
    0x0, 0x7, 0xd0, 0x0, 0x0, 0xf, 0x40, 0x0,
    0x0, 0x3e, 0x0, 0x6f, 0xff, 0xf8, 0xf, 0xff,
    0xff, 0xe0, 0xfe, 0x0, 0xf, 0x83, 0xd0, 0x0,
    0x3e, 0x1f, 0x0, 0x1, 0xf8, 0x3e, 0x0, 0xf,
    0xe0, 0xfe, 0x46, 0xff, 0x81, 0xff, 0xff, 0x3e,
    0x0, 0xbf, 0xe0, 0xf8, 0x0, 0x0, 0x3, 0x40,
    0x0, 0x0, 0x3c, 0x0, 0x0, 0x0, 0xe0, 0x0,
    0x0, 0x7, 0x80, 0x0, 0x0, 0xf, 0xf8, 0x0,
    0x0, 0x1f, 0xe0,

    /* U+0106 "Ć" */
    0x0, 0x0, 0x7, 0xc0, 0x0, 0x0, 0x0, 0xf0,
    0x0, 0x0, 0x0, 0x3d, 0x0, 0x0, 0x0, 0x7,
    0x80, 0x0, 0x0, 0x0, 0x0, 0x0, 0x0, 0x0,
    0x0, 0x0, 0x0, 0x0, 0x6, 0xff, 0xe4, 0x0,
    0x7, 0xff, 0xff, 0xf4, 0x1, 0xff, 0x95, 0xbf,
    0xc0, 0x7f, 0x40, 0x0, 0x2c, 0xf, 0xd0, 0x0,
    0x0, 0x41, 0xf8, 0x0, 0x0, 0x0, 0x3f, 0x0,
    0x0, 0x0, 0x3, 0xf0, 0x0, 0x0, 0x0, 0x7e,
    0x0, 0x0, 0x0, 0x7, 0xe0, 0x0, 0x0, 0x0,
    0x7d, 0x0, 0x0, 0x0, 0x7, 0xe0, 0x0, 0x0,
    0x0, 0x7e, 0x0, 0x0, 0x0, 0x3, 0xf0, 0x0,
    0x0, 0x0, 0x3f, 0x0, 0x0, 0x0, 0x1, 0xf8,
    0x0, 0x0, 0x0, 0xf, 0xd0, 0x0, 0x0, 0x40,
    0x7f, 0x40, 0x0, 0x2c, 0x1, 0xff, 0x95, 0xbf,
    0xc0, 0x7, 0xff, 0xff, 0xf4, 0x0, 0x6, 0xff,
    0xe4, 0x0,

    /* U+0107 "ć" */
    0x0, 0x0, 0xa, 0x0, 0x0, 0xf, 0x80, 0x0,
    0xb, 0xc0, 0x0, 0x7, 0xc0, 0x0, 0x3, 0xd0,
    0x0, 0x2, 0xd0, 0x0, 0x0, 0x0, 0x0, 0x0,
    0x0, 0x0, 0x0, 0x2f, 0xf9, 0x0, 0xbf, 0xff,
    0xe0, 0xbf, 0x51, 0x78, 0x7f, 0x0, 0x0, 0x3f,
    0x0, 0x0, 0xf, 0x80, 0x0, 0x7, 0xd0, 0x0,
    0x1, 0xf0, 0x0, 0x0, 0x7c, 0x0, 0x0, 0x1f,
    0x40, 0x0, 0x3, 0xe0, 0x0, 0x0, 0xfc, 0x0,
    0x0, 0x1f, 0x80, 0x0, 0x2, 0xfd, 0x5, 0xe0,
    0x2f, 0xff, 0xf8, 0x0, 0xbf, 0xe4,

    /* U+0108 "Ĉ" */
    0x0, 0x0, 0x3f, 0x0, 0x0, 0x0, 0xf, 0xbc,
    0x0, 0x0, 0x2, 0xe1, 0xe0, 0x0, 0x0, 0x78,
    0xb, 0x40, 0x0, 0x0, 0x0, 0x0, 0x0, 0x0,
    0x0, 0x0, 0x0, 0x0, 0x6, 0xff, 0xe4, 0x0,
    0x7, 0xff, 0xff, 0xf4, 0x1, 0xff, 0x95, 0xbf,
    0xc0, 0x7f, 0x40, 0x0, 0x2c, 0xf, 0xd0, 0x0,
    0x0, 0x41, 0xf8, 0x0, 0x0, 0x0, 0x3f, 0x0,
    0x0, 0x0, 0x3, 0xf0, 0x0, 0x0, 0x0, 0x7e,
    0x0, 0x0, 0x0, 0x7, 0xe0, 0x0, 0x0, 0x0,
    0x7d, 0x0, 0x0, 0x0, 0x7, 0xe0, 0x0, 0x0,
    0x0, 0x7e, 0x0, 0x0, 0x0, 0x3, 0xf0, 0x0,
    0x0, 0x0, 0x3f, 0x0, 0x0, 0x0, 0x1, 0xf8,
    0x0, 0x0, 0x0, 0xf, 0xd0, 0x0, 0x0, 0x40,
    0x7f, 0x40, 0x0, 0x2c, 0x1, 0xff, 0x95, 0xbf,
    0xc0, 0x7, 0xff, 0xff, 0xf4, 0x0, 0x6, 0xff,
    0xe4, 0x0,

    /* U+0109 "ĉ" */
    0x0, 0x1, 0x80, 0x0, 0x1, 0xfc, 0x0, 0x0,
    0xff, 0x40, 0x0, 0xb8, 0xf0, 0x0, 0x3c, 0x1e,
    0x0, 0x3c, 0x2, 0xd0, 0x0, 0x0, 0x0, 0x0,
    0x0, 0x0, 0x0, 0x2f, 0xf9, 0x0, 0xbf, 0xff,
    0xe0, 0xbf, 0x51, 0x78, 0x7f, 0x0, 0x0, 0x3f,
    0x0, 0x0, 0xf, 0x80, 0x0, 0x7, 0xd0, 0x0,
    0x1, 0xf0, 0x0, 0x0, 0x7c, 0x0, 0x0, 0x1f,
    0x40, 0x0, 0x3, 0xe0, 0x0, 0x0, 0xfc, 0x0,
    0x0, 0x1f, 0x80, 0x0, 0x2, 0xfd, 0x5, 0xe0,
    0x2f, 0xff, 0xf8, 0x0, 0xbf, 0xe4,

    /* U+010A "Ċ" */
    0x0, 0x0, 0x2f, 0x0, 0x0, 0x0, 0x3, 0xf0,
    0x0, 0x0, 0x0, 0x3f, 0x0, 0x0, 0x0, 0x0,
    0x0, 0x0, 0x0, 0x0, 0x0, 0x0, 0x0, 0x0,
    0x0, 0x0, 0x0, 0x0, 0x6, 0xff, 0xe4, 0x0,
    0x7, 0xff, 0xff, 0xf4, 0x1, 0xff, 0x95, 0xbf,
    0xc0, 0x7f, 0x40, 0x0, 0x2c, 0xf, 0xd0, 0x0,
    0x0, 0x41, 0xf8, 0x0, 0x0, 0x0, 0x3f, 0x0,
    0x0, 0x0, 0x3, 0xf0, 0x0, 0x0, 0x0, 0x7e,
    0x0, 0x0, 0x0, 0x7, 0xe0, 0x0, 0x0, 0x0,
    0x7d, 0x0, 0x0, 0x0, 0x7, 0xe0, 0x0, 0x0,
    0x0, 0x7e, 0x0, 0x0, 0x0, 0x3, 0xf0, 0x0,
    0x0, 0x0, 0x3f, 0x0, 0x0, 0x0, 0x1, 0xf8,
    0x0, 0x0, 0x0, 0xf, 0xd0, 0x0, 0x0, 0x40,
    0x7f, 0x40, 0x0, 0x2c, 0x1, 0xff, 0x95, 0xbf,
    0xc0, 0x7, 0xff, 0xff, 0xf4, 0x0, 0x6, 0xff,
    0xe4, 0x0,

    /* U+010B "ċ" */
    0x0, 0x3, 0xd0, 0x0, 0x0, 0xf4, 0x0, 0x0,
    0x3d, 0x0, 0x0, 0x5, 0x0, 0x0, 0x0, 0x0,
    0x0, 0x0, 0x0, 0x0, 0x2, 0xff, 0x90, 0xb,
    0xff, 0xfe, 0xb, 0xf5, 0x17, 0x87, 0xf0, 0x0,
    0x3, 0xf0, 0x0, 0x0, 0xf8, 0x0, 0x0, 0x7d,
    0x0, 0x0, 0x1f, 0x0, 0x0, 0x7, 0xc0, 0x0,
    0x1, 0xf4, 0x0, 0x0, 0x3e, 0x0, 0x0, 0xf,
    0xc0, 0x0, 0x1, 0xf8, 0x0, 0x0, 0x2f, 0xd0,
    0x5e, 0x2, 0xff, 0xff, 0x80, 0xb, 0xfe, 0x40,

    /* U+010C "Č" */
    0x0, 0xb, 0x40, 0xf0, 0x0, 0x0, 0x3c, 0x3c,
    0x0, 0x0, 0x1, 0xfb, 0x40, 0x0, 0x0, 0xb,
    0xf0, 0x0, 0x0, 0x0, 0x0, 0x0, 0x0, 0x0,
    0x0, 0x0, 0x0, 0x0, 0x6, 0xff, 0xe4, 0x0,
    0x7, 0xff, 0xff, 0xf4, 0x1, 0xff, 0x95, 0xbf,
    0xc0, 0x7f, 0x40, 0x0, 0x2c, 0xf, 0xd0, 0x0,
    0x0, 0x41, 0xf8, 0x0, 0x0, 0x0, 0x3f, 0x0,
    0x0, 0x0, 0x3, 0xf0, 0x0, 0x0, 0x0, 0x7e,
    0x0, 0x0, 0x0, 0x7, 0xe0, 0x0, 0x0, 0x0,
    0x7d, 0x0, 0x0, 0x0, 0x7, 0xe0, 0x0, 0x0,
    0x0, 0x7e, 0x0, 0x0, 0x0, 0x3, 0xf0, 0x0,
    0x0, 0x0, 0x3f, 0x0, 0x0, 0x0, 0x1, 0xf8,
    0x0, 0x0, 0x0, 0xf, 0xd0, 0x0, 0x0, 0x40,
    0x7f, 0x40, 0x0, 0x2c, 0x1, 0xff, 0x95, 0xbf,
    0xc0, 0x7, 0xff, 0xff, 0xf4, 0x0, 0x6, 0xff,
    0xe4, 0x0,

    /* U+010D "č" */
    0x0, 0x90, 0x5, 0x0, 0x3c, 0x7, 0x80, 0x7,
    0xc3, 0xc0, 0x0, 0xb6, 0xd0, 0x0, 0xf, 0xf0,
    0x0, 0x1, 0xf0, 0x0, 0x0, 0x0, 0x0, 0x0,
    0x0, 0x0, 0x0, 0x2f, 0xf9, 0x0, 0xbf, 0xff,
    0xe0, 0xbf, 0x51, 0x78, 0x7f, 0x0, 0x0, 0x3f,
    0x0, 0x0, 0xf, 0x80, 0x0, 0x7, 0xd0, 0x0,
    0x1, 0xf0, 0x0, 0x0, 0x7c, 0x0, 0x0, 0x1f,
    0x40, 0x0, 0x3, 0xe0, 0x0, 0x0, 0xfc, 0x0,
    0x0, 0x1f, 0x80, 0x0, 0x2, 0xfd, 0x5, 0xe0,
    0x2f, 0xff, 0xf8, 0x0, 0xbf, 0xe4,

    /* U+010E "Ď" */
    0x0, 0x50, 0x5, 0x0, 0x0, 0x3, 0xc1, 0xe0,
    0x0, 0x0, 0x1f, 0x78, 0x0, 0x0, 0x0, 0x7f,
    0x0, 0x0, 0x0, 0x0, 0x0, 0x0, 0x0, 0x0,
    0x0, 0x0, 0x0, 0x7f, 0xff, 0xf9, 0x0, 0x7,
    0xff, 0xff, 0xfe, 0x0, 0x7e, 0x55, 0x6f, 0xfc,
    0x7, 0xe0, 0x0, 0xf, 0xf0, 0x7e, 0x0, 0x0,
    0x3f, 0x87, 0xe0, 0x0, 0x0, 0xfc, 0x7e, 0x0,
    0x0, 0xb, 0xd7, 0xe0, 0x0, 0x0, 0x7e, 0x7e,
    0x0, 0x0, 0x3, 0xf7, 0xe0, 0x0, 0x0, 0x3f,
    0x7e, 0x0, 0x0, 0x3, 0xf7, 0xe0, 0x0, 0x0,
    0x3f, 0x7e, 0x0, 0x0, 0x3, 0xf7, 0xe0, 0x0,
    0x0, 0x7e, 0x7e, 0x0, 0x0, 0xb, 0xd7, 0xe0,
    0x0, 0x0, 0xfc, 0x7e, 0x0, 0x0, 0x3f, 0x87,
    0xe0, 0x0, 0xf, 0xf0, 0x7e, 0x55, 0x6f, 0xfc,
    0x7, 0xff, 0xff, 0xfe, 0x0, 0x7f, 0xff, 0xf9,
    0x0, 0x0,

    /* U+010F "ď" */
    0x0, 0x0, 0x1, 0xf0, 0x7d, 0x0, 0x0, 0x1,
    0xf0, 0xbc, 0x0, 0x0, 0x1, 0xf0, 0xb8, 0x0,
    0x0, 0x1, 0xf0, 0xf4, 0x0, 0x0, 0x1, 0xf0,
    0xf0, 0x0, 0x0, 0x1, 0xf0, 0x50, 0x0, 0xbf,
    0xd1, 0xf0, 0x0, 0x3, 0xff, 0xf9, 0xf0, 0x0,
    0xf, 0xe4, 0x6f, 0xf0, 0x0, 0x1f, 0x40, 0xb,
    0xf0, 0x0, 0x3f, 0x0, 0x3, 0xf0, 0x0, 0x3d,
    0x0, 0x2, 0xf0, 0x0, 0x7d, 0x0, 0x1, 0xf0,
    0x0, 0x7c, 0x0, 0x1, 0xf0, 0x0, 0x7c, 0x0,
    0x1, 0xf0, 0x0, 0x7d, 0x0, 0x1, 0xf0, 0x0,
    0x3d, 0x0, 0x2, 0xf0, 0x0, 0x3f, 0x0, 0x3,
    0xf0, 0x0, 0x2f, 0x40, 0xb, 0xf0, 0x0, 0xf,
    0xe4, 0x6f, 0xf0, 0x0, 0x3, 0xff, 0xf9, 0xf0,
    0x0, 0x0, 0xbf, 0xd1, 0xf0, 0x0,

    /* U+0110 "Đ" */
    0x3, 0xff, 0xff, 0x90, 0x0, 0x0, 0xff, 0xff,
    0xff, 0x80, 0x0, 0x3f, 0x55, 0x6f, 0xfc, 0x0,
    0xf, 0x80, 0x0, 0x3f, 0xc0, 0x3, 0xe0, 0x0,
    0x2, 0xf8, 0x0, 0xf8, 0x0, 0x0, 0x3f, 0x0,
    0x3e, 0x0, 0x0, 0xb, 0xe0, 0xf, 0x80, 0x0,
    0x0, 0xfc, 0x3, 0xe0, 0x0, 0x0, 0x3f, 0x3f,
    0xff, 0xfd, 0x0, 0xf, 0xcf, 0xff, 0xff, 0x40,
    0x3, 0xf0, 0xf, 0x80, 0x0, 0x0, 0xfc, 0x3,
    0xe0, 0x0, 0x0, 0x3f, 0x0, 0xf8, 0x0, 0x0,
    0xf, 0xc0, 0x3e, 0x0, 0x0, 0xb, 0xe0, 0xf,
    0x80, 0x0, 0x3, 0xf0, 0x3, 0xe0, 0x0, 0x2,
    0xf8, 0x0, 0xf8, 0x0, 0x3, 0xfc, 0x0, 0x3f,
    0x55, 0x6f, 0xfc, 0x0, 0xf, 0xff, 0xff, 0xf8,
    0x0, 0x3, 0xff, 0xff, 0x90, 0x0, 0x0,

    /* U+0111 "đ" */
    0x0, 0x0, 0x1, 0xf0, 0x0, 0x0, 0x0, 0x7c,
    0x0, 0x0, 0x2f, 0xff, 0xf4, 0x0, 0xa, 0xaf,
    0xf9, 0x0, 0x0, 0x1, 0xf0, 0x0, 0x0, 0x0,
    0x7c, 0x0, 0xb, 0xfd, 0x1f, 0x0, 0xf, 0xff,
    0xe7, 0xc0, 0xf, 0xe4, 0x6f, 0xf0, 0x7, 0xd0,
    0x2, 0xfc, 0x3, 0xf0, 0x0, 0x3f, 0x0, 0xf4,
    0x0, 0xb, 0xc0, 0x7d, 0x0, 0x1, 0xf0, 0x1f,
    0x0, 0x0, 0x7c, 0x7, 0xc0, 0x0, 0x1f, 0x1,
    0xf4, 0x0, 0x7, 0xc0, 0x3d, 0x0, 0x2, 0xf0,
    0xf, 0xc0, 0x0, 0xfc, 0x2, 0xf4, 0x0, 0xbf,
    0x0, 0x3f, 0x91, 0xbf, 0xc0, 0x3, 0xff, 0xf9,
    0xf0, 0x0, 0x2f, 0xf4, 0x7c, 0x0,

    /* U+0112 "Ē" */
    0x3, 0xff, 0xfd, 0x0, 0x3f, 0xff, 0xd0, 0x0,
    0x0, 0x0, 0x0, 0x0, 0x0, 0x0, 0x0, 0x0,
    0x0, 0x7, 0xff, 0xff, 0xfe, 0x7f, 0xff, 0xff,
    0xe7, 0xe5, 0x55, 0x54, 0x7e, 0x0, 0x0, 0x7,
    0xe0, 0x0, 0x0, 0x7e, 0x0, 0x0, 0x7, 0xe0,
    0x0, 0x0, 0x7e, 0x0, 0x0, 0x7, 0xe5, 0x55,
    0x54, 0x7f, 0xff, 0xff, 0xc7, 0xff, 0xff, 0xfc,
    0x7e, 0x0, 0x0, 0x7, 0xe0, 0x0, 0x0, 0x7e,
    0x0, 0x0, 0x7, 0xe0, 0x0, 0x0, 0x7e, 0x0,
    0x0, 0x7, 0xe0, 0x0, 0x0, 0x7e, 0x0, 0x0,
    0x7, 0xe5, 0x55, 0x55, 0x7f, 0xff, 0xff, 0xf7,
    0xff, 0xff, 0xff,

    /* U+0113 "ē" */
    0x0, 0xff, 0xff, 0x0, 0x3, 0xff, 0xfc, 0x0,
    0x0, 0x0, 0x0, 0x0, 0x0, 0x0, 0x0, 0x0,
    0x0, 0x0, 0x0, 0x0, 0x0, 0x0, 0x0, 0x2,
    0xff, 0x80, 0x0, 0xbf, 0xff, 0xe0, 0xb, 0xf5,
    0x1f, 0xd0, 0x7d, 0x0, 0xb, 0xc3, 0xe0, 0x0,
    0xf, 0x4f, 0x40, 0x0, 0x3e, 0x7f, 0xff, 0xff,
    0xf9, 0xff, 0xff, 0xff, 0xe7, 0xc0, 0x0, 0x0,
    0x1f, 0x40, 0x0, 0x0, 0x3e, 0x0, 0x0, 0x0,
    0xfc, 0x0, 0x0, 0x1, 0xfc, 0x0, 0x1, 0x2,
    0xfe, 0x41, 0xbc, 0x2, 0xff, 0xff, 0xf0, 0x0,
    0xbf, 0xf9, 0x0,

    /* U+0114 "Ĕ" */
    0x1, 0x40, 0x8, 0x0, 0x3d, 0x3, 0xc0, 0x1,
    0xff, 0xf8, 0x0, 0x2, 0xb9, 0x0, 0x0, 0x0,
    0x0, 0x0, 0x0, 0x0, 0x0, 0x7f, 0xff, 0xff,
    0xe7, 0xff, 0xff, 0xfe, 0x7e, 0x55, 0x55, 0x47,
    0xe0, 0x0, 0x0, 0x7e, 0x0, 0x0, 0x7, 0xe0,
    0x0, 0x0, 0x7e, 0x0, 0x0, 0x7, 0xe0, 0x0,
    0x0, 0x7e, 0x55, 0x55, 0x47, 0xff, 0xff, 0xfc,
    0x7f, 0xff, 0xff, 0xc7, 0xe0, 0x0, 0x0, 0x7e,
    0x0, 0x0, 0x7, 0xe0, 0x0, 0x0, 0x7e, 0x0,
    0x0, 0x7, 0xe0, 0x0, 0x0, 0x7e, 0x0, 0x0,
    0x7, 0xe0, 0x0, 0x0, 0x7e, 0x55, 0x55, 0x57,
    0xff, 0xff, 0xff, 0x7f, 0xff, 0xff, 0xf0,

    /* U+0115 "ĕ" */
    0x0, 0xe0, 0x7, 0x0, 0x3, 0xd0, 0x7c, 0x0,
    0x7, 0xff, 0xd0, 0x0, 0x2, 0xf9, 0x0, 0x0,
    0x0, 0x0, 0x0, 0x0, 0x0, 0x0, 0x0, 0x0,
    0x0, 0x0, 0x0, 0xb, 0xfe, 0x0, 0x2, 0xff,
    0xff, 0x80, 0x2f, 0xd4, 0x7f, 0x41, 0xf4, 0x0,
    0x2f, 0xf, 0x80, 0x0, 0x3d, 0x3d, 0x0, 0x0,
    0xf9, 0xff, 0xff, 0xff, 0xe7, 0xff, 0xff, 0xff,
    0x9f, 0x0, 0x0, 0x0, 0x7d, 0x0, 0x0, 0x0,
    0xf8, 0x0, 0x0, 0x3, 0xf0, 0x0, 0x0, 0x7,
    0xf0, 0x0, 0x4, 0xb, 0xf9, 0x6, 0xf0, 0xb,
    0xff, 0xff, 0xc0, 0x2, 0xff, 0xe4, 0x0,

    /* U+0116 "Ė" */
    0x0, 0xf, 0x80, 0x0, 0x0, 0xf8, 0x0, 0x0,
    0xf, 0x40, 0x0, 0x0, 0x0, 0x0, 0x0, 0x0,
    0x0, 0x7, 0xff, 0xff, 0xfe, 0x7f, 0xff, 0xff,
    0xe7, 0xe5, 0x55, 0x54, 0x7e, 0x0, 0x0, 0x7,
    0xe0, 0x0, 0x0, 0x7e, 0x0, 0x0, 0x7, 0xe0,
    0x0, 0x0, 0x7e, 0x0, 0x0, 0x7, 0xe5, 0x55,
    0x54, 0x7f, 0xff, 0xff, 0xc7, 0xff, 0xff, 0xfc,
    0x7e, 0x0, 0x0, 0x7, 0xe0, 0x0, 0x0, 0x7e,
    0x0, 0x0, 0x7, 0xe0, 0x0, 0x0, 0x7e, 0x0,
    0x0, 0x7, 0xe0, 0x0, 0x0, 0x7e, 0x0, 0x0,
    0x7, 0xe5, 0x55, 0x55, 0x7f, 0xff, 0xff, 0xf7,
    0xff, 0xff, 0xff,

    /* U+0117 "ė" */
    0x0, 0x3, 0xd0, 0x0, 0x0, 0xf, 0x40, 0x0,
    0x0, 0x3d, 0x0, 0x0, 0x0, 0x50, 0x0, 0x0,
    0x0, 0x0, 0x0, 0x0, 0x0, 0x0, 0x0, 0x2,
    0xff, 0x80, 0x0, 0xbf, 0xff, 0xe0, 0xb, 0xf5,
    0x1f, 0xd0, 0x7d, 0x0, 0xb, 0xc3, 0xe0, 0x0,
    0xf, 0x4f, 0x40, 0x0, 0x3e, 0x7f, 0xff, 0xff,
    0xf9, 0xff, 0xff, 0xff, 0xe7, 0xc0, 0x0, 0x0,
    0x1f, 0x40, 0x0, 0x0, 0x3e, 0x0, 0x0, 0x0,
    0xfc, 0x0, 0x0, 0x1, 0xfc, 0x0, 0x1, 0x2,
    0xfe, 0x41, 0xbc, 0x2, 0xff, 0xff, 0xf0, 0x0,
    0xbf, 0xf9, 0x0,

    /* U+0118 "Ę" */
    0x7f, 0xff, 0xff, 0xe7, 0xff, 0xff, 0xfe, 0x7e,
    0x55, 0x55, 0x47, 0xe0, 0x0, 0x0, 0x7e, 0x0,
    0x0, 0x7, 0xe0, 0x0, 0x0, 0x7e, 0x0, 0x0,
    0x7, 0xe0, 0x0, 0x0, 0x7e, 0x0, 0x0, 0x7,
    0xff, 0xff, 0xfc, 0x7f, 0xff, 0xff, 0xc7, 0xe5,
    0x55, 0x54, 0x7e, 0x0, 0x0, 0x7, 0xe0, 0x0,
    0x0, 0x7e, 0x0, 0x0, 0x7, 0xe0, 0x0, 0x0,
    0x7e, 0x0, 0x0, 0x7, 0xe0, 0x0, 0x0, 0x7e,
    0x55, 0x55, 0x57, 0xff, 0xff, 0xff, 0x7f, 0xff,
    0xff, 0xf0, 0x0, 0x0, 0xe0, 0x0, 0x0, 0x2c,
    0x0, 0x0, 0x3, 0xc0, 0x0, 0x0, 0x3c, 0x0,
    0x0, 0x3, 0xff, 0x0, 0x0, 0xf, 0xf0,

    /* U+0119 "ę" */
    0x0, 0x2f, 0xf8, 0x0, 0xb, 0xff, 0xfd, 0x0,
    0xbf, 0x41, 0xfc, 0x7, 0xe0, 0x0, 0xfc, 0x3f,
    0x0, 0x1, 0xf4, 0xf8, 0x0, 0x3, 0xe7, 0xd0,
    0x0, 0xf, 0x9f, 0xff, 0xff, 0xfe, 0x7f, 0xff,
    0xff, 0xf9, 0xf0, 0x0, 0x0, 0x3, 0xd0, 0x0,
    0x0, 0xf, 0xc0, 0x0, 0x0, 0x1f, 0x80, 0x0,
    0x0, 0x2f, 0xd4, 0x1b, 0xc0, 0x2f, 0xff, 0xff,
    0x0, 0xb, 0xff, 0xd0, 0x0, 0x0, 0x1d, 0x0,
    0x0, 0x0, 0xf0, 0x0, 0x0, 0x3, 0x80, 0x0,
    0x0, 0xf, 0x0, 0x0, 0x0, 0x3f, 0xf0, 0x0,
    0x0, 0x7f, 0x80,

    /* U+011A "Ě" */
    0x1, 0x80, 0x18, 0x0, 0xf, 0x7, 0x80, 0x0,
    0x78, 0xf0, 0x0, 0x2, 0xfd, 0x0, 0x0, 0xa,
    0x40, 0x0, 0x0, 0x0, 0x0, 0x7f, 0xff, 0xff,
    0xe7, 0xff, 0xff, 0xfe, 0x7e, 0x55, 0x55, 0x47,
    0xe0, 0x0, 0x0, 0x7e, 0x0, 0x0, 0x7, 0xe0,
    0x0, 0x0, 0x7e, 0x0, 0x0, 0x7, 0xe0, 0x0,
    0x0, 0x7e, 0x55, 0x55, 0x47, 0xff, 0xff, 0xfc,
    0x7f, 0xff, 0xff, 0xc7, 0xe0, 0x0, 0x0, 0x7e,
    0x0, 0x0, 0x7, 0xe0, 0x0, 0x0, 0x7e, 0x0,
    0x0, 0x7, 0xe0, 0x0, 0x0, 0x7e, 0x0, 0x0,
    0x7, 0xe0, 0x0, 0x0, 0x7e, 0x55, 0x55, 0x57,
    0xff, 0xff, 0xff, 0x7f, 0xff, 0xff, 0xf0,

    /* U+011B "ě" */
    0x0, 0xf0, 0xf, 0x0, 0x1, 0xe0, 0xb4, 0x0,
    0x2, 0xd7, 0x80, 0x0, 0x3, 0xfc, 0x0, 0x0,
    0x7, 0xd0, 0x0, 0x0, 0x0, 0x0, 0x0, 0x0,
    0x0, 0x0, 0x0, 0xb, 0xfe, 0x0, 0x2, 0xff,
    0xff, 0x80, 0x2f, 0xd4, 0x7f, 0x41, 0xf4, 0x0,
    0x2f, 0xf, 0x80, 0x0, 0x3d, 0x3d, 0x0, 0x0,
    0xf9, 0xff, 0xff, 0xff, 0xe7, 0xff, 0xff, 0xff,
    0x9f, 0x0, 0x0, 0x0, 0x7d, 0x0, 0x0, 0x0,
    0xf8, 0x0, 0x0, 0x3, 0xf0, 0x0, 0x0, 0x7,
    0xf0, 0x0, 0x4, 0xb, 0xf9, 0x6, 0xf0, 0xb,
    0xff, 0xff, 0xc0, 0x2, 0xff, 0xe4, 0x0,

    /* U+011C "Ĝ" */
    0x0, 0x0, 0x3f, 0x40, 0x0, 0x0, 0x2, 0xef,
    0x0, 0x0, 0x0, 0x1e, 0x1f, 0x0, 0x0, 0x0,
    0xf0, 0x1e, 0x0, 0x0, 0x0, 0x0, 0x0, 0x0,
    0x0, 0x0, 0x0, 0x0, 0x0, 0x0, 0x6f, 0xfe,
    0x40, 0x0, 0xf, 0xff, 0xff, 0xe0, 0x1, 0xff,
    0x95, 0x6f, 0xf0, 0x1f, 0xd0, 0x0, 0x7, 0xc0,
    0xfd, 0x0, 0x0, 0x1, 0x7, 0xe0, 0x0, 0x0,
    0x0, 0x3f, 0x0, 0x0, 0x0, 0x0, 0xfc, 0x0,
    0x0, 0x0, 0x7, 0xe0, 0x0, 0x0, 0x0, 0x1f,
    0x80, 0x0, 0x55, 0x54, 0x7d, 0x0, 0x3, 0xff,
    0xf5, 0xf8, 0x0, 0xf, 0xff, 0xd7, 0xe0, 0x0,
    0x0, 0x1f, 0x4f, 0xc0, 0x0, 0x0, 0x7d, 0x3f,
    0x0, 0x0, 0x1, 0xf4, 0x7e, 0x0, 0x0, 0x7,
    0xd0, 0xfd, 0x0, 0x0, 0x1f, 0x41, 0xfd, 0x0,
    0x0, 0x7d, 0x1, 0xff, 0x95, 0x6f, 0xf4, 0x1,
    0xff, 0xff, 0xff, 0x0, 0x0, 0x6f, 0xfe, 0x40,
    0x0,

    /* U+011D "ĝ" */
    0x0, 0xf, 0x80, 0x0, 0x0, 0xbf, 0x40, 0x0,
    0x3, 0xdf, 0x0, 0x0, 0x2d, 0x1e, 0x0, 0x1,
    0xe0, 0x3c, 0x0, 0x5, 0x0, 0x24, 0x0, 0x0,
    0x0, 0x0, 0x0, 0x2f, 0xf4, 0x7c, 0x3, 0xff,
    0xf9, 0xf0, 0x3f, 0x91, 0xbf, 0xc2, 0xf4, 0x0,
    0xbf, 0xf, 0xc0, 0x0, 0xfc, 0x3d, 0x0, 0x2,
    0xf1, 0xf4, 0x0, 0x7, 0xc7, 0xc0, 0x0, 0x1f,
    0x1f, 0x0, 0x0, 0x7c, 0x7c, 0x0, 0x1, 0xf0,
    0xf4, 0x0, 0xb, 0xc3, 0xf0, 0x0, 0x3f, 0xb,
    0xd0, 0x2, 0xfc, 0xf, 0xe4, 0x6f, 0xf0, 0xf,
    0xff, 0xe7, 0xc0, 0xb, 0xfd, 0x1f, 0x0, 0x0,
    0x0, 0xbc, 0x0, 0x0, 0x3, 0xf0, 0x0, 0x0,
    0x2f, 0x40, 0xb4, 0x6, 0xfc, 0x2, 0xff, 0xff,
    0xc0, 0x1, 0xbf, 0xe4, 0x0,

    /* U+011E "Ğ" */
    0x0, 0x1d, 0x0, 0xb0, 0x0, 0x0, 0x3d, 0x7,
    0xc0, 0x0, 0x0, 0x7f, 0xfc, 0x0, 0x0, 0x0,
    0x2e, 0x80, 0x0, 0x0, 0x0, 0x0, 0x0, 0x0,
    0x0, 0x0, 0x0, 0x0, 0x0, 0x0, 0x6f, 0xfe,
    0x40, 0x0, 0xf, 0xff, 0xff, 0xe0, 0x1, 0xff,
    0x95, 0x6f, 0xf0, 0x1f, 0xd0, 0x0, 0x7, 0xc0,
    0xfd, 0x0, 0x0, 0x1, 0x7, 0xe0, 0x0, 0x0,
    0x0, 0x3f, 0x0, 0x0, 0x0, 0x0, 0xfc, 0x0,
    0x0, 0x0, 0x7, 0xe0, 0x0, 0x0, 0x0, 0x1f,
    0x80, 0x0, 0x55, 0x54, 0x7d, 0x0, 0x3, 0xff,
    0xf5, 0xf8, 0x0, 0xf, 0xff, 0xd7, 0xe0, 0x0,
    0x0, 0x1f, 0x4f, 0xc0, 0x0, 0x0, 0x7d, 0x3f,
    0x0, 0x0, 0x1, 0xf4, 0x7e, 0x0, 0x0, 0x7,
    0xd0, 0xfd, 0x0, 0x0, 0x1f, 0x41, 0xfd, 0x0,
    0x0, 0x7d, 0x1, 0xff, 0x95, 0x6f, 0xf4, 0x1,
    0xff, 0xff, 0xff, 0x0, 0x0, 0x6f, 0xfe, 0x40,
    0x0,

    /* U+011F "ğ" */
    0x0, 0x80, 0x6, 0x0, 0x3, 0xc0, 0x7c, 0x0,
    0xb, 0xff, 0xd0, 0x0, 0x6, 0xf9, 0x0, 0x0,
    0x0, 0x0, 0x0, 0x0, 0x0, 0x0, 0x0, 0x0,
    0x0, 0x0, 0x0, 0x2f, 0xf4, 0x7c, 0x3, 0xff,
    0xf9, 0xf0, 0x3f, 0x91, 0xbf, 0xc2, 0xf4, 0x0,
    0xbf, 0xf, 0xc0, 0x0, 0xfc, 0x3d, 0x0, 0x2,
    0xf1, 0xf4, 0x0, 0x7, 0xc7, 0xc0, 0x0, 0x1f,
    0x1f, 0x0, 0x0, 0x7c, 0x7c, 0x0, 0x1, 0xf0,
    0xf4, 0x0, 0xb, 0xc3, 0xf0, 0x0, 0x3f, 0xb,
    0xd0, 0x2, 0xfc, 0xf, 0xe4, 0x6f, 0xf0, 0xf,
    0xff, 0xe7, 0xc0, 0xb, 0xfd, 0x1f, 0x0, 0x0,
    0x0, 0xbc, 0x0, 0x0, 0x3, 0xf0, 0x0, 0x0,
    0x2f, 0x40, 0xb4, 0x6, 0xfc, 0x2, 0xff, 0xff,
    0xc0, 0x1, 0xbf, 0xe4, 0x0,

    /* U+0120 "Ġ" */
    0x0, 0x0, 0x2f, 0x0, 0x0, 0x0, 0x0, 0xbc,
    0x0, 0x0, 0x0, 0x2, 0xf0, 0x0, 0x0, 0x0,
    0x0, 0x0, 0x0, 0x0, 0x0, 0x0, 0x0, 0x0,
    0x0, 0x0, 0x0, 0x0, 0x0, 0x0, 0x6f, 0xfe,
    0x40, 0x0, 0xf, 0xff, 0xff, 0xe0, 0x1, 0xff,
    0x95, 0x6f, 0xf0, 0x1f, 0xd0, 0x0, 0x7, 0xc0,
    0xfd, 0x0, 0x0, 0x1, 0x7, 0xe0, 0x0, 0x0,
    0x0, 0x3f, 0x0, 0x0, 0x0, 0x0, 0xfc, 0x0,
    0x0, 0x0, 0x7, 0xe0, 0x0, 0x0, 0x0, 0x1f,
    0x80, 0x0, 0x55, 0x54, 0x7d, 0x0, 0x3, 0xff,
    0xf5, 0xf8, 0x0, 0xf, 0xff, 0xd7, 0xe0, 0x0,
    0x0, 0x1f, 0x4f, 0xc0, 0x0, 0x0, 0x7d, 0x3f,
    0x0, 0x0, 0x1, 0xf4, 0x7e, 0x0, 0x0, 0x7,
    0xd0, 0xfd, 0x0, 0x0, 0x1f, 0x41, 0xfd, 0x0,
    0x0, 0x7d, 0x1, 0xff, 0x95, 0x6f, 0xf4, 0x1,
    0xff, 0xff, 0xff, 0x0, 0x0, 0x6f, 0xfe, 0x40,
    0x0,

    /* U+0121 "ġ" */
    0x0, 0xf, 0x80, 0x0, 0x0, 0x3e, 0x0, 0x0,
    0x0, 0xf8, 0x0, 0x0, 0x0, 0x40, 0x0, 0x0,
    0x0, 0x0, 0x0, 0x0, 0x0, 0x0, 0x0, 0xb,
    0xfd, 0x1f, 0x0, 0xff, 0xfe, 0x7c, 0xf, 0xe4,
    0x6f, 0xf0, 0xbd, 0x0, 0x2f, 0xc3, 0xf0, 0x0,
    0x3f, 0xf, 0x40, 0x0, 0xbc, 0x7d, 0x0, 0x1,
    0xf1, 0xf0, 0x0, 0x7, 0xc7, 0xc0, 0x0, 0x1f,
    0x1f, 0x0, 0x0, 0x7c, 0x3d, 0x0, 0x2, 0xf0,
    0xfc, 0x0, 0xf, 0xc2, 0xf4, 0x0, 0xbf, 0x3,
    0xf9, 0x1b, 0xfc, 0x3, 0xff, 0xf9, 0xf0, 0x2,
    0xff, 0x47, 0xc0, 0x0, 0x0, 0x2f, 0x0, 0x0,
    0x0, 0xfc, 0x0, 0x0, 0xb, 0xd0, 0x2d, 0x1,
    0xbf, 0x0, 0xbf, 0xff, 0xf0, 0x0, 0x6f, 0xf9,
    0x0,

    /* U+0122 "Ģ" */
    0x0, 0x6, 0xff, 0xe4, 0x0, 0x0, 0xff, 0xff,
    0xfe, 0x0, 0x1f, 0xf9, 0x56, 0xff, 0x1, 0xfd,
    0x0, 0x0, 0x7c, 0xf, 0xd0, 0x0, 0x0, 0x10,
    0x7e, 0x0, 0x0, 0x0, 0x3, 0xf0, 0x0, 0x0,
    0x0, 0xf, 0xc0, 0x0, 0x0, 0x0, 0x7e, 0x0,
    0x0, 0x0, 0x1, 0xf8, 0x0, 0x5, 0x55, 0x47,
    0xd0, 0x0, 0x3f, 0xff, 0x5f, 0x80, 0x0, 0xff,
    0xfd, 0x7e, 0x0, 0x0, 0x1, 0xf4, 0xfc, 0x0,
    0x0, 0x7, 0xd3, 0xf0, 0x0, 0x0, 0x1f, 0x47,
    0xe0, 0x0, 0x0, 0x7d, 0xf, 0xd0, 0x0, 0x1,
    0xf4, 0x1f, 0xd0, 0x0, 0x7, 0xd0, 0x1f, 0xf9,
    0x56, 0xff, 0x40, 0x1f, 0xff, 0xff, 0xf0, 0x0,
    0x6, 0xff, 0xe4, 0x0, 0x0, 0x0, 0x0, 0x0,
    0x0, 0x0, 0x0, 0x0, 0x0, 0x0, 0x0, 0x7,
    0xd0, 0x0, 0x0, 0x0, 0x2f, 0x0, 0x0, 0x0,
    0x0, 0xf4, 0x0, 0x0, 0x0, 0x3, 0xc0, 0x0,
    0x0, 0x0, 0x5, 0x0, 0x0,

    /* U+0123 "ģ" */
    0x0, 0x0, 0xf0, 0x0, 0x0, 0xb, 0x80, 0x0,
    0x0, 0x3d, 0x0, 0x0, 0x2, 0xf0, 0x0, 0x0,
    0x5, 0x40, 0x0, 0x0, 0x0, 0x0, 0x0, 0xb,
    0xfd, 0x1f, 0x0, 0xff, 0xfe, 0x7c, 0xf, 0xe4,
    0x6f, 0xf0, 0xbd, 0x0, 0x2f, 0xc3, 0xf0, 0x0,
    0x3f, 0xf, 0x40, 0x0, 0xbc, 0x7d, 0x0, 0x1,
    0xf1, 0xf0, 0x0, 0x7, 0xc7, 0xc0, 0x0, 0x1f,
    0x1f, 0x0, 0x0, 0x7c, 0x3d, 0x0, 0x2, 0xf0,
    0xfc, 0x0, 0xf, 0xc2, 0xf4, 0x0, 0xbf, 0x3,
    0xf9, 0x1b, 0xfc, 0x3, 0xff, 0xf9, 0xf0, 0x2,
    0xff, 0x47, 0xc0, 0x0, 0x0, 0x2f, 0x0, 0x0,
    0x0, 0xfc, 0x0, 0x0, 0xb, 0xd0, 0x2d, 0x1,
    0xbf, 0x0, 0xbf, 0xff, 0xf0, 0x0, 0x6f, 0xf9,
    0x0,

    /* U+0124 "Ĥ" */
    0x0, 0x1, 0x90, 0x0, 0x0, 0x2, 0xfe, 0x0,
    0x0, 0x1, 0xe2, 0xd0, 0x0, 0x0, 0xe0, 0x2d,
    0x0, 0x0, 0x0, 0x0, 0x0, 0x0, 0x0, 0x0,
    0x0, 0x7, 0xe0, 0x0, 0x1, 0xf5, 0xf8, 0x0,
    0x0, 0x7d, 0x7e, 0x0, 0x0, 0x1f, 0x5f, 0x80,
    0x0, 0x7, 0xd7, 0xe0, 0x0, 0x1, 0xf5, 0xf8,
    0x0, 0x0, 0x7d, 0x7e, 0x0, 0x0, 0x1f, 0x5f,
    0x80, 0x0, 0x7, 0xd7, 0xe5, 0x55, 0x56, 0xf5,
    0xff, 0xff, 0xff, 0xfd, 0x7f, 0xff, 0xff, 0xff,
    0x5f, 0x80, 0x0, 0x7, 0xd7, 0xe0, 0x0, 0x1,
    0xf5, 0xf8, 0x0, 0x0, 0x7d, 0x7e, 0x0, 0x0,
    0x1f, 0x5f, 0x80, 0x0, 0x7, 0xd7, 0xe0, 0x0,
    0x1, 0xf5, 0xf8, 0x0, 0x0, 0x7d, 0x7e, 0x0,
    0x0, 0x1f, 0x5f, 0x80, 0x0, 0x7, 0xd7, 0xe0,
    0x0, 0x1, 0xf4,

    /* U+0125 "ĥ" */
    0x1, 0xa0, 0x0, 0x0, 0x1, 0xff, 0x0, 0x0,
    0x0, 0xf1, 0xe0, 0x0, 0x0, 0xf0, 0x1e, 0x0,
    0x0, 0x0, 0x0, 0x0, 0x0, 0x0, 0x7c, 0x0,
    0x0, 0x0, 0x1f, 0x0, 0x0, 0x0, 0x7, 0xc0,
    0x0, 0x0, 0x1, 0xf0, 0x0, 0x0, 0x0, 0x7c,
    0x0, 0x0, 0x0, 0x1f, 0x0, 0x0, 0x0, 0x7,
    0xc1, 0xff, 0x40, 0x1, 0xf3, 0xff, 0xfc, 0x0,
    0x7e, 0xe5, 0x7f, 0x80, 0x1f, 0xd0, 0x3, 0xf0,
    0x7, 0xe0, 0x0, 0x7c, 0x1, 0xf4, 0x0, 0xf,
    0x40, 0x7c, 0x0, 0x3, 0xd0, 0x1f, 0x0, 0x0,
    0xf4, 0x7, 0xc0, 0x0, 0x3d, 0x1, 0xf0, 0x0,
    0xf, 0x40, 0x7c, 0x0, 0x3, 0xd0, 0x1f, 0x0,
    0x0, 0xf4, 0x7, 0xc0, 0x0, 0x3d, 0x1, 0xf0,
    0x0, 0xf, 0x40, 0x7c, 0x0, 0x3, 0xd0, 0x1f,
    0x0, 0x0, 0xf4,

    /* U+0126 "Ħ" */
    0x3, 0xf0, 0x0, 0x0, 0xf8, 0x0, 0xfc, 0x0,
    0x0, 0x3e, 0x0, 0x3f, 0x0, 0x0, 0xf, 0x81,
    0xff, 0xff, 0xff, 0xff, 0xff, 0x7f, 0xff, 0xff,
    0xff, 0xff, 0xc5, 0xfd, 0x55, 0x55, 0x7e, 0x50,
    0x3f, 0x0, 0x0, 0xf, 0x80, 0xf, 0xc0, 0x0,
    0x3, 0xe0, 0x3, 0xf5, 0x55, 0x55, 0xf8, 0x0,
    0xff, 0xff, 0xff, 0xfe, 0x0, 0x3f, 0xff, 0xff,
    0xff, 0x80, 0xf, 0xc0, 0x0, 0x3, 0xe0, 0x3,
    0xf0, 0x0, 0x0, 0xf8, 0x0, 0xfc, 0x0, 0x0,
    0x3e, 0x0, 0x3f, 0x0, 0x0, 0xf, 0x80, 0xf,
    0xc0, 0x0, 0x3, 0xe0, 0x3, 0xf0, 0x0, 0x0,
    0xf8, 0x0, 0xfc, 0x0, 0x0, 0x3e, 0x0, 0x3f,
    0x0, 0x0, 0xf, 0x80, 0xf, 0xc0, 0x0, 0x3,
    0xe0, 0x3, 0xf0, 0x0, 0x0, 0xf8, 0x0,

    /* U+0127 "ħ" */
    0xb, 0xc0, 0x0, 0x0, 0xb, 0xc0, 0x0, 0x0,
    0x7f, 0xff, 0xe0, 0x0, 0x7f, 0xff, 0xe0, 0x0,
    0x1f, 0xd5, 0x40, 0x0, 0xb, 0xc0, 0x0, 0x0,
    0xb, 0xc1, 0xff, 0x40, 0xb, 0xcf, 0xff, 0xe0,
    0xb, 0xfe, 0x57, 0xf4, 0xb, 0xf0, 0x0, 0xf8,
    0xb, 0xd0, 0x0, 0xbc, 0xb, 0xc0, 0x0, 0x7c,
    0xb, 0xc0, 0x0, 0x7c, 0xb, 0xc0, 0x0, 0x7c,
    0xb, 0xc0, 0x0, 0x7c, 0xb, 0xc0, 0x0, 0x7c,
    0xb, 0xc0, 0x0, 0x7c, 0xb, 0xc0, 0x0, 0x7c,
    0xb, 0xc0, 0x0, 0x7c, 0xb, 0xc0, 0x0, 0x7c,
    0xb, 0xc0, 0x0, 0x7c, 0xb, 0xc0, 0x0, 0x7c,

    /* U+0128 "Ĩ" */
    0x1f, 0xd1, 0xe3, 0xef, 0xfc, 0x24, 0x1a, 0x0,
    0x0, 0x0, 0x0, 0x0, 0x0, 0x1f, 0x80, 0x1,
    0xf8, 0x0, 0x1f, 0x80, 0x1, 0xf8, 0x0, 0x1f,
    0x80, 0x1, 0xf8, 0x0, 0x1f, 0x80, 0x1, 0xf8,
    0x0, 0x1f, 0x80, 0x1, 0xf8, 0x0, 0x1f, 0x80,
    0x1, 0xf8, 0x0, 0x1f, 0x80, 0x1, 0xf8, 0x0,
    0x1f, 0x80, 0x1, 0xf8, 0x0, 0x1f, 0x80, 0x1,
    0xf8, 0x0, 0x1f, 0x80, 0x1, 0xf8, 0x0, 0x1f,
    0x80,

    /* U+0129 "ĩ" */
    0x1f, 0x81, 0xd3, 0xfe, 0x2c, 0x74, 0xbf, 0xc7,
    0x1, 0xa0, 0x0, 0x0, 0x0, 0x0, 0x0, 0x1,
    0xf0, 0x0, 0x1f, 0x0, 0x1, 0xf0, 0x0, 0x1f,
    0x0, 0x1, 0xf0, 0x0, 0x1f, 0x0, 0x1, 0xf0,
    0x0, 0x1f, 0x0, 0x1, 0xf0, 0x0, 0x1f, 0x0,
    0x1, 0xf0, 0x0, 0x1f, 0x0, 0x1, 0xf0, 0x0,
    0x1f, 0x0, 0x1, 0xf0, 0x0, 0x1f, 0x0,

    /* U+012A "Ī" */
    0xff, 0xff, 0x3f, 0xff, 0xc0, 0x0, 0x0, 0x0,
    0x0, 0x0, 0x0, 0x1, 0xf8, 0x0, 0x7e, 0x0,
    0x1f, 0x80, 0x7, 0xe0, 0x1, 0xf8, 0x0, 0x7e,
    0x0, 0x1f, 0x80, 0x7, 0xe0, 0x1, 0xf8, 0x0,
    0x7e, 0x0, 0x1f, 0x80, 0x7, 0xe0, 0x1, 0xf8,
    0x0, 0x7e, 0x0, 0x1f, 0x80, 0x7, 0xe0, 0x1,
    0xf8, 0x0, 0x7e, 0x0, 0x1f, 0x80, 0x7, 0xe0,
    0x1, 0xf8, 0x0,

    /* U+012B "ī" */
    0x3f, 0xff, 0xcf, 0xff, 0xf0, 0x0, 0x0, 0x0,
    0x0, 0x0, 0x0, 0x0, 0x0, 0x0, 0x1f, 0x0,
    0x7, 0xc0, 0x1, 0xf0, 0x0, 0x7c, 0x0, 0x1f,
    0x0, 0x7, 0xc0, 0x1, 0xf0, 0x0, 0x7c, 0x0,
    0x1f, 0x0, 0x7, 0xc0, 0x1, 0xf0, 0x0, 0x7c,
    0x0, 0x1f, 0x0, 0x7, 0xc0, 0x1, 0xf0, 0x0,
    0x7c, 0x0,

    /* U+012C "Ĭ" */
    0x24, 0x0, 0x83, 0xd0, 0x3c, 0x1f, 0xff, 0x80,
    0x2b, 0x90, 0x0, 0x0, 0x0, 0x0, 0x0, 0x1,
    0xf8, 0x0, 0x1f, 0x80, 0x1, 0xf8, 0x0, 0x1f,
    0x80, 0x1, 0xf8, 0x0, 0x1f, 0x80, 0x1, 0xf8,
    0x0, 0x1f, 0x80, 0x1, 0xf8, 0x0, 0x1f, 0x80,
    0x1, 0xf8, 0x0, 0x1f, 0x80, 0x1, 0xf8, 0x0,
    0x1f, 0x80, 0x1, 0xf8, 0x0, 0x1f, 0x80, 0x1,
    0xf8, 0x0, 0x1f, 0x80, 0x1, 0xf8, 0x0, 0x1f,
    0x80, 0x1, 0xf8, 0x0,

    /* U+012D "ĭ" */
    0x20, 0x1, 0x83, 0xc0, 0x7c, 0x2f, 0xff, 0x40,
    0x6f, 0x90, 0x0, 0x0, 0x0, 0x0, 0x0, 0x0,
    0x0, 0x0, 0x1f, 0x0, 0x1, 0xf0, 0x0, 0x1f,
    0x0, 0x1, 0xf0, 0x0, 0x1f, 0x0, 0x1, 0xf0,
    0x0, 0x1f, 0x0, 0x1, 0xf0, 0x0, 0x1f, 0x0,
    0x1, 0xf0, 0x0, 0x1f, 0x0, 0x1, 0xf0, 0x0,
    0x1f, 0x0, 0x1, 0xf0, 0x0, 0x1f, 0x0, 0x1,
    0xf0, 0x0,

    /* U+012E "Į" */
    0x7e, 0x7, 0xe0, 0x7e, 0x7, 0xe0, 0x7e, 0x7,
    0xe0, 0x7e, 0x7, 0xe0, 0x7e, 0x7, 0xe0, 0x7e,
    0x7, 0xe0, 0x7e, 0x7, 0xe0, 0x7e, 0x7, 0xe0,
    0x7e, 0x7, 0xe0, 0x7e, 0x7, 0xe0, 0x7e, 0x1,
    0xc0, 0x38, 0x7, 0x40, 0xb4, 0x7, 0xfd, 0x1f,
    0xd0,

    /* U+012F "į" */
    0x7c, 0x7, 0xc0, 0x7c, 0x1, 0x40, 0x0, 0x0,
    0x0, 0x7c, 0x7, 0xc0, 0x7c, 0x7, 0xc0, 0x7c,
    0x7, 0xc0, 0x7c, 0x7, 0xc0, 0x7c, 0x7, 0xc0,
    0x7c, 0x7, 0xc0, 0x7c, 0x7, 0xc0, 0x7c, 0x7,
    0xc0, 0x3c, 0x7, 0x40, 0xf0, 0xf, 0x0, 0xbf,
    0xc2, 0xfc,

    /* U+0130 "İ" */
    0x7e, 0x7e, 0x3d, 0x0, 0x0, 0x7e, 0x7e, 0x7e,
    0x7e, 0x7e, 0x7e, 0x7e, 0x7e, 0x7e, 0x7e, 0x7e,
    0x7e, 0x7e, 0x7e, 0x7e, 0x7e, 0x7e, 0x7e, 0x7e,
    0x7e, 0x7e,

    /* U+0131 "ı" */
    0x7c, 0x7c, 0x7c, 0x7c, 0x7c, 0x7c, 0x7c, 0x7c,
    0x7c, 0x7c, 0x7c, 0x7c, 0x7c, 0x7c, 0x7c, 0x7c,

    /* U+0132 "Ĳ" */
    0x7e, 0x0, 0x3f, 0x7e, 0x0, 0x3f, 0x7e, 0x0,
    0x3f, 0x7e, 0x0, 0x3f, 0x7e, 0x0, 0x3f, 0x7e,
    0x0, 0x3f, 0x7e, 0x0, 0x3f, 0x7e, 0x0, 0x3f,
    0x7e, 0x0, 0x3f, 0x7e, 0x0, 0x3f, 0x7e, 0x0,
    0x3f, 0x7e, 0x0, 0x3f, 0x7e, 0x0, 0x3f, 0x7e,
    0x0, 0x3f, 0x7e, 0x0, 0x3f, 0x7e, 0x0, 0x3f,
    0x7e, 0x0, 0x3f, 0x7e, 0x0, 0x3f, 0x7e, 0x0,
    0x3f, 0x7e, 0x0, 0x3f, 0x7e, 0x0, 0x3e, 0x0,
    0x0, 0x3e, 0x0, 0x0, 0x7e, 0x0, 0x0, 0xbc,
    0x0, 0x17, 0xfc, 0x0, 0x3f, 0xf0, 0x0, 0x3f,
    0x80,

    /* U+0133 "ĳ" */
    0x7c, 0x0, 0xbd, 0xf0, 0x2, 0xf7, 0xc0, 0xb,
    0xc5, 0x0, 0x4, 0x0, 0x0, 0x0, 0x0, 0x0,
    0x7, 0xc0, 0xb, 0xdf, 0x0, 0x2f, 0x7c, 0x0,
    0xbd, 0xf0, 0x2, 0xf7, 0xc0, 0xb, 0xdf, 0x0,
    0x2f, 0x7c, 0x0, 0xbd, 0xf0, 0x2, 0xf7, 0xc0,
    0xb, 0xdf, 0x0, 0x2f, 0x7c, 0x0, 0xbd, 0xf0,
    0x2, 0xf7, 0xc0, 0xb, 0xdf, 0x0, 0x2f, 0x7c,
    0x0, 0xbd, 0xf0, 0x2, 0xf0, 0x0, 0xb, 0xc0,
    0x0, 0x2f, 0x0, 0x0, 0xf8, 0x0, 0x1b, 0xd0,
    0x2, 0xff, 0x0, 0xb, 0xe0,

    /* U+0134 "Ĵ" */
    0x0, 0xbf, 0x0, 0x7, 0xee, 0x0, 0x3c, 0x2d,
    0x1, 0x40, 0x14, 0x0, 0x0, 0x0, 0x1, 0xf8,
    0x0, 0x7, 0xe0, 0x0, 0x1f, 0x80, 0x0, 0x7e,
    0x0, 0x1, 0xf8, 0x0, 0x7, 0xe0, 0x0, 0x1f,
    0x80, 0x0, 0x7e, 0x0, 0x1, 0xf8, 0x0, 0x7,
    0xe0, 0x0, 0x1f, 0x80, 0x0, 0x7e, 0x0, 0x1,
    0xf8, 0x0, 0x7, 0xe0, 0x0, 0x1f, 0x80, 0x0,
    0x7e, 0x0, 0x1, 0xf8, 0x0, 0x7, 0xe0, 0x0,
    0x1f, 0x80, 0x0, 0x7e, 0x0, 0x1, 0xf4, 0x0,
    0x7, 0xd0, 0x0, 0x2f, 0x40, 0x0, 0xfc, 0x0,
    0x6f, 0xe0, 0x7, 0xff, 0x0, 0x1f, 0xd0, 0x0,

    /* U+0135 "ĵ" */
    0x1, 0xf0, 0x0, 0x3f, 0xc0, 0xb, 0x6d, 0x1,
    0xf0, 0xf0, 0x3c, 0x7, 0x82, 0x40, 0x14, 0x0,
    0x0, 0x0, 0x1f, 0x0, 0x1, 0xf0, 0x0, 0x1f,
    0x0, 0x1, 0xf0, 0x0, 0x1f, 0x0, 0x1, 0xf0,
    0x0, 0x1f, 0x0, 0x1, 0xf0, 0x0, 0x1f, 0x0,
    0x1, 0xf0, 0x0, 0x1f, 0x0, 0x1, 0xf0, 0x0,
    0x1f, 0x0, 0x1, 0xf0, 0x0, 0x1f, 0x0, 0x1,
    0xf0, 0x0, 0x1f, 0x0, 0x1, 0xf0, 0x0, 0x2f,
    0x0, 0x7, 0xe0, 0xb, 0xfc, 0x0, 0xbe, 0x0,
    0x0,

    /* U+0136 "Ķ" */
    0x7e, 0x0, 0x0, 0xfe, 0x1f, 0x80, 0x0, 0xfe,
    0x7, 0xe0, 0x0, 0xfe, 0x1, 0xf8, 0x0, 0xfe,
    0x0, 0x7e, 0x0, 0xfe, 0x0, 0x1f, 0x80, 0xfe,
    0x0, 0x7, 0xe0, 0xfe, 0x0, 0x1, 0xf8, 0xfd,
    0x0, 0x0, 0x7e, 0xfd, 0x0, 0x0, 0x1f, 0xfd,
    0x0, 0x0, 0x7, 0xff, 0x80, 0x0, 0x1, 0xfb,
    0xf8, 0x0, 0x0, 0x7e, 0x3f, 0x80, 0x0, 0x1f,
    0x83, 0xf8, 0x0, 0x7, 0xe0, 0x3f, 0x80, 0x1,
    0xf8, 0x3, 0xf8, 0x0, 0x7e, 0x0, 0x3f, 0x80,
    0x1f, 0x80, 0x3, 0xf8, 0x7, 0xe0, 0x0, 0x3f,
    0x81, 0xf8, 0x0, 0x3, 0xf4, 0x7e, 0x0, 0x0,
    0x3f, 0x40, 0x0, 0x0, 0x0, 0x0, 0x0, 0x0,
    0x0, 0x0, 0x0, 0x3, 0xe0, 0x0, 0x0, 0x1,
    0xf0, 0x0, 0x0, 0x0, 0xb8, 0x0, 0x0, 0x0,
    0x3c, 0x0, 0x0, 0x0, 0x5, 0x0, 0x0,

    /* U+0137 "ķ" */
    0x7c, 0x0, 0x0, 0x1, 0xf0, 0x0, 0x0, 0x7,
    0xc0, 0x0, 0x0, 0x1f, 0x0, 0x0, 0x0, 0x7c,
    0x0, 0x0, 0x1, 0xf0, 0x0, 0x0, 0x7, 0xc0,
    0x0, 0xfd, 0x1f, 0x0, 0xf, 0xc0, 0x7c, 0x0,
    0xfc, 0x1, 0xf0, 0x1f, 0xc0, 0x7, 0xc1, 0xfc,
    0x0, 0x1f, 0x1f, 0xc0, 0x0, 0x7e, 0xf8, 0x0,
    0x1, 0xff, 0xc0, 0x0, 0x7, 0xef, 0x80, 0x0,
    0x1f, 0x2f, 0x80, 0x0, 0x7c, 0x2f, 0x80, 0x1,
    0xf0, 0x2f, 0x80, 0x7, 0xc0, 0x2f, 0x80, 0x1f,
    0x0, 0x2f, 0x80, 0x7c, 0x0, 0x2f, 0x81, 0xf0,
    0x0, 0x2f, 0x80, 0x0, 0x0, 0x0, 0x0, 0x0,
    0x0, 0x0, 0x0, 0xb, 0xc0, 0x0, 0x0, 0x3e,
    0x0, 0x0, 0x0, 0xf0, 0x0, 0x0, 0x7, 0x80,
    0x0, 0x0, 0x14, 0x0, 0x0,

    /* U+0138 "ĸ" */
    0x7c, 0x0, 0xf, 0xd1, 0xf0, 0x0, 0xfc, 0x7,
    0xc0, 0xf, 0xc0, 0x1f, 0x1, 0xfc, 0x0, 0x7c,
    0x1f, 0xc0, 0x1, 0xf1, 0xfc, 0x0, 0x7, 0xef,
    0x80, 0x0, 0x1f, 0xfc, 0x0, 0x0, 0x7e, 0xf8,
    0x0, 0x1, 0xf2, 0xf8, 0x0, 0x7, 0xc2, 0xf8,
    0x0, 0x1f, 0x2, 0xf8, 0x0, 0x7c, 0x2, 0xf8,
    0x1, 0xf0, 0x2, 0xf8, 0x7, 0xc0, 0x2, 0xf8,
    0x1f, 0x0, 0x2, 0xf8,

    /* U+0139 "Ĺ" */
    0x0, 0x90, 0x0, 0x0, 0x3d, 0x0, 0x0, 0xf,
    0x80, 0x0, 0x2, 0xe0, 0x0, 0x0, 0x0, 0x0,
    0x0, 0x0, 0x0, 0x0, 0x0, 0x7e, 0x0, 0x0,
    0x7, 0xe0, 0x0, 0x0, 0x7e, 0x0, 0x0, 0x7,
    0xe0, 0x0, 0x0, 0x7e, 0x0, 0x0, 0x7, 0xe0,
    0x0, 0x0, 0x7e, 0x0, 0x0, 0x7, 0xe0, 0x0,
    0x0, 0x7e, 0x0, 0x0, 0x7, 0xe0, 0x0, 0x0,
    0x7e, 0x0, 0x0, 0x7, 0xe0, 0x0, 0x0, 0x7e,
    0x0, 0x0, 0x7, 0xe0, 0x0, 0x0, 0x7e, 0x0,
    0x0, 0x7, 0xe0, 0x0, 0x0, 0x7e, 0x0, 0x0,
    0x7, 0xe0, 0x0, 0x0, 0x7e, 0x55, 0x55, 0x47,
    0xff, 0xff, 0xfd, 0x7f, 0xff, 0xff, 0xd0,

    /* U+013A "ĺ" */
    0x1, 0x90, 0x1f, 0x0, 0xf4, 0xf, 0x40, 0x0,
    0x1, 0xf0, 0x7, 0xc0, 0x1f, 0x0, 0x7c, 0x1,
    0xf0, 0x7, 0xc0, 0x1f, 0x0, 0x7c, 0x1, 0xf0,
    0x7, 0xc0, 0x1f, 0x0, 0x7c, 0x1, 0xf0, 0x7,
    0xc0, 0x1f, 0x0, 0x7c, 0x1, 0xf0, 0x7, 0xc0,
    0x1f, 0x0, 0x7c, 0x1, 0xf0, 0x7, 0xc0, 0x0,

    /* U+013B "Ļ" */
    0x7e, 0x0, 0x0, 0x7, 0xe0, 0x0, 0x0, 0x7e,
    0x0, 0x0, 0x7, 0xe0, 0x0, 0x0, 0x7e, 0x0,
    0x0, 0x7, 0xe0, 0x0, 0x0, 0x7e, 0x0, 0x0,
    0x7, 0xe0, 0x0, 0x0, 0x7e, 0x0, 0x0, 0x7,
    0xe0, 0x0, 0x0, 0x7e, 0x0, 0x0, 0x7, 0xe0,
    0x0, 0x0, 0x7e, 0x0, 0x0, 0x7, 0xe0, 0x0,
    0x0, 0x7e, 0x0, 0x0, 0x7, 0xe0, 0x0, 0x0,
    0x7e, 0x0, 0x0, 0x7, 0xe0, 0x0, 0x0, 0x7e,
    0x55, 0x55, 0x47, 0xff, 0xff, 0xfd, 0x7f, 0xff,
    0xff, 0xd0, 0x0, 0x0, 0x0, 0x0, 0x0, 0x0,
    0x0, 0x0, 0xfc, 0x0, 0x0, 0xf, 0x40, 0x0,
    0x1, 0xf0, 0x0, 0x0, 0x2d, 0x0, 0x0, 0x1,
    0x40, 0x0,

    /* U+013C "ļ" */
    0x1f, 0x7, 0xc1, 0xf0, 0x7c, 0x1f, 0x7, 0xc1,
    0xf0, 0x7c, 0x1f, 0x7, 0xc1, 0xf0, 0x7c, 0x1f,
    0x7, 0xc1, 0xf0, 0x7c, 0x1f, 0x7, 0xc1, 0xf0,
    0x7c, 0x1f, 0x7, 0xc0, 0x0, 0x0, 0xf, 0x87,
    0xc2, 0xe0, 0xf0, 0x14, 0x0,

    /* U+013D "Ľ" */
    0x7e, 0x3, 0xe0, 0x7, 0xe0, 0x3d, 0x0, 0x7e,
    0x7, 0xc0, 0x7, 0xe0, 0x7c, 0x0, 0x7e, 0xb,
    0x80, 0x7, 0xe0, 0x0, 0x0, 0x7e, 0x0, 0x0,
    0x7, 0xe0, 0x0, 0x0, 0x7e, 0x0, 0x0, 0x7,
    0xe0, 0x0, 0x0, 0x7e, 0x0, 0x0, 0x7, 0xe0,
    0x0, 0x0, 0x7e, 0x0, 0x0, 0x7, 0xe0, 0x0,
    0x0, 0x7e, 0x0, 0x0, 0x7, 0xe0, 0x0, 0x0,
    0x7e, 0x0, 0x0, 0x7, 0xe0, 0x0, 0x0, 0x7e,
    0x55, 0x55, 0x47, 0xff, 0xff, 0xfd, 0x7f, 0xff,
    0xff, 0xd0,

    /* U+013E "ľ" */
    0x7c, 0x1f, 0x5f, 0x7, 0xc7, 0xc2, 0xe1, 0xf0,
    0xf4, 0x7c, 0x3c, 0x1f, 0x4, 0x7, 0xc0, 0x1,
    0xf0, 0x0, 0x7c, 0x0, 0x1f, 0x0, 0x7, 0xc0,
    0x1, 0xf0, 0x0, 0x7c, 0x0, 0x1f, 0x0, 0x7,
    0xc0, 0x1, 0xf0, 0x0, 0x7c, 0x0, 0x1f, 0x0,
    0x7, 0xc0, 0x1, 0xf0, 0x0, 0x7c, 0x0, 0x1f,
    0x0, 0x0,

    /* U+013F "Ŀ" */
    0x7e, 0x0, 0x0, 0x7, 0xe0, 0x0, 0x0, 0x7e,
    0x0, 0x0, 0x7, 0xe0, 0x0, 0x0, 0x7e, 0x0,
    0x0, 0x7, 0xe0, 0x0, 0x0, 0x7e, 0x0, 0x0,
    0x7, 0xe0, 0x2, 0x90, 0x7e, 0x0, 0x7e, 0x7,
    0xe0, 0x7, 0xe0, 0x7e, 0x0, 0x7e, 0x7, 0xe0,
    0x0, 0x0, 0x7e, 0x0, 0x0, 0x7, 0xe0, 0x0,
    0x0, 0x7e, 0x0, 0x0, 0x7, 0xe0, 0x0, 0x0,
    0x7e, 0x0, 0x0, 0x7, 0xe0, 0x0, 0x0, 0x7e,
    0x55, 0x55, 0x47, 0xff, 0xff, 0xfd, 0x7f, 0xff,
    0xff, 0xd0,

    /* U+0140 "ŀ" */
    0x7c, 0x1, 0xf0, 0x7, 0xc0, 0x1f, 0x0, 0x7c,
    0x1, 0xf0, 0x7, 0xc0, 0x1f, 0x0, 0x7c, 0xa5,
    0xf3, 0xf7, 0xcf, 0xdf, 0x3f, 0x7c, 0x1, 0xf0,
    0x7, 0xc0, 0x1f, 0x0, 0x7c, 0x1, 0xf0, 0x7,
    0xc0, 0x1f, 0x0, 0x7c, 0x1, 0xf0, 0x0,

    /* U+0141 "Ł" */
    0x0, 0xf8, 0x0, 0x0, 0x0, 0x3e, 0x0, 0x0,
    0x0, 0xf, 0x80, 0x0, 0x0, 0x3, 0xe0, 0x0,
    0x0, 0x0, 0xf8, 0x0, 0x0, 0x0, 0x3e, 0x0,
    0x0, 0x0, 0xf, 0x81, 0xe0, 0x0, 0x3, 0xe2,
    0xf8, 0x0, 0x0, 0xff, 0xf4, 0x0, 0x0, 0x3f,
    0xe0, 0x0, 0x0, 0xf, 0xd0, 0x0, 0x0, 0x1f,
    0xe0, 0x0, 0x0, 0x2f, 0xf8, 0x0, 0x0, 0xf,
    0x7e, 0x0, 0x0, 0x0, 0xf, 0x80, 0x0, 0x0,
    0x3, 0xe0, 0x0, 0x0, 0x0, 0xf8, 0x0, 0x0,
    0x0, 0x3e, 0x0, 0x0, 0x0, 0xf, 0xd5, 0x55,
    0x50, 0x3, 0xff, 0xff, 0xfe, 0x0, 0xff, 0xff,
    0xff, 0x80,

    /* U+0142 "ł" */
    0x7, 0xc0, 0x7, 0xc0, 0x7, 0xc0, 0x7, 0xc0,
    0x7, 0xc0, 0x7, 0xc0, 0x7, 0xc0, 0x7, 0xc4,
    0x7, 0xfe, 0x7, 0xfc, 0xb, 0xe0, 0x3f, 0xc0,
    0xbf, 0xc0, 0x17, 0xc0, 0x7, 0xc0, 0x7, 0xc0,
    0x7, 0xc0, 0x7, 0xc0, 0x7, 0xc0, 0x7, 0xc0,
    0x7, 0xc0, 0x7, 0xc0,

    /* U+0143 "Ń" */
    0x0, 0x0, 0x64, 0x0, 0x0, 0x0, 0x7c, 0x0,
    0x0, 0x0, 0x3c, 0x0, 0x0, 0x0, 0x3d, 0x0,
    0x0, 0x0, 0x0, 0x0, 0x0, 0x0, 0x0, 0x0,
    0x0, 0x7, 0xf8, 0x0, 0x1, 0xf1, 0xff, 0x0,
    0x0, 0x7c, 0x7f, 0xf0, 0x0, 0x1f, 0x1f, 0xfd,
    0x0, 0x7, 0xc7, 0xef, 0xc0, 0x1, 0xf1, 0xf6,
    0xf4, 0x0, 0x7c, 0x7d, 0x3f, 0x0, 0x1f, 0x1f,
    0x47, 0xd0, 0x7, 0xc7, 0xd0, 0xfc, 0x1, 0xf1,
    0xf4, 0x1f, 0x40, 0x7c, 0x7d, 0x3, 0xf0, 0x1f,
    0x1f, 0x40, 0x7d, 0x7, 0xc7, 0xd0, 0xf, 0xc1,
    0xf1, 0xf4, 0x1, 0xf4, 0x7c, 0x7d, 0x0, 0x3f,
    0x1f, 0x1f, 0x40, 0x7, 0xd7, 0xc7, 0xd0, 0x0,
    0xfe, 0xf1, 0xf4, 0x0, 0x1f, 0xfc, 0x7d, 0x0,
    0x3, 0xff, 0x1f, 0x40, 0x0, 0x7f, 0xc7, 0xd0,
    0x0, 0xf, 0xf0,

    /* U+0144 "ń" */
    0x0, 0x2, 0xf0, 0x0, 0x0, 0x7d, 0x0, 0x0,
    0xf, 0x80, 0x0, 0x2, 0xe0, 0x0, 0x0, 0x7c,
    0x0, 0x0, 0x6, 0x0, 0x0, 0x0, 0x0, 0x0,
    0x7, 0xc1, 0xff, 0x40, 0x7c, 0xff, 0xff, 0x7,
    0xee, 0x57, 0xf8, 0x7f, 0x40, 0xf, 0xc7, 0xe0,
    0x0, 0x7c, 0x7d, 0x0, 0x3, 0xd7, 0xc0, 0x0,
    0x3d, 0x7c, 0x0, 0x3, 0xd7, 0xc0, 0x0, 0x3d,
    0x7c, 0x0, 0x3, 0xd7, 0xc0, 0x0, 0x3d, 0x7c,
    0x0, 0x3, 0xd7, 0xc0, 0x0, 0x3d, 0x7c, 0x0,
    0x3, 0xd7, 0xc0, 0x0, 0x3d, 0x7c, 0x0, 0x3,
    0xd0,

    /* U+0145 "Ņ" */
    0x7f, 0x80, 0x0, 0x1f, 0x1f, 0xf0, 0x0, 0x7,
    0xc7, 0xff, 0x0, 0x1, 0xf1, 0xff, 0xd0, 0x0,
    0x7c, 0x7e, 0xfc, 0x0, 0x1f, 0x1f, 0x6f, 0x40,
    0x7, 0xc7, 0xd3, 0xf0, 0x1, 0xf1, 0xf4, 0x7d,
    0x0, 0x7c, 0x7d, 0xf, 0xc0, 0x1f, 0x1f, 0x41,
    0xf4, 0x7, 0xc7, 0xd0, 0x3f, 0x1, 0xf1, 0xf4,
    0x7, 0xd0, 0x7c, 0x7d, 0x0, 0xfc, 0x1f, 0x1f,
    0x40, 0x1f, 0x47, 0xc7, 0xd0, 0x3, 0xf1, 0xf1,
    0xf4, 0x0, 0x7d, 0x7c, 0x7d, 0x0, 0xf, 0xef,
    0x1f, 0x40, 0x1, 0xff, 0xc7, 0xd0, 0x0, 0x3f,
    0xf1, 0xf4, 0x0, 0x7, 0xfc, 0x7d, 0x0, 0x0,
    0xff, 0x0, 0x0, 0x0, 0x0, 0x0, 0x0, 0x0,
    0x0, 0x0, 0x0, 0xb, 0xc0, 0x0, 0x0, 0x3,
    0xe0, 0x0, 0x0, 0x0, 0xf0, 0x0, 0x0, 0x0,
    0x78, 0x0, 0x0, 0x0, 0x4, 0x0, 0x0,

    /* U+0146 "ņ" */
    0x7c, 0x1f, 0xf4, 0x7, 0xcf, 0xff, 0xf0, 0x7e,
    0xe5, 0x7f, 0x87, 0xf4, 0x0, 0xfc, 0x7e, 0x0,
    0x7, 0xc7, 0xd0, 0x0, 0x3d, 0x7c, 0x0, 0x3,
    0xd7, 0xc0, 0x0, 0x3d, 0x7c, 0x0, 0x3, 0xd7,
    0xc0, 0x0, 0x3d, 0x7c, 0x0, 0x3, 0xd7, 0xc0,
    0x0, 0x3d, 0x7c, 0x0, 0x3, 0xd7, 0xc0, 0x0,
    0x3d, 0x7c, 0x0, 0x3, 0xd7, 0xc0, 0x0, 0x3d,
    0x0, 0x0, 0x0, 0x0, 0x0, 0x0, 0x0, 0x0,
    0xf, 0x80, 0x0, 0x1, 0xf0, 0x0, 0x0, 0x2e,
    0x0, 0x0, 0x3, 0xc0, 0x0, 0x0, 0x14, 0x0,
    0x0,

    /* U+0147 "Ň" */
    0x0, 0x60, 0x6, 0x0, 0x0, 0xf, 0x7, 0xc0,
    0x0, 0x1, 0xe3, 0xc0, 0x0, 0x0, 0x2f, 0xd0,
    0x0, 0x0, 0x1, 0x90, 0x0, 0x0, 0x0, 0x0,
    0x0, 0x7, 0xf8, 0x0, 0x1, 0xf1, 0xff, 0x0,
    0x0, 0x7c, 0x7f, 0xf0, 0x0, 0x1f, 0x1f, 0xfd,
    0x0, 0x7, 0xc7, 0xef, 0xc0, 0x1, 0xf1, 0xf6,
    0xf4, 0x0, 0x7c, 0x7d, 0x3f, 0x0, 0x1f, 0x1f,
    0x47, 0xd0, 0x7, 0xc7, 0xd0, 0xfc, 0x1, 0xf1,
    0xf4, 0x1f, 0x40, 0x7c, 0x7d, 0x3, 0xf0, 0x1f,
    0x1f, 0x40, 0x7d, 0x7, 0xc7, 0xd0, 0xf, 0xc1,
    0xf1, 0xf4, 0x1, 0xf4, 0x7c, 0x7d, 0x0, 0x3f,
    0x1f, 0x1f, 0x40, 0x7, 0xd7, 0xc7, 0xd0, 0x0,
    0xfe, 0xf1, 0xf4, 0x0, 0x1f, 0xfc, 0x7d, 0x0,
    0x3, 0xff, 0x1f, 0x40, 0x0, 0x7f, 0xc7, 0xd0,
    0x0, 0xf, 0xf0,

    /* U+0148 "ň" */
    0x3, 0x80, 0x2c, 0x0, 0x2d, 0xb, 0x40, 0x0,
    0xf1, 0xf0, 0x0, 0x7, 0xfc, 0x0, 0x0, 0x2f,
    0x80, 0x0, 0x0, 0x50, 0x0, 0x0, 0x0, 0x0,
    0x7, 0xc1, 0xff, 0x40, 0x7c, 0xff, 0xff, 0x7,
    0xee, 0x57, 0xf8, 0x7f, 0x40, 0xf, 0xc7, 0xe0,
    0x0, 0x7c, 0x7d, 0x0, 0x3, 0xd7, 0xc0, 0x0,
    0x3d, 0x7c, 0x0, 0x3, 0xd7, 0xc0, 0x0, 0x3d,
    0x7c, 0x0, 0x3, 0xd7, 0xc0, 0x0, 0x3d, 0x7c,
    0x0, 0x3, 0xd7, 0xc0, 0x0, 0x3d, 0x7c, 0x0,
    0x3, 0xd7, 0xc0, 0x0, 0x3d, 0x7c, 0x0, 0x3,
    0xd0,

    /* U+0149 "ŉ" */
    0xf, 0xc0, 0x0, 0x0, 0x0, 0x3f, 0x0, 0x0,
    0x0, 0x0, 0xf8, 0x0, 0x0, 0x0, 0x7, 0xc0,
    0x0, 0x0, 0x0, 0x2e, 0x0, 0x0, 0x0, 0x0,
    0xf0, 0xf8, 0x2f, 0xe4, 0x2, 0x43, 0xe3, 0xff,
    0xf4, 0x0, 0xf, 0xfe, 0x5b, 0xf0, 0x0, 0x3f,
    0xc0, 0x7, 0xe0, 0x0, 0xfd, 0x0, 0xf, 0xc0,
    0x3, 0xf0, 0x0, 0x2f, 0x0, 0xf, 0xc0, 0x0,
    0x7c, 0x0, 0x3e, 0x0, 0x1, 0xf0, 0x0, 0xf8,
    0x0, 0x7, 0xc0, 0x3, 0xe0, 0x0, 0x1f, 0x0,
    0xf, 0x80, 0x0, 0x7c, 0x0, 0x3e, 0x0, 0x1,
    0xf0, 0x0, 0xf8, 0x0, 0x7, 0xc0, 0x3, 0xe0,
    0x0, 0x1f, 0x0, 0xf, 0x80, 0x0, 0x7c, 0x0,
    0x3e, 0x0, 0x1, 0xf0,

    /* U+014A "Ŋ" */
    0x7e, 0x6, 0xfe, 0x40, 0x7e, 0x2f, 0xff, 0xe0,
    0x7e, 0xbf, 0xff, 0xf4, 0x7f, 0xf4, 0x2, 0xfc,
    0x7f, 0xc0, 0x0, 0xfd, 0x7f, 0x40, 0x0, 0x7e,
    0x7f, 0x0, 0x0, 0x3e, 0x7e, 0x0, 0x0, 0x3f,
    0x7e, 0x0, 0x0, 0x3f, 0x7e, 0x0, 0x0, 0x3f,
    0x7e, 0x0, 0x0, 0x3f, 0x7e, 0x0, 0x0, 0x3f,
    0x7e, 0x0, 0x0, 0x3f, 0x7e, 0x0, 0x0, 0x3f,
    0x7e, 0x0, 0x0, 0x3f, 0x7e, 0x0, 0x0, 0x3f,
    0x7e, 0x0, 0x0, 0x3f, 0x7e, 0x0, 0x0, 0x3f,
    0x7e, 0x0, 0x0, 0x3f, 0x7e, 0x0, 0x0, 0x3f,
    0x7e, 0x0, 0x0, 0x3f, 0x0, 0x0, 0x0, 0x3f,
    0x0, 0x0, 0x0, 0x3f, 0x0, 0x0, 0x0, 0x3e,
    0x0, 0x0, 0x1, 0xfd, 0x0, 0x0, 0xf, 0xfc,
    0x0, 0x0, 0xf, 0xe0,

    /* U+014B "ŋ" */
    0x7c, 0x1f, 0xf4, 0x7, 0xcf, 0xff, 0xf0, 0x7e,
    0xe5, 0x7f, 0x87, 0xf4, 0x0, 0xfc, 0x7e, 0x0,
    0x7, 0xc7, 0xd0, 0x0, 0x3d, 0x7c, 0x0, 0x3,
    0xd7, 0xc0, 0x0, 0x3d, 0x7c, 0x0, 0x3, 0xd7,
    0xc0, 0x0, 0x3d, 0x7c, 0x0, 0x3, 0xd7, 0xc0,
    0x0, 0x3d, 0x7c, 0x0, 0x3, 0xd7, 0xc0, 0x0,
    0x3d, 0x7c, 0x0, 0x3, 0xd7, 0xc0, 0x0, 0x3d,
    0x0, 0x0, 0x3, 0xd0, 0x0, 0x0, 0x3d, 0x0,
    0x0, 0x7, 0xc0, 0x0, 0x1, 0xfc, 0x0, 0x3f,
    0xff, 0x40, 0x3, 0xff, 0x90,

    /* U+014C "Ō" */
    0x0, 0x0, 0x0, 0x0, 0x0, 0x0, 0xf, 0xff,
    0xf0, 0x0, 0x0, 0xf, 0xff, 0xf0, 0x0, 0x0,
    0x0, 0x0, 0x0, 0x0, 0x0, 0x0, 0x0, 0x0,
    0x0, 0x0, 0x0, 0x0, 0x0, 0x0, 0x0, 0x6,
    0xff, 0x90, 0x0, 0x0, 0x7f, 0xff, 0xfd, 0x0,
    0x1, 0xff, 0x55, 0xff, 0x40, 0x7, 0xf4, 0x0,
    0x1f, 0xd0, 0xf, 0xd0, 0x0, 0x7, 0xf0, 0x1f,
    0x80, 0x0, 0x2, 0xf8, 0x3f, 0x0, 0x0, 0x0,
    0xfc, 0x3f, 0x0, 0x0, 0x0, 0xfc, 0x7e, 0x0,
    0x0, 0x0, 0xbd, 0x7e, 0x0, 0x0, 0x0, 0xbd,
    0x7d, 0x0, 0x0, 0x0, 0x7d, 0x7e, 0x0, 0x0,
    0x0, 0xbd, 0x7e, 0x0, 0x0, 0x0, 0xbd, 0x3f,
    0x0, 0x0, 0x0, 0xfc, 0x3f, 0x0, 0x0, 0x0,
    0xfc, 0x1f, 0x80, 0x0, 0x2, 0xf8, 0xf, 0xd0,
    0x0, 0x3, 0xf0, 0x7, 0xf4, 0x0, 0x1f, 0xd0,
    0x1, 0xff, 0x55, 0xff, 0x40, 0x0, 0x7f, 0xff,
    0xfd, 0x0, 0x0, 0x6, 0xff, 0x90, 0x0,

    /* U+014D "ō" */
    0x2, 0xff, 0xfe, 0x0, 0xb, 0xff, 0xf8, 0x0,
    0x0, 0x0, 0x0, 0x0, 0x0, 0x0, 0x0, 0x0,
    0x0, 0x0, 0x0, 0x0, 0x0, 0x0, 0x0, 0x6,
    0xff, 0x40, 0x0, 0xff, 0xff, 0xc0, 0xf, 0xf4,
    0x6f, 0xc0, 0x7e, 0x0, 0x2f, 0x83, 0xf0, 0x0,
    0x3f, 0xf, 0x80, 0x0, 0x7d, 0x7d, 0x0, 0x0,
    0xf5, 0xf0, 0x0, 0x3, 0xe7, 0xc0, 0x0, 0xf,
    0x9f, 0x40, 0x0, 0x3d, 0x3e, 0x0, 0x1, 0xf4,
    0xfc, 0x0, 0xf, 0xc1, 0xf8, 0x0, 0x7e, 0x3,
    0xf9, 0x1b, 0xf0, 0x3, 0xff, 0xff, 0x0, 0x1,
    0xbf, 0xd0, 0x0,

    /* U+014E "Ŏ" */
    0x0, 0xe, 0x0, 0x70, 0x0, 0x0, 0xf, 0x41,
    0xf0, 0x0, 0x0, 0x7, 0xff, 0xd0, 0x0, 0x0,
    0x0, 0xae, 0x0, 0x0, 0x0, 0x0, 0x0, 0x0,
    0x0, 0x0, 0x0, 0x0, 0x0, 0x0, 0x0, 0x6,
    0xff, 0x90, 0x0, 0x0, 0x7f, 0xff, 0xfd, 0x0,
    0x1, 0xff, 0x55, 0xff, 0x40, 0x7, 0xf4, 0x0,
    0x1f, 0xd0, 0xf, 0xd0, 0x0, 0x7, 0xf0, 0x1f,
    0x80, 0x0, 0x2, 0xf8, 0x3f, 0x0, 0x0, 0x0,
    0xfc, 0x3f, 0x0, 0x0, 0x0, 0xfc, 0x7e, 0x0,
    0x0, 0x0, 0xbd, 0x7e, 0x0, 0x0, 0x0, 0xbd,
    0x7d, 0x0, 0x0, 0x0, 0x7d, 0x7e, 0x0, 0x0,
    0x0, 0xbd, 0x7e, 0x0, 0x0, 0x0, 0xbd, 0x3f,
    0x0, 0x0, 0x0, 0xfc, 0x3f, 0x0, 0x0, 0x0,
    0xfc, 0x1f, 0x80, 0x0, 0x2, 0xf8, 0xf, 0xd0,
    0x0, 0x3, 0xf0, 0x7, 0xf4, 0x0, 0x1f, 0xd0,
    0x1, 0xff, 0x55, 0xff, 0x40, 0x0, 0x7f, 0xff,
    0xfd, 0x0, 0x0, 0x6, 0xff, 0x90, 0x0,

    /* U+014F "ŏ" */
    0x2, 0xc0, 0xe, 0x0, 0x7, 0x80, 0xb8, 0x0,
    0xf, 0xff, 0xc0, 0x0, 0x7, 0xf8, 0x0, 0x0,
    0x0, 0x0, 0x0, 0x0, 0x0, 0x0, 0x0, 0x0,
    0x0, 0x0, 0x0, 0x1b, 0xfd, 0x0, 0x3, 0xff,
    0xff, 0x0, 0x3f, 0xd1, 0xbf, 0x1, 0xf8, 0x0,
    0xbe, 0xf, 0xc0, 0x0, 0xfc, 0x3e, 0x0, 0x1,
    0xf5, 0xf4, 0x0, 0x3, 0xd7, 0xc0, 0x0, 0xf,
    0x9f, 0x0, 0x0, 0x3e, 0x7d, 0x0, 0x0, 0xf4,
    0xf8, 0x0, 0x7, 0xd3, 0xf0, 0x0, 0x3f, 0x7,
    0xe0, 0x1, 0xf8, 0xf, 0xe4, 0x6f, 0xc0, 0xf,
    0xff, 0xfc, 0x0, 0x6, 0xff, 0x40, 0x0,

    /* U+0150 "Ő" */
    0x0, 0x0, 0xbc, 0x3e, 0x0, 0x0, 0x0, 0xf0,
    0xb8, 0x0, 0x0, 0x3, 0xd1, 0xf0, 0x0, 0x0,
    0x6, 0x42, 0x80, 0x0, 0x0, 0x0, 0x0, 0x0,
    0x0, 0x0, 0x0, 0x0, 0x0, 0x0, 0x0, 0x6,
    0xff, 0x90, 0x0, 0x0, 0x7f, 0xff, 0xfd, 0x0,
    0x1, 0xff, 0x55, 0xff, 0x40, 0x7, 0xf4, 0x0,
    0x1f, 0xd0, 0xf, 0xd0, 0x0, 0x7, 0xf0, 0x1f,
    0x80, 0x0, 0x2, 0xf8, 0x3f, 0x0, 0x0, 0x0,
    0xfc, 0x3f, 0x0, 0x0, 0x0, 0xfc, 0x7e, 0x0,
    0x0, 0x0, 0xbd, 0x7e, 0x0, 0x0, 0x0, 0xbd,
    0x7d, 0x0, 0x0, 0x0, 0x7d, 0x7e, 0x0, 0x0,
    0x0, 0xbd, 0x7e, 0x0, 0x0, 0x0, 0xbd, 0x3f,
    0x0, 0x0, 0x0, 0xfc, 0x3f, 0x0, 0x0, 0x0,
    0xfc, 0x1f, 0x80, 0x0, 0x2, 0xf8, 0xf, 0xd0,
    0x0, 0x3, 0xf0, 0x7, 0xf4, 0x0, 0x1f, 0xd0,
    0x1, 0xff, 0x55, 0xff, 0x40, 0x0, 0x7f, 0xff,
    0xfd, 0x0, 0x0, 0x6, 0xff, 0x90, 0x0,

    /* U+0151 "ő" */
    0x0, 0x0, 0x40, 0x40, 0x0, 0x1f, 0xf, 0x80,
    0x0, 0xf4, 0x7c, 0x0, 0x7, 0xc3, 0xd0, 0x0,
    0x3c, 0x1e, 0x0, 0x1, 0xe0, 0xf0, 0x0, 0x0,
    0x0, 0x0, 0x0, 0x0, 0x0, 0x0, 0x0, 0x6f,
    0xf4, 0x0, 0xf, 0xff, 0xfc, 0x0, 0xff, 0x46,
    0xfc, 0x7, 0xe0, 0x2, 0xf8, 0x3f, 0x0, 0x3,
    0xf0, 0xf8, 0x0, 0x7, 0xd7, 0xd0, 0x0, 0xf,
    0x5f, 0x0, 0x0, 0x3e, 0x7c, 0x0, 0x0, 0xf9,
    0xf4, 0x0, 0x3, 0xd3, 0xe0, 0x0, 0x1f, 0x4f,
    0xc0, 0x0, 0xfc, 0x1f, 0x80, 0x7, 0xe0, 0x3f,
    0x91, 0xbf, 0x0, 0x3f, 0xff, 0xf0, 0x0, 0x1b,
    0xfd, 0x0,

    /* U+0152 "Œ" */
    0x0, 0x1, 0xbf, 0xff, 0xff, 0xff, 0xfc, 0x0,
    0x2f, 0xff, 0xff, 0xff, 0xff, 0xfc, 0x0, 0xff,
    0xe5, 0x5f, 0xd5, 0x55, 0x54, 0x3, 0xfd, 0x0,
    0xf, 0xc0, 0x0, 0x0, 0xf, 0xe0, 0x0, 0xf,
    0xc0, 0x0, 0x0, 0x1f, 0xc0, 0x0, 0xf, 0xc0,
    0x0, 0x0, 0x3f, 0x0, 0x0, 0xf, 0xc0, 0x0,
    0x0, 0x3f, 0x0, 0x0, 0xf, 0xc0, 0x0, 0x0,
    0x7e, 0x0, 0x0, 0xf, 0xd5, 0x55, 0x50, 0x7e,
    0x0, 0x0, 0xf, 0xff, 0xff, 0xf8, 0x7e, 0x0,
    0x0, 0xf, 0xff, 0xff, 0xf8, 0x7e, 0x0, 0x0,
    0xf, 0xc0, 0x0, 0x0, 0x7e, 0x0, 0x0, 0xf,
    0xc0, 0x0, 0x0, 0x3f, 0x0, 0x0, 0xf, 0xc0,
    0x0, 0x0, 0x3f, 0x40, 0x0, 0xf, 0xc0, 0x0,
    0x0, 0x1f, 0xc0, 0x0, 0xf, 0xc0, 0x0, 0x0,
    0xf, 0xe0, 0x0, 0xf, 0xc0, 0x0, 0x0, 0x3,
    0xfd, 0x0, 0xf, 0xc0, 0x0, 0x0, 0x0, 0xff,
    0xe5, 0x5f, 0xd5, 0x55, 0x54, 0x0, 0x2f, 0xff,
    0xff, 0xff, 0xff, 0xfc, 0x0, 0x1, 0xbf, 0xff,
    0xff, 0xff, 0xfc,

    /* U+0153 "œ" */
    0x0, 0x6f, 0xf4, 0x0, 0x7f, 0xe4, 0x0, 0xf,
    0xff, 0xfc, 0x1f, 0xff, 0xfc, 0x0, 0xff, 0x46,
    0xfd, 0xfe, 0x46, 0xfc, 0x7, 0xe0, 0x2, 0xff,
    0xc0, 0x1, 0xf4, 0x3f, 0x0, 0x3, 0xfc, 0x0,
    0x2, 0xf0, 0xf8, 0x0, 0x7, 0xf0, 0x0, 0x7,
    0xc7, 0xd0, 0x0, 0xf, 0xff, 0xff, 0xff, 0x1f,
    0x0, 0x0, 0x3f, 0xff, 0xff, 0xfc, 0x7c, 0x0,
    0x0, 0xf8, 0x0, 0x0, 0x1, 0xf4, 0x0, 0x3,
    0xf0, 0x0, 0x0, 0x3, 0xe0, 0x0, 0x1f, 0xc0,
    0x0, 0x0, 0xf, 0xc0, 0x0, 0xff, 0x80, 0x0,
    0x0, 0x1f, 0x80, 0x7, 0xff, 0x40, 0x0, 0x10,
    0x3f, 0x91, 0xbf, 0x3f, 0x90, 0x5f, 0x80, 0x3f,
    0xff, 0xf0, 0x3f, 0xff, 0xfe, 0x0, 0x1b, 0xf9,
    0x0, 0x1b, 0xfe, 0x80,

    /* U+0154 "Ŕ" */
    0x0, 0x0, 0x90, 0x0, 0x0, 0x0, 0xf4, 0x0,
    0x0, 0x0, 0xb8, 0x0, 0x0, 0x0, 0xb8, 0x0,
    0x0, 0x0, 0x0, 0x0, 0x0, 0x0, 0x0, 0x0,
    0x0, 0x7, 0xff, 0xfe, 0x40, 0x1, 0xff, 0xff,
    0xfc, 0x0, 0x7e, 0x55, 0xbf, 0xc0, 0x1f, 0x80,
    0x3, 0xf4, 0x7, 0xe0, 0x0, 0x7f, 0x1, 0xf8,
    0x0, 0xf, 0xc0, 0x7e, 0x0, 0x3, 0xf0, 0x1f,
    0x80, 0x0, 0xf8, 0x7, 0xe0, 0x0, 0xbd, 0x1,
    0xf8, 0x0, 0xbf, 0x0, 0x7f, 0xff, 0xfe, 0x0,
    0x1f, 0xff, 0xff, 0x0, 0x7, 0xe5, 0x5b, 0xf0,
    0x1, 0xf8, 0x0, 0x7f, 0x0, 0x7e, 0x0, 0xb,
    0xd0, 0x1f, 0x80, 0x0, 0xfc, 0x7, 0xe0, 0x0,
    0x2f, 0x41, 0xf8, 0x0, 0x3, 0xf0, 0x7e, 0x0,
    0x0, 0xbd, 0x1f, 0x80, 0x0, 0xf, 0xc7, 0xe0,
    0x0, 0x2, 0xf4,

    /* U+0155 "ŕ" */
    0x0, 0x2, 0xf0, 0x0, 0x1f, 0x40, 0x0, 0xf8,
    0x0, 0xb, 0x80, 0x0, 0x7c, 0x0, 0x1, 0x80,
    0x0, 0x0, 0x0, 0x1f, 0x7, 0xf8, 0x7c, 0xff,
    0xe1, 0xff, 0x95, 0x47, 0xf4, 0x0, 0x1f, 0x80,
    0x0, 0x7d, 0x0, 0x1, 0xf0, 0x0, 0x7, 0xc0,
    0x0, 0x1f, 0x0, 0x0, 0x7c, 0x0, 0x1, 0xf0,
    0x0, 0x7, 0xc0, 0x0, 0x1f, 0x0, 0x0, 0x7c,
    0x0, 0x1, 0xf0, 0x0, 0x7, 0xc0, 0x0, 0x0,

    /* U+0156 "Ŗ" */
    0x7f, 0xff, 0xe4, 0x0, 0x1f, 0xff, 0xff, 0xc0,
    0x7, 0xe5, 0x5b, 0xfc, 0x1, 0xf8, 0x0, 0x3f,
    0x40, 0x7e, 0x0, 0x7, 0xf0, 0x1f, 0x80, 0x0,
    0xfc, 0x7, 0xe0, 0x0, 0x3f, 0x1, 0xf8, 0x0,
    0xf, 0x80, 0x7e, 0x0, 0xb, 0xd0, 0x1f, 0x80,
    0xb, 0xf0, 0x7, 0xff, 0xff, 0xe0, 0x1, 0xff,
    0xff, 0xf0, 0x0, 0x7e, 0x55, 0xbf, 0x0, 0x1f,
    0x80, 0x7, 0xf0, 0x7, 0xe0, 0x0, 0xbd, 0x1,
    0xf8, 0x0, 0xf, 0xc0, 0x7e, 0x0, 0x2, 0xf4,
    0x1f, 0x80, 0x0, 0x3f, 0x7, 0xe0, 0x0, 0xb,
    0xd1, 0xf8, 0x0, 0x0, 0xfc, 0x7e, 0x0, 0x0,
    0x2f, 0x40, 0x0, 0x0, 0x0, 0x0, 0x0, 0x0,
    0x0, 0x0, 0x0, 0x7, 0xd0, 0x0, 0x0, 0x2,
    0xf0, 0x0, 0x0, 0x0, 0xf4, 0x0, 0x0, 0x0,
    0x3c, 0x0, 0x0, 0x0, 0x4, 0x0, 0x0,

    /* U+0157 "ŗ" */
    0x1f, 0x7, 0xf8, 0x7c, 0xff, 0xe1, 0xff, 0x95,
    0x47, 0xf4, 0x0, 0x1f, 0x80, 0x0, 0x7d, 0x0,
    0x1, 0xf0, 0x0, 0x7, 0xc0, 0x0, 0x1f, 0x0,
    0x0, 0x7c, 0x0, 0x1, 0xf0, 0x0, 0x7, 0xc0,
    0x0, 0x1f, 0x0, 0x0, 0x7c, 0x0, 0x1, 0xf0,
    0x0, 0x7, 0xc0, 0x0, 0x0, 0x0, 0x0, 0x0,
    0x0, 0x0, 0xf8, 0x0, 0x7, 0xc0, 0x0, 0x2e,
    0x0, 0x0, 0xf0, 0x0, 0x1, 0x40, 0x0, 0x0,

    /* U+0158 "Ř" */
    0x2, 0x40, 0x24, 0x0, 0x0, 0xb4, 0x3c, 0x0,
    0x0, 0xf, 0x2d, 0x0, 0x0, 0x1, 0xfe, 0x0,
    0x0, 0x0, 0x1a, 0x0, 0x0, 0x0, 0x0, 0x0,
    0x0, 0x7, 0xff, 0xfe, 0x40, 0x1, 0xff, 0xff,
    0xfc, 0x0, 0x7e, 0x55, 0xbf, 0xc0, 0x1f, 0x80,
    0x3, 0xf4, 0x7, 0xe0, 0x0, 0x7f, 0x1, 0xf8,
    0x0, 0xf, 0xc0, 0x7e, 0x0, 0x3, 0xf0, 0x1f,
    0x80, 0x0, 0xf8, 0x7, 0xe0, 0x0, 0xbd, 0x1,
    0xf8, 0x0, 0xbf, 0x0, 0x7f, 0xff, 0xfe, 0x0,
    0x1f, 0xff, 0xff, 0x0, 0x7, 0xe5, 0x5b, 0xf0,
    0x1, 0xf8, 0x0, 0x7f, 0x0, 0x7e, 0x0, 0xb,
    0xd0, 0x1f, 0x80, 0x0, 0xfc, 0x7, 0xe0, 0x0,
    0x2f, 0x41, 0xf8, 0x0, 0x3, 0xf0, 0x7e, 0x0,
    0x0, 0xbd, 0x1f, 0x80, 0x0, 0xf, 0xc7, 0xe0,
    0x0, 0x2, 0xf4,

    /* U+0159 "ř" */
    0x2d, 0x2, 0xd0, 0xf0, 0x3c, 0x7, 0x8f, 0x0,
    0x3f, 0xe0, 0x1, 0xfc, 0x0, 0x6, 0x40, 0x0,
    0x0, 0x7, 0xc1, 0xfe, 0x7c, 0xff, 0xe7, 0xfe,
    0x55, 0x7f, 0x40, 0x7, 0xe0, 0x0, 0x7d, 0x0,
    0x7, 0xc0, 0x0, 0x7c, 0x0, 0x7, 0xc0, 0x0,
    0x7c, 0x0, 0x7, 0xc0, 0x0, 0x7c, 0x0, 0x7,
    0xc0, 0x0, 0x7c, 0x0, 0x7, 0xc0, 0x0, 0x7c,
    0x0, 0x0,

    /* U+015A "Ś" */
    0x0, 0x0, 0xbc, 0x0, 0x0, 0x0, 0xf0, 0x0,
    0x0, 0x3, 0xd0, 0x0, 0x0, 0xb, 0x80, 0x0,
    0x0, 0x0, 0x0, 0x0, 0x0, 0x0, 0x0, 0x0,
    0x0, 0x6f, 0xfe, 0x40, 0x3, 0xff, 0xff, 0xf0,
    0xf, 0xf5, 0x5b, 0xf0, 0x2f, 0x40, 0x0, 0x20,
    0x3f, 0x0, 0x0, 0x0, 0x3e, 0x0, 0x0, 0x0,
    0x3f, 0x0, 0x0, 0x0, 0x3f, 0x40, 0x0, 0x0,
    0x1f, 0xf5, 0x0, 0x0, 0xb, 0xff, 0xf9, 0x0,
    0x0, 0xbf, 0xff, 0xc0, 0x0, 0x1, 0xbf, 0xf0,
    0x0, 0x0, 0x7, 0xf8, 0x0, 0x0, 0x0, 0xfc,
    0x0, 0x0, 0x0, 0xfc, 0x0, 0x0, 0x0, 0xbc,
    0x0, 0x0, 0x0, 0xfc, 0x34, 0x0, 0x2, 0xf8,
    0x3f, 0x95, 0x6f, 0xf0, 0x3f, 0xff, 0xff, 0xc0,
    0x1, 0xbf, 0xf9, 0x0,

    /* U+015B "ś" */
    0x0, 0x0, 0x28, 0x0, 0x0, 0x3e, 0x0, 0x0,
    0x2f, 0x0, 0x0, 0x1f, 0x0, 0x0, 0xf, 0x40,
    0x0, 0xb, 0x40, 0x0, 0x0, 0x0, 0x0, 0x0,
    0x0, 0x0, 0x2, 0xff, 0xe4, 0x3, 0xff, 0xff,
    0x43, 0xf9, 0x6, 0xd1, 0xf4, 0x0, 0x0, 0x7c,
    0x0, 0x0, 0x1f, 0x80, 0x0, 0x3, 0xfe, 0x40,
    0x0, 0x3f, 0xff, 0x40, 0x1, 0xbf, 0xfc, 0x0,
    0x0, 0x6f, 0xc0, 0x0, 0x2, 0xf0, 0x0, 0x0,
    0x7c, 0x0, 0x0, 0x2f, 0x1f, 0x50, 0x6f, 0x87,
    0xff, 0xff, 0x80, 0x6f, 0xfe, 0x40,

    /* U+015C "Ŝ" */
    0x0, 0xb, 0xe0, 0x0, 0x0, 0x1f, 0xf4, 0x0,
    0x0, 0x3c, 0x3c, 0x0, 0x0, 0xf0, 0xf, 0x0,
    0x0, 0x0, 0x0, 0x0, 0x0, 0x0, 0x0, 0x0,
    0x0, 0x6f, 0xfe, 0x40, 0x3, 0xff, 0xff, 0xf0,
    0xf, 0xf5, 0x5b, 0xf0, 0x2f, 0x40, 0x0, 0x20,
    0x3f, 0x0, 0x0, 0x0, 0x3e, 0x0, 0x0, 0x0,
    0x3f, 0x0, 0x0, 0x0, 0x3f, 0x40, 0x0, 0x0,
    0x1f, 0xf5, 0x0, 0x0, 0xb, 0xff, 0xf9, 0x0,
    0x0, 0xbf, 0xff, 0xc0, 0x0, 0x1, 0xbf, 0xf0,
    0x0, 0x0, 0x7, 0xf8, 0x0, 0x0, 0x0, 0xfc,
    0x0, 0x0, 0x0, 0xfc, 0x0, 0x0, 0x0, 0xbc,
    0x0, 0x0, 0x0, 0xfc, 0x34, 0x0, 0x2, 0xf8,
    0x3f, 0x95, 0x6f, 0xf0, 0x3f, 0xff, 0xff, 0xc0,
    0x1, 0xbf, 0xf9, 0x0,

    /* U+015D "ŝ" */
    0x0, 0x19, 0x0, 0x0, 0xf, 0xc0, 0x0, 0xb,
    0xf8, 0x0, 0x7, 0xcf, 0x40, 0x3, 0xc0, 0xf0,
    0x2, 0xd0, 0x1e, 0x0, 0x0, 0x0, 0x0, 0x0,
    0x0, 0x0, 0x2, 0xff, 0xe4, 0x3, 0xff, 0xff,
    0x43, 0xf9, 0x6, 0xd1, 0xf4, 0x0, 0x0, 0x7c,
    0x0, 0x0, 0x1f, 0x80, 0x0, 0x3, 0xfe, 0x40,
    0x0, 0x3f, 0xff, 0x40, 0x1, 0xbf, 0xfc, 0x0,
    0x0, 0x6f, 0xc0, 0x0, 0x2, 0xf0, 0x0, 0x0,
    0x7c, 0x0, 0x0, 0x2f, 0x1f, 0x50, 0x6f, 0x87,
    0xff, 0xff, 0x80, 0x6f, 0xfe, 0x40,

    /* U+015E "Ş" */
    0x0, 0x6f, 0xfe, 0x40, 0x3, 0xff, 0xff, 0xf0,
    0xf, 0xf5, 0x5b, 0xf0, 0x2f, 0x40, 0x0, 0x20,
    0x3f, 0x0, 0x0, 0x0, 0x3e, 0x0, 0x0, 0x0,
    0x3f, 0x0, 0x0, 0x0, 0x3f, 0x40, 0x0, 0x0,
    0x1f, 0xf5, 0x0, 0x0, 0xb, 0xff, 0xf9, 0x0,
    0x0, 0xbf, 0xff, 0xc0, 0x0, 0x1, 0xbf, 0xf0,
    0x0, 0x0, 0x7, 0xf8, 0x0, 0x0, 0x0, 0xfc,
    0x0, 0x0, 0x0, 0xfc, 0x0, 0x0, 0x0, 0xbc,
    0x0, 0x0, 0x0, 0xfc, 0x34, 0x0, 0x2, 0xf8,
    0x3f, 0x95, 0x6f, 0xf0, 0x3f, 0xff, 0xff, 0xc0,
    0x1, 0xbf, 0xf9, 0x0, 0x0, 0x0, 0xe0, 0x0,
    0x0, 0x0, 0xb0, 0x0, 0x0, 0x0, 0x74, 0x0,
    0x0, 0x0, 0xb4, 0x0, 0x0, 0x3f, 0xf0, 0x0,
    0x0, 0x3f, 0xd0, 0x0,

    /* U+015F "ş" */
    0x2, 0xff, 0xe4, 0x3, 0xff, 0xff, 0x43, 0xf9,
    0x6, 0xd1, 0xf4, 0x0, 0x0, 0x7c, 0x0, 0x0,
    0x1f, 0x80, 0x0, 0x3, 0xfe, 0x40, 0x0, 0x3f,
    0xff, 0x40, 0x1, 0xbf, 0xfc, 0x0, 0x0, 0x6f,
    0xc0, 0x0, 0x2, 0xf0, 0x0, 0x0, 0x7c, 0x0,
    0x0, 0x2f, 0x1f, 0x50, 0x6f, 0x87, 0xff, 0xff,
    0x80, 0x6f, 0xfe, 0x40, 0x0, 0xb, 0x0, 0x0,
    0x0, 0xe0, 0x0, 0x0, 0x3c, 0x0, 0x0, 0xf,
    0x0, 0x2, 0xff, 0x80, 0x0, 0xbf, 0x80, 0x0,

    /* U+0160 "Š" */
    0x0, 0xf0, 0x1e, 0x0, 0x0, 0x3c, 0x3c, 0x0,
    0x0, 0x1e, 0xf4, 0x0, 0x0, 0xb, 0xe0, 0x0,
    0x0, 0x0, 0x0, 0x0, 0x0, 0x0, 0x0, 0x0,
    0x0, 0x6f, 0xfe, 0x40, 0x3, 0xff, 0xff, 0xf0,
    0xf, 0xf5, 0x5b, 0xf0, 0x2f, 0x40, 0x0, 0x20,
    0x3f, 0x0, 0x0, 0x0, 0x3e, 0x0, 0x0, 0x0,
    0x3f, 0x0, 0x0, 0x0, 0x3f, 0x40, 0x0, 0x0,
    0x1f, 0xf5, 0x0, 0x0, 0xb, 0xff, 0xf9, 0x0,
    0x0, 0xbf, 0xff, 0xc0, 0x0, 0x1, 0xbf, 0xf0,
    0x0, 0x0, 0x7, 0xf8, 0x0, 0x0, 0x0, 0xfc,
    0x0, 0x0, 0x0, 0xfc, 0x0, 0x0, 0x0, 0xbc,
    0x0, 0x0, 0x0, 0xfc, 0x34, 0x0, 0x2, 0xf8,
    0x3f, 0x95, 0x6f, 0xf0, 0x3f, 0xff, 0xff, 0xc0,
    0x1, 0xbf, 0xf9, 0x0,

    /* U+0161 "š" */
    0x6, 0x0, 0x14, 0x0, 0xf0, 0x2d, 0x0, 0x2e,
    0x1e, 0x0, 0x3, 0xdf, 0x0, 0x0, 0x7f, 0x80,
    0x0, 0xb, 0xc0, 0x0, 0x0, 0x0, 0x0, 0x0,
    0x0, 0x0, 0x2, 0xff, 0xe4, 0x3, 0xff, 0xff,
    0x43, 0xf9, 0x6, 0xd1, 0xf4, 0x0, 0x0, 0x7c,
    0x0, 0x0, 0x1f, 0x80, 0x0, 0x3, 0xfe, 0x40,
    0x0, 0x3f, 0xff, 0x40, 0x1, 0xbf, 0xfc, 0x0,
    0x0, 0x6f, 0xc0, 0x0, 0x2, 0xf0, 0x0, 0x0,
    0x7c, 0x0, 0x0, 0x2f, 0x1f, 0x50, 0x6f, 0x87,
    0xff, 0xff, 0x80, 0x6f, 0xfe, 0x40,

    /* U+0162 "Ţ" */
    0x3f, 0xff, 0xff, 0xff, 0xf0, 0xff, 0xff, 0xff,
    0xff, 0xc1, 0x55, 0x5f, 0xd5, 0x55, 0x0, 0x0,
    0x3f, 0x0, 0x0, 0x0, 0x0, 0xfc, 0x0, 0x0,
    0x0, 0x3, 0xf0, 0x0, 0x0, 0x0, 0xf, 0xc0,
    0x0, 0x0, 0x0, 0x3f, 0x0, 0x0, 0x0, 0x0,
    0xfc, 0x0, 0x0, 0x0, 0x3, 0xf0, 0x0, 0x0,
    0x0, 0xf, 0xc0, 0x0, 0x0, 0x0, 0x3f, 0x0,
    0x0, 0x0, 0x0, 0xfc, 0x0, 0x0, 0x0, 0x3,
    0xf0, 0x0, 0x0, 0x0, 0xf, 0xc0, 0x0, 0x0,
    0x0, 0x3f, 0x0, 0x0, 0x0, 0x0, 0xfc, 0x0,
    0x0, 0x0, 0x3, 0xf0, 0x0, 0x0, 0x0, 0xf,
    0xc0, 0x0, 0x0, 0x0, 0x3f, 0x0, 0x0, 0x0,
    0x0, 0xfc, 0x0, 0x0, 0x0, 0x0, 0xe0, 0x0,
    0x0, 0x0, 0x2, 0xc0, 0x0, 0x0, 0x0, 0x3,
    0x80, 0x0, 0x0, 0x0, 0x1e, 0x0, 0x0, 0x0,
    0x3f, 0xf4, 0x0, 0x0, 0x0, 0xbf, 0x80, 0x0,
    0x0,

    /* U+0163 "ţ" */
    0x2, 0x80, 0x0, 0x1f, 0x0, 0x0, 0x7c, 0x0,
    0x1, 0xf0, 0x0, 0x7f, 0xff, 0xf5, 0xff, 0xff,
    0xd0, 0x7c, 0x0, 0x1, 0xf0, 0x0, 0x7, 0xc0,
    0x0, 0x1f, 0x0, 0x0, 0x7c, 0x0, 0x1, 0xf0,
    0x0, 0x7, 0xc0, 0x0, 0x1f, 0x0, 0x0, 0x7c,
    0x0, 0x1, 0xf0, 0x0, 0x7, 0xd0, 0x0, 0xf,
    0xd0, 0x0, 0x2f, 0xff, 0x40, 0x1f, 0xfd, 0x0,
    0xb, 0x0, 0x0, 0xe, 0x0, 0x0, 0x3c, 0x0,
    0x0, 0xf0, 0x1, 0xef, 0xc0, 0x7, 0xf8, 0x0,

    /* U+0164 "Ť" */
    0x0, 0x9, 0x0, 0x90, 0x0, 0x0, 0x3c, 0xf,
    0x0, 0x0, 0x0, 0x3c, 0xf4, 0x0, 0x0, 0x0,
    0x7f, 0x80, 0x0, 0x0, 0x0, 0x64, 0x0, 0x0,
    0x0, 0x0, 0x0, 0x0, 0x3, 0xff, 0xff, 0xff,
    0xff, 0xf, 0xff, 0xff, 0xff, 0xfc, 0x15, 0x55,
    0xfd, 0x55, 0x50, 0x0, 0x3, 0xf0, 0x0, 0x0,
    0x0, 0xf, 0xc0, 0x0, 0x0, 0x0, 0x3f, 0x0,
    0x0, 0x0, 0x0, 0xfc, 0x0, 0x0, 0x0, 0x3,
    0xf0, 0x0, 0x0, 0x0, 0xf, 0xc0, 0x0, 0x0,
    0x0, 0x3f, 0x0, 0x0, 0x0, 0x0, 0xfc, 0x0,
    0x0, 0x0, 0x3, 0xf0, 0x0, 0x0, 0x0, 0xf,
    0xc0, 0x0, 0x0, 0x0, 0x3f, 0x0, 0x0, 0x0,
    0x0, 0xfc, 0x0, 0x0, 0x0, 0x3, 0xf0, 0x0,
    0x0, 0x0, 0xf, 0xc0, 0x0, 0x0, 0x0, 0x3f,
    0x0, 0x0, 0x0, 0x0, 0xfc, 0x0, 0x0, 0x0,
    0x3, 0xf0, 0x0, 0x0, 0x0, 0xf, 0xc0, 0x0,
    0x0,

    /* U+0165 "ť" */
    0x0, 0x0, 0x50, 0x0, 0x7, 0xc0, 0x0, 0x2f,
    0x0, 0x0, 0xf8, 0x7, 0xc3, 0xd0, 0x1f, 0xf,
    0x0, 0x7c, 0x0, 0x1, 0xf0, 0x0, 0x7f, 0xff,
    0xf5, 0xff, 0xff, 0xd0, 0x7c, 0x0, 0x1, 0xf0,
    0x0, 0x7, 0xc0, 0x0, 0x1f, 0x0, 0x0, 0x7c,
    0x0, 0x1, 0xf0, 0x0, 0x7, 0xc0, 0x0, 0x1f,
    0x0, 0x0, 0x7c, 0x0, 0x1, 0xf0, 0x0, 0x7,
    0xd0, 0x0, 0xf, 0xd0, 0x0, 0x2f, 0xff, 0x40,
    0x1f, 0xfd,

    /* U+0166 "Ŧ" */
    0x3f, 0xff, 0xff, 0xff, 0xf0, 0xff, 0xff, 0xff,
    0xff, 0xc1, 0x55, 0x5f, 0xd5, 0x55, 0x0, 0x0,
    0x3f, 0x0, 0x0, 0x0, 0x0, 0xfc, 0x0, 0x0,
    0x0, 0x3, 0xf0, 0x0, 0x0, 0x0, 0xf, 0xc0,
    0x0, 0x0, 0x0, 0x3f, 0x0, 0x0, 0x0, 0x0,
    0xfc, 0x0, 0x0, 0x0, 0x3, 0xf0, 0x0, 0x0,
    0x1, 0x5f, 0xd5, 0x0, 0x0, 0x1f, 0xff, 0xfe,
    0x0, 0x0, 0x7f, 0xff, 0xf8, 0x0, 0x0, 0x3,
    0xf0, 0x0, 0x0, 0x0, 0xf, 0xc0, 0x0, 0x0,
    0x0, 0x3f, 0x0, 0x0, 0x0, 0x0, 0xfc, 0x0,
    0x0, 0x0, 0x3, 0xf0, 0x0, 0x0, 0x0, 0xf,
    0xc0, 0x0, 0x0, 0x0, 0x3f, 0x0, 0x0, 0x0,
    0x0, 0xfc, 0x0, 0x0,

    /* U+0167 "ŧ" */
    0x7, 0xc0, 0x0, 0x1f, 0x0, 0x0, 0x7c, 0x0,
    0x1, 0xf0, 0x0, 0x7f, 0xff, 0xf5, 0xff, 0xff,
    0xd0, 0x7c, 0x0, 0x1, 0xf0, 0x0, 0x7, 0xc0,
    0x0, 0x1f, 0x0, 0x7, 0xff, 0xff, 0x4f, 0xff,
    0xfd, 0x7, 0xc0, 0x0, 0x1f, 0x0, 0x0, 0x7c,
    0x0, 0x1, 0xf0, 0x0, 0x7, 0xd0, 0x0, 0xf,
    0xd0, 0x0, 0x2f, 0xff, 0x40, 0x1f, 0xfd,

    /* U+0168 "Ũ" */
    0x0, 0x19, 0x2, 0x40, 0x0, 0x3f, 0xff, 0xd0,
    0x0, 0xe, 0x1b, 0xe0, 0x0, 0x0, 0x0, 0x0,
    0x0, 0x0, 0x0, 0x0, 0x0, 0x0, 0x0, 0x0,
    0x0, 0xb, 0xc0, 0x0, 0x2, 0xf2, 0xf0, 0x0,
    0x0, 0xbc, 0xbc, 0x0, 0x0, 0x2f, 0x2f, 0x0,
    0x0, 0xb, 0xcb, 0xc0, 0x0, 0x2, 0xf2, 0xf0,
    0x0, 0x0, 0xbc, 0xbc, 0x0, 0x0, 0x2f, 0x2f,
    0x0, 0x0, 0xb, 0xcb, 0xc0, 0x0, 0x2, 0xf2,
    0xf0, 0x0, 0x0, 0xbc, 0xbc, 0x0, 0x0, 0x2f,
    0x2f, 0x0, 0x0, 0xb, 0xcb, 0xc0, 0x0, 0x2,
    0xf2, 0xf4, 0x0, 0x0, 0xfc, 0x7d, 0x0, 0x0,
    0x3f, 0x1f, 0x80, 0x0, 0xf, 0xc3, 0xf0, 0x0,
    0x7, 0xe0, 0xbe, 0x0, 0x3, 0xf0, 0xf, 0xf9,
    0x5b, 0xf4, 0x0, 0xff, 0xff, 0xf4, 0x0, 0x6,
    0xff, 0xe0, 0x0,

    /* U+0169 "ũ" */
    0x2, 0xf8, 0x2c, 0x0, 0x7f, 0xff, 0xc0, 0xb,
    0x7, 0xf4, 0x0, 0x0, 0x0, 0x0, 0x0, 0x0,
    0x0, 0x0, 0x0, 0x0, 0x0, 0xbc, 0x0, 0x7,
    0xcb, 0xc0, 0x0, 0x7c, 0xbc, 0x0, 0x7, 0xcb,
    0xc0, 0x0, 0x7c, 0xbc, 0x0, 0x7, 0xcb, 0xc0,
    0x0, 0x7c, 0xbc, 0x0, 0x7, 0xcb, 0xc0, 0x0,
    0x7c, 0xbc, 0x0, 0x7, 0xcb, 0xc0, 0x0, 0x7c,
    0xbc, 0x0, 0xb, 0xc7, 0xc0, 0x0, 0xfc, 0x3e,
    0x0, 0x2f, 0xc3, 0xf9, 0x5f, 0xbc, 0xf, 0xff,
    0xe7, 0xc0, 0x2f, 0xe4, 0x7c,

    /* U+016A "Ū" */
    0x0, 0x0, 0x0, 0x0, 0x0, 0x3f, 0xff, 0xd0,
    0x0, 0xf, 0xff, 0xf4, 0x0, 0x0, 0x0, 0x0,
    0x0, 0x0, 0x0, 0x0, 0x0, 0x0, 0x0, 0x0,
    0x0, 0xb, 0xc0, 0x0, 0x2, 0xf2, 0xf0, 0x0,
    0x0, 0xbc, 0xbc, 0x0, 0x0, 0x2f, 0x2f, 0x0,
    0x0, 0xb, 0xcb, 0xc0, 0x0, 0x2, 0xf2, 0xf0,
    0x0, 0x0, 0xbc, 0xbc, 0x0, 0x0, 0x2f, 0x2f,
    0x0, 0x0, 0xb, 0xcb, 0xc0, 0x0, 0x2, 0xf2,
    0xf0, 0x0, 0x0, 0xbc, 0xbc, 0x0, 0x0, 0x2f,
    0x2f, 0x0, 0x0, 0xb, 0xcb, 0xc0, 0x0, 0x2,
    0xf2, 0xf4, 0x0, 0x0, 0xfc, 0x7d, 0x0, 0x0,
    0x3f, 0x1f, 0x80, 0x0, 0xf, 0xc3, 0xf0, 0x0,
    0x7, 0xe0, 0xbe, 0x0, 0x3, 0xf0, 0xf, 0xf9,
    0x5b, 0xf4, 0x0, 0xff, 0xff, 0xf4, 0x0, 0x6,
    0xff, 0xe0, 0x0,

    /* U+016B "ū" */
    0x7, 0xff, 0xfc, 0x0, 0x7f, 0xff, 0xc0, 0x0,
    0x0, 0x0, 0x0, 0x0, 0x0, 0x0, 0x0, 0x0,
    0x0, 0x0, 0x0, 0x0, 0x0, 0xbc, 0x0, 0x7,
    0xcb, 0xc0, 0x0, 0x7c, 0xbc, 0x0, 0x7, 0xcb,
    0xc0, 0x0, 0x7c, 0xbc, 0x0, 0x7, 0xcb, 0xc0,
    0x0, 0x7c, 0xbc, 0x0, 0x7, 0xcb, 0xc0, 0x0,
    0x7c, 0xbc, 0x0, 0x7, 0xcb, 0xc0, 0x0, 0x7c,
    0xbc, 0x0, 0xb, 0xc7, 0xc0, 0x0, 0xfc, 0x3e,
    0x0, 0x2f, 0xc3, 0xf9, 0x5f, 0xbc, 0xf, 0xff,
    0xe7, 0xc0, 0x2f, 0xe4, 0x7c,

    /* U+016C "Ŭ" */
    0x0, 0xf0, 0x7, 0x40, 0x0, 0x2e, 0x7, 0xc0,
    0x0, 0x3, 0xff, 0xe0, 0x0, 0x0, 0x2b, 0x90,
    0x0, 0x0, 0x0, 0x0, 0x0, 0x0, 0x0, 0x0,
    0x0, 0xb, 0xc0, 0x0, 0x2, 0xf2, 0xf0, 0x0,
    0x0, 0xbc, 0xbc, 0x0, 0x0, 0x2f, 0x2f, 0x0,
    0x0, 0xb, 0xcb, 0xc0, 0x0, 0x2, 0xf2, 0xf0,
    0x0, 0x0, 0xbc, 0xbc, 0x0, 0x0, 0x2f, 0x2f,
    0x0, 0x0, 0xb, 0xcb, 0xc0, 0x0, 0x2, 0xf2,
    0xf0, 0x0, 0x0, 0xbc, 0xbc, 0x0, 0x0, 0x2f,
    0x2f, 0x0, 0x0, 0xb, 0xcb, 0xc0, 0x0, 0x2,
    0xf2, 0xf4, 0x0, 0x0, 0xfc, 0x7d, 0x0, 0x0,
    0x3f, 0x1f, 0x80, 0x0, 0xf, 0xc3, 0xf0, 0x0,
    0x7, 0xe0, 0xbe, 0x0, 0x3, 0xf0, 0xf, 0xf9,
    0x5b, 0xf4, 0x0, 0xff, 0xff, 0xf4, 0x0, 0x6,
    0xff, 0xe0, 0x0,

    /* U+016D "ŭ" */
    0x7, 0x40, 0x2c, 0x0, 0x3c, 0x7, 0x80, 0x2,
    0xff, 0xf0, 0x0, 0x6, 0xf8, 0x0, 0x0, 0x0,
    0x0, 0x0, 0x0, 0x0, 0x0, 0x0, 0x0, 0x0,
    0xb, 0xc0, 0x0, 0x7c, 0xbc, 0x0, 0x7, 0xcb,
    0xc0, 0x0, 0x7c, 0xbc, 0x0, 0x7, 0xcb, 0xc0,
    0x0, 0x7c, 0xbc, 0x0, 0x7, 0xcb, 0xc0, 0x0,
    0x7c, 0xbc, 0x0, 0x7, 0xcb, 0xc0, 0x0, 0x7c,
    0xbc, 0x0, 0x7, 0xcb, 0xc0, 0x0, 0xbc, 0x7c,
    0x0, 0xf, 0xc3, 0xe0, 0x2, 0xfc, 0x3f, 0x95,
    0xfb, 0xc0, 0xff, 0xfe, 0x7c, 0x2, 0xfe, 0x47,
    0xc0,

    /* U+016E "Ů" */
    0x0, 0xb, 0xf0, 0x0, 0x0, 0xb, 0xff, 0x0,
    0x0, 0x3, 0x80, 0xf0, 0x0, 0x1, 0xd0, 0x2c,
    0x0, 0x0, 0x74, 0xf, 0x0, 0x0, 0xf, 0x7,
    0x80, 0xb, 0xc2, 0xff, 0xc2, 0xf2, 0xf0, 0x1f,
    0x80, 0xbc, 0xbc, 0x0, 0x0, 0x2f, 0x2f, 0x0,
    0x0, 0xb, 0xcb, 0xc0, 0x0, 0x2, 0xf2, 0xf0,
    0x0, 0x0, 0xbc, 0xbc, 0x0, 0x0, 0x2f, 0x2f,
    0x0, 0x0, 0xb, 0xcb, 0xc0, 0x0, 0x2, 0xf2,
    0xf0, 0x0, 0x0, 0xbc, 0xbc, 0x0, 0x0, 0x2f,
    0x2f, 0x0, 0x0, 0xb, 0xcb, 0xc0, 0x0, 0x2,
    0xf2, 0xf4, 0x0, 0x0, 0xfc, 0x7d, 0x0, 0x0,
    0x3f, 0x1f, 0x80, 0x0, 0xf, 0xc3, 0xf0, 0x0,
    0x7, 0xe0, 0xbe, 0x0, 0x3, 0xf0, 0xf, 0xf9,
    0x5b, 0xf4, 0x0, 0xff, 0xff, 0xf4, 0x0, 0x6,
    0xff, 0xe0, 0x0,

    /* U+016F "ů" */
    0x0, 0x2a, 0x0, 0x0, 0xf, 0xfd, 0x0, 0x2,
    0xd0, 0xf0, 0x0, 0x3c, 0x7, 0x40, 0x3, 0x80,
    0x74, 0x0, 0x3c, 0xb, 0x0, 0x1, 0xff, 0xe0,
    0x0, 0x7, 0xf8, 0x0, 0x0, 0x0, 0x0, 0xb,
    0xc0, 0x0, 0x7c, 0xbc, 0x0, 0x7, 0xcb, 0xc0,
    0x0, 0x7c, 0xbc, 0x0, 0x7, 0xcb, 0xc0, 0x0,
    0x7c, 0xbc, 0x0, 0x7, 0xcb, 0xc0, 0x0, 0x7c,
    0xbc, 0x0, 0x7, 0xcb, 0xc0, 0x0, 0x7c, 0xbc,
    0x0, 0x7, 0xcb, 0xc0, 0x0, 0xbc, 0x7c, 0x0,
    0xf, 0xc3, 0xe0, 0x2, 0xfc, 0x3f, 0x95, 0xfb,
    0xc0, 0xff, 0xfe, 0x7c, 0x2, 0xfe, 0x47, 0xc0,

    /* U+0170 "Ű" */
    0x0, 0x7, 0xc2, 0xe0, 0x0, 0x3, 0xd1, 0xf0,
    0x0, 0x2, 0xd0, 0xf0, 0x0, 0x0, 0xa0, 0xa4,
    0x0, 0x0, 0x0, 0x0, 0x0, 0x0, 0x0, 0x0,
    0x0, 0xb, 0xc0, 0x0, 0x2, 0xf2, 0xf0, 0x0,
    0x0, 0xbc, 0xbc, 0x0, 0x0, 0x2f, 0x2f, 0x0,
    0x0, 0xb, 0xcb, 0xc0, 0x0, 0x2, 0xf2, 0xf0,
    0x0, 0x0, 0xbc, 0xbc, 0x0, 0x0, 0x2f, 0x2f,
    0x0, 0x0, 0xb, 0xcb, 0xc0, 0x0, 0x2, 0xf2,
    0xf0, 0x0, 0x0, 0xbc, 0xbc, 0x0, 0x0, 0x2f,
    0x2f, 0x0, 0x0, 0xb, 0xcb, 0xc0, 0x0, 0x2,
    0xf2, 0xf4, 0x0, 0x0, 0xfc, 0x7d, 0x0, 0x0,
    0x3f, 0x1f, 0x80, 0x0, 0xf, 0xc3, 0xf0, 0x0,
    0x7, 0xe0, 0xbe, 0x0, 0x3, 0xf0, 0xf, 0xf9,
    0x5b, 0xf4, 0x0, 0xff, 0xff, 0xf4, 0x0, 0x6,
    0xff, 0xe0, 0x0,

    /* U+0171 "ű" */
    0x0, 0x1, 0x1, 0x40, 0x0, 0xf0, 0xbc, 0x0,
    0x2e, 0xf, 0x0, 0x3, 0xc2, 0xe0, 0x0, 0xb4,
    0x3c, 0x0, 0xf, 0xb, 0x0, 0x0, 0x0, 0x0,
    0x0, 0x0, 0x0, 0x0, 0xbc, 0x0, 0x7, 0xcb,
    0xc0, 0x0, 0x7c, 0xbc, 0x0, 0x7, 0xcb, 0xc0,
    0x0, 0x7c, 0xbc, 0x0, 0x7, 0xcb, 0xc0, 0x0,
    0x7c, 0xbc, 0x0, 0x7, 0xcb, 0xc0, 0x0, 0x7c,
    0xbc, 0x0, 0x7, 0xcb, 0xc0, 0x0, 0x7c, 0xbc,
    0x0, 0xb, 0xc7, 0xc0, 0x0, 0xfc, 0x3e, 0x0,
    0x2f, 0xc3, 0xf9, 0x5f, 0xbc, 0xf, 0xff, 0xe7,
    0xc0, 0x2f, 0xe4, 0x7c,

    /* U+0172 "Ų" */
    0xbc, 0x0, 0x0, 0x2f, 0x2f, 0x0, 0x0, 0xb,
    0xcb, 0xc0, 0x0, 0x2, 0xf2, 0xf0, 0x0, 0x0,
    0xbc, 0xbc, 0x0, 0x0, 0x2f, 0x2f, 0x0, 0x0,
    0xb, 0xcb, 0xc0, 0x0, 0x2, 0xf2, 0xf0, 0x0,
    0x0, 0xbc, 0xbc, 0x0, 0x0, 0x2f, 0x2f, 0x0,
    0x0, 0xb, 0xcb, 0xc0, 0x0, 0x2, 0xf2, 0xf0,
    0x0, 0x0, 0xbc, 0xbc, 0x0, 0x0, 0x2f, 0x2f,
    0x40, 0x0, 0xf, 0xc7, 0xd0, 0x0, 0x3, 0xf1,
    0xf8, 0x0, 0x0, 0xfc, 0x3f, 0x0, 0x0, 0x7e,
    0xb, 0xe0, 0x0, 0x3f, 0x0, 0xff, 0x95, 0xbf,
    0x40, 0xf, 0xff, 0xff, 0x40, 0x0, 0x6f, 0xfe,
    0x0, 0x0, 0x0, 0xe0, 0x0, 0x0, 0x0, 0xb0,
    0x0, 0x0, 0x0, 0x3c, 0x0, 0x0, 0x0, 0xf,
    0x0, 0x0, 0x0, 0x2, 0xff, 0x0, 0x0, 0x0,
    0x2f, 0xc0, 0x0,

    /* U+0173 "ų" */
    0xbc, 0x0, 0x7, 0xc0, 0xbc, 0x0, 0x7, 0xc0,
    0xbc, 0x0, 0x7, 0xc0, 0xbc, 0x0, 0x7, 0xc0,
    0xbc, 0x0, 0x7, 0xc0, 0xbc, 0x0, 0x7, 0xc0,
    0xbc, 0x0, 0x7, 0xc0, 0xbc, 0x0, 0x7, 0xc0,
    0xbc, 0x0, 0x7, 0xc0, 0xbc, 0x0, 0x7, 0xc0,
    0xbc, 0x0, 0xb, 0xc0, 0x7c, 0x0, 0xf, 0xc0,
    0x3e, 0x0, 0x2f, 0xc0, 0x3f, 0x95, 0xfb, 0xc0,
    0xf, 0xff, 0xe7, 0xc0, 0x2, 0xfe, 0x47, 0xc0,
    0x0, 0x0, 0x3, 0xc0, 0x0, 0x0, 0x7, 0x40,
    0x0, 0x0, 0xf, 0x0, 0x0, 0x0, 0xf, 0x0,
    0x0, 0x0, 0xb, 0xfc, 0x0, 0x0, 0x2, 0xfc,

    /* U+0174 "Ŵ" */
    0x0, 0x0, 0x0, 0x68, 0x0, 0x0, 0x0, 0x0,
    0x0, 0x7, 0xfc, 0x0, 0x0, 0x0, 0x0, 0x0,
    0x3c, 0x7c, 0x0, 0x0, 0x0, 0x0, 0x3, 0xc0,
    0x78, 0x0, 0x0, 0x0, 0x0, 0x0, 0x0, 0x0,
    0x0, 0x0, 0x0, 0x0, 0x0, 0x0, 0x0, 0x0,
    0x3, 0xf0, 0x0, 0xf, 0xe0, 0x0, 0xf, 0x8b,
    0xc0, 0x0, 0x3f, 0xc0, 0x0, 0x7d, 0x1f, 0x40,
    0x1, 0xff, 0x0, 0x2, 0xf0, 0x3e, 0x0, 0xb,
    0xbc, 0x0, 0xf, 0xc0, 0xfc, 0x0, 0x3d, 0xb4,
    0x0, 0x3e, 0x2, 0xf0, 0x0, 0xf1, 0xe0, 0x1,
    0xf4, 0x7, 0xd0, 0x7, 0xc7, 0xc0, 0xb, 0xc0,
    0xf, 0x80, 0x2e, 0xf, 0x0, 0x3f, 0x0, 0x3f,
    0x0, 0xf4, 0x3d, 0x0, 0xf8, 0x0, 0xfc, 0x3,
    0xd0, 0xb8, 0x7, 0xd0, 0x2, 0xf4, 0xf, 0x1,
    0xf0, 0x2f, 0x0, 0x7, 0xe0, 0x7c, 0x3, 0xc0,
    0xfc, 0x0, 0xf, 0x82, 0xe0, 0xf, 0x43, 0xe0,
    0x0, 0x3f, 0xf, 0x40, 0x2e, 0x1f, 0x40, 0x0,
    0xbc, 0x3c, 0x0, 0x7c, 0xbc, 0x0, 0x1, 0xf5,
    0xf0, 0x0, 0xf3, 0xf0, 0x0, 0x3, 0xeb, 0x80,
    0x3, 0xdf, 0x80, 0x0, 0xf, 0xfd, 0x0, 0xb,
    0xfd, 0x0, 0x0, 0x2f, 0xf0, 0x0, 0x1f, 0xf0,
    0x0, 0x0, 0x7f, 0xc0, 0x0, 0x3f, 0xc0, 0x0,
    0x0, 0xfe, 0x0, 0x0, 0xff, 0x0, 0x0,

    /* U+0175 "ŵ" */
    0x0, 0x0, 0x3f, 0x0, 0x0, 0x0, 0x0, 0x1f,
    0xd0, 0x0, 0x0, 0x0, 0xf, 0x7c, 0x0, 0x0,
    0x0, 0xb, 0x47, 0x80, 0x0, 0x0, 0x7, 0x80,
    0xf0, 0x0, 0x0, 0x1, 0x40, 0x9, 0x0, 0x0,
    0x0, 0x0, 0x0, 0x0, 0x2, 0xf0, 0x0, 0xfc,
    0x0, 0x3e, 0x7c, 0x0, 0x7f, 0x40, 0xf, 0x4f,
    0x40, 0x2f, 0xe0, 0x7, 0xc3, 0xe0, 0xf, 0xbc,
    0x2, 0xf0, 0xbc, 0x3, 0xcf, 0x0, 0xf8, 0x1f,
    0x1, 0xf3, 0xd0, 0x3d, 0x3, 0xd0, 0xb8, 0xb8,
    0x1f, 0x0, 0xf8, 0x3d, 0x1f, 0xb, 0xc0, 0x2f,
    0xf, 0x3, 0xc3, 0xe0, 0x7, 0xc7, 0xc0, 0xf4,
    0xf4, 0x0, 0xf6, 0xe0, 0x2e, 0x7c, 0x0, 0x3e,
    0xf4, 0x7, 0xef, 0x0, 0xb, 0xfc, 0x0, 0xff,
    0x80, 0x1, 0xff, 0x0, 0x3f, 0xd0, 0x0, 0x3f,
    0x80, 0xb, 0xf0, 0x0, 0xf, 0xd0, 0x1, 0xfc,
    0x0,

    /* U+0176 "Ŷ" */
    0x0, 0x0, 0x64, 0x0, 0x0, 0x0, 0xb, 0xf8,
    0x0, 0x0, 0x0, 0x78, 0xb4, 0x0, 0x0, 0x3,
    0x80, 0xb4, 0x0, 0x0, 0x0, 0x0, 0x0, 0x0,
    0x0, 0x0, 0x0, 0x0, 0x2, 0xf0, 0x0, 0x0,
    0x3f, 0x3, 0xf0, 0x0, 0x3, 0xf0, 0x7, 0xe0,
    0x0, 0x1f, 0x80, 0xf, 0xc0, 0x0, 0xfc, 0x0,
    0xf, 0xc0, 0xb, 0xc0, 0x0, 0x1f, 0x80, 0x7e,
    0x0, 0x0, 0x3f, 0x3, 0xf0, 0x0, 0x0, 0x3f,
    0x2f, 0x0, 0x0, 0x0, 0x7e, 0xf8, 0x0, 0x0,
    0x0, 0xff, 0xc0, 0x0, 0x0, 0x0, 0xfd, 0x0,
    0x0, 0x0, 0x3, 0xf0, 0x0, 0x0, 0x0, 0xf,
    0xc0, 0x0, 0x0, 0x0, 0x3f, 0x0, 0x0, 0x0,
    0x0, 0xfc, 0x0, 0x0, 0x0, 0x3, 0xf0, 0x0,
    0x0, 0x0, 0xf, 0xc0, 0x0, 0x0, 0x0, 0x3f,
    0x0, 0x0, 0x0, 0x0, 0xfc, 0x0, 0x0, 0x0,
    0x3, 0xf0, 0x0, 0x0, 0x0, 0xf, 0xc0, 0x0,
    0x0,

    /* U+0177 "ŷ" */
    0x0, 0x3, 0xe0, 0x0, 0x0, 0xb, 0xf0, 0x0,
    0x0, 0x1f, 0x7c, 0x0, 0x0, 0x3c, 0x2d, 0x0,
    0x0, 0x78, 0xf, 0x0, 0x0, 0x50, 0x2, 0x0,
    0x0, 0x0, 0x0, 0x0, 0x3e, 0x0, 0x0, 0x3e,
    0x2f, 0x0, 0x0, 0xbc, 0xf, 0x40, 0x0, 0xfc,
    0xf, 0xc0, 0x1, 0xf4, 0x7, 0xc0, 0x2, 0xf0,
    0x3, 0xe0, 0x3, 0xe0, 0x2, 0xf0, 0x7, 0xc0,
    0x0, 0xf4, 0xf, 0xc0, 0x0, 0xfc, 0xf, 0x40,
    0x0, 0x7c, 0x2f, 0x0, 0x0, 0x3e, 0x3e, 0x0,
    0x0, 0x2f, 0x7d, 0x0, 0x0, 0xf, 0xfc, 0x0,
    0x0, 0xf, 0xf8, 0x0, 0x0, 0x7, 0xf0, 0x0,
    0x0, 0x3, 0xf0, 0x0, 0x0, 0x7, 0xd0, 0x0,
    0x0, 0xb, 0xc0, 0x0, 0x0, 0xf, 0x80, 0x0,
    0x0, 0x7f, 0x0, 0x0, 0xf, 0xfd, 0x0, 0x0,
    0xf, 0xf4, 0x0, 0x0,

    /* U+0178 "Ÿ" */
    0x0, 0x1f, 0x43, 0xe0, 0x0, 0x0, 0x7d, 0xf,
    0x80, 0x0, 0x1, 0xf0, 0x3e, 0x0, 0x0, 0x0,
    0x0, 0x0, 0x0, 0x0, 0x0, 0x0, 0x0, 0x0,
    0xbc, 0x0, 0x0, 0xf, 0xc0, 0xfc, 0x0, 0x0,
    0xfc, 0x1, 0xf8, 0x0, 0x7, 0xe0, 0x3, 0xf0,
    0x0, 0x3f, 0x0, 0x3, 0xf0, 0x2, 0xf0, 0x0,
    0x7, 0xe0, 0x1f, 0x80, 0x0, 0xf, 0xc0, 0xfc,
    0x0, 0x0, 0xf, 0xcb, 0xc0, 0x0, 0x0, 0x1f,
    0xbe, 0x0, 0x0, 0x0, 0x3f, 0xf0, 0x0, 0x0,
    0x0, 0x3f, 0x40, 0x0, 0x0, 0x0, 0xfc, 0x0,
    0x0, 0x0, 0x3, 0xf0, 0x0, 0x0, 0x0, 0xf,
    0xc0, 0x0, 0x0, 0x0, 0x3f, 0x0, 0x0, 0x0,
    0x0, 0xfc, 0x0, 0x0, 0x0, 0x3, 0xf0, 0x0,
    0x0, 0x0, 0xf, 0xc0, 0x0, 0x0, 0x0, 0x3f,
    0x0, 0x0, 0x0, 0x0, 0xfc, 0x0, 0x0, 0x0,
    0x3, 0xf0, 0x0, 0x0,

    /* U+0179 "Ź" */
    0x0, 0x0, 0x24, 0x0, 0x0, 0x0, 0x3d, 0x0,
    0x0, 0x0, 0x2e, 0x0, 0x0, 0x0, 0x2e, 0x0,
    0x0, 0x0, 0x0, 0x0, 0x0, 0x0, 0x0, 0x0,
    0x0, 0x7, 0xff, 0xff, 0xff, 0xf9, 0xff, 0xff,
    0xff, 0xfe, 0x15, 0x55, 0x55, 0x7f, 0x40, 0x0,
    0x0, 0x2f, 0x80, 0x0, 0x0, 0x2f, 0x80, 0x0,
    0x0, 0x1f, 0xc0, 0x0, 0x0, 0xf, 0xc0, 0x0,
    0x0, 0xf, 0xd0, 0x0, 0x0, 0xb, 0xe0, 0x0,
    0x0, 0x7, 0xf0, 0x0, 0x0, 0x3, 0xf0, 0x0,
    0x0, 0x3, 0xf4, 0x0, 0x0, 0x3, 0xf4, 0x0,
    0x0, 0x2, 0xf8, 0x0, 0x0, 0x1, 0xfc, 0x0,
    0x0, 0x0, 0xfc, 0x0, 0x0, 0x0, 0xfd, 0x0,
    0x0, 0x0, 0xbe, 0x0, 0x0, 0x0, 0x7f, 0x55,
    0x55, 0x55, 0x6f, 0xff, 0xff, 0xff, 0xfb, 0xff,
    0xff, 0xff, 0xfc,

    /* U+017A "ź" */
    0x0, 0x0, 0xbc, 0x0, 0x0, 0x7d, 0x0, 0x0,
    0x3e, 0x0, 0x0, 0x2e, 0x0, 0x0, 0x1f, 0x0,
    0x0, 0x6, 0x0, 0x0, 0x0, 0x0, 0x1, 0xff,
    0xff, 0xfe, 0x7f, 0xff, 0xff, 0x80, 0x0, 0xb,
    0xd0, 0x0, 0xb, 0xe0, 0x0, 0x7, 0xe0, 0x0,
    0x3, 0xf0, 0x0, 0x3, 0xf0, 0x0, 0x3, 0xf4,
    0x0, 0x2, 0xf4, 0x0, 0x1, 0xf8, 0x0, 0x0,
    0xfc, 0x0, 0x0, 0xfc, 0x0, 0x0, 0xfc, 0x0,
    0x0, 0xbd, 0x0, 0x0, 0x3f, 0xff, 0xff, 0xef,
    0xff, 0xff, 0xf8,

    /* U+017B "Ż" */
    0x0, 0x3, 0xf0, 0x0, 0x0, 0x0, 0xfc, 0x0,
    0x0, 0x0, 0x2f, 0x0, 0x0, 0x0, 0x0, 0x0,
    0x0, 0x0, 0x0, 0x0, 0x0, 0x1f, 0xff, 0xff,
    0xff, 0xe7, 0xff, 0xff, 0xff, 0xf8, 0x55, 0x55,
    0x55, 0xfd, 0x0, 0x0, 0x0, 0xbe, 0x0, 0x0,
    0x0, 0xbe, 0x0, 0x0, 0x0, 0x7f, 0x0, 0x0,
    0x0, 0x3f, 0x0, 0x0, 0x0, 0x3f, 0x40, 0x0,
    0x0, 0x2f, 0x80, 0x0, 0x0, 0x1f, 0xc0, 0x0,
    0x0, 0xf, 0xc0, 0x0, 0x0, 0xf, 0xd0, 0x0,
    0x0, 0xf, 0xd0, 0x0, 0x0, 0xb, 0xe0, 0x0,
    0x0, 0x7, 0xf0, 0x0, 0x0, 0x3, 0xf0, 0x0,
    0x0, 0x3, 0xf4, 0x0, 0x0, 0x2, 0xf8, 0x0,
    0x0, 0x1, 0xfd, 0x55, 0x55, 0x55, 0xbf, 0xff,
    0xff, 0xff, 0xef, 0xff, 0xff, 0xff, 0xf0,

    /* U+017C "ż" */
    0x0, 0x3e, 0x0, 0x0, 0xf, 0x80, 0x0, 0x3,
    0xe0, 0x0, 0x0, 0x10, 0x0, 0x0, 0x0, 0x0,
    0x0, 0x0, 0x0, 0x7, 0xff, 0xff, 0xf9, 0xff,
    0xff, 0xfe, 0x0, 0x0, 0x2f, 0x40, 0x0, 0x2f,
    0x80, 0x0, 0x1f, 0x80, 0x0, 0xf, 0xc0, 0x0,
    0xf, 0xc0, 0x0, 0xf, 0xd0, 0x0, 0xb, 0xd0,
    0x0, 0x7, 0xe0, 0x0, 0x3, 0xf0, 0x0, 0x3,
    0xf0, 0x0, 0x3, 0xf0, 0x0, 0x2, 0xf4, 0x0,
    0x0, 0xff, 0xff, 0xff, 0xbf, 0xff, 0xff, 0xe0,

    /* U+017D "Ž" */
    0x0, 0x24, 0x2, 0x40, 0x0, 0xb, 0x43, 0xc0,
    0x0, 0x0, 0xf7, 0xc0, 0x0, 0x0, 0xf, 0xd0,
    0x0, 0x0, 0x0, 0x0, 0x0, 0x0, 0x0, 0x0,
    0x0, 0x7, 0xff, 0xff, 0xff, 0xf9, 0xff, 0xff,
    0xff, 0xfe, 0x15, 0x55, 0x55, 0x7f, 0x40, 0x0,
    0x0, 0x2f, 0x80, 0x0, 0x0, 0x2f, 0x80, 0x0,
    0x0, 0x1f, 0xc0, 0x0, 0x0, 0xf, 0xc0, 0x0,
    0x0, 0xf, 0xd0, 0x0, 0x0, 0xb, 0xe0, 0x0,
    0x0, 0x7, 0xf0, 0x0, 0x0, 0x3, 0xf0, 0x0,
    0x0, 0x3, 0xf4, 0x0, 0x0, 0x3, 0xf4, 0x0,
    0x0, 0x2, 0xf8, 0x0, 0x0, 0x1, 0xfc, 0x0,
    0x0, 0x0, 0xfc, 0x0, 0x0, 0x0, 0xfd, 0x0,
    0x0, 0x0, 0xbe, 0x0, 0x0, 0x0, 0x7f, 0x55,
    0x55, 0x55, 0x6f, 0xff, 0xff, 0xff, 0xfb, 0xff,
    0xff, 0xff, 0xfc,

    /* U+017E "ž" */
    0xb, 0x40, 0xb4, 0x0, 0xf0, 0x3c, 0x0, 0x1e,
    0x3c, 0x0, 0x3, 0xfe, 0x0, 0x0, 0x7f, 0x0,
    0x0, 0x6, 0x40, 0x0, 0x0, 0x0, 0x1, 0xff,
    0xff, 0xfe, 0x7f, 0xff, 0xff, 0x80, 0x0, 0xb,
    0xd0, 0x0, 0xb, 0xe0, 0x0, 0x7, 0xe0, 0x0,
    0x3, 0xf0, 0x0, 0x3, 0xf0, 0x0, 0x3, 0xf4,
    0x0, 0x2, 0xf4, 0x0, 0x1, 0xf8, 0x0, 0x0,
    0xfc, 0x0, 0x0, 0xfc, 0x0, 0x0, 0xfc, 0x0,
    0x0, 0xbd, 0x0, 0x0, 0x3f, 0xff, 0xff, 0xef,
    0xff, 0xff, 0xf8,

    /* U+017F "ſ" */
    0x0, 0x2f, 0xf4, 0x3, 0xff, 0xd0, 0x2f, 0x40,
    0x0, 0xfc, 0x0, 0x3, 0xe0, 0x0, 0xf, 0x80,
    0x7, 0xfe, 0x0, 0x1f, 0xf8, 0x0, 0x3, 0xe0,
    0x0, 0xf, 0x80, 0x0, 0x3e, 0x0, 0x0, 0xf8,
    0x0, 0x3, 0xe0, 0x0, 0xf, 0x80, 0x0, 0x3e,
    0x0, 0x0, 0xf8, 0x0, 0x3, 0xe0, 0x0, 0xf,
    0x80, 0x0, 0x3e, 0x0, 0x0, 0xf8, 0x0, 0x3,
    0xe0, 0x0, 0xf, 0x80, 0x0,

    /* U+0180 "ƀ" */
    0x7, 0xc0, 0x0, 0x0, 0x1, 0xf0, 0x0, 0x0,
    0xb, 0xff, 0xfe, 0x0, 0x1, 0xbf, 0xea, 0x40,
    0x0, 0x7, 0xc0, 0x0, 0x0, 0x1, 0xf0, 0x0,
    0x0, 0x0, 0x7c, 0x1f, 0xf4, 0x0, 0x1f, 0x3f,
    0xff, 0x80, 0x7, 0xfe, 0x47, 0xf8, 0x1, 0xfd,
    0x0, 0x2f, 0x40, 0x7f, 0x0, 0x3, 0xe0, 0x1f,
    0x40, 0x0, 0xbc, 0x7, 0xc0, 0x0, 0x1f, 0x1,
    0xf0, 0x0, 0x7, 0xc0, 0x7c, 0x0, 0x1, 0xf0,
    0x1f, 0x0, 0x0, 0x7c, 0x7, 0xd0, 0x0, 0x2f,
    0x1, 0xfc, 0x0, 0xf, 0x80, 0x7f, 0x40, 0xb,
    0xd0, 0x1f, 0xf9, 0x1f, 0xe0, 0x7, 0xcf, 0xff,
    0xf0, 0x1, 0xf0, 0x7f, 0xd0, 0x0,

    /* U+0181 "Ɓ" */
    0x2, 0xff, 0xff, 0xfe, 0x40, 0x7, 0xff, 0xff,
    0xff, 0xfc, 0x3, 0xf9, 0xfd, 0x55, 0x7f, 0xc1,
    0xf0, 0x3f, 0x0, 0x2, 0xf4, 0x7c, 0xf, 0xc0,
    0x0, 0x3e, 0x1e, 0x3, 0xf0, 0x0, 0xf, 0x80,
    0x0, 0xfc, 0x0, 0x3, 0xe0, 0x0, 0x3f, 0x0,
    0x2, 0xf4, 0x0, 0xf, 0xd5, 0x57, 0xf8, 0x0,
    0x3, 0xff, 0xff, 0xf4, 0x0, 0x0, 0xff, 0xff,
    0xff, 0x40, 0x0, 0x3f, 0x0, 0x7, 0xf4, 0x0,
    0xf, 0xc0, 0x0, 0x3f, 0x0, 0x3, 0xf0, 0x0,
    0x7, 0xd0, 0x0, 0xfc, 0x0, 0x1, 0xf8, 0x0,
    0x3f, 0x0, 0x0, 0x7e, 0x0, 0xf, 0xc0, 0x0,
    0x2f, 0x40, 0x3, 0xf0, 0x0, 0xf, 0xc0, 0x0,
    0xfd, 0x55, 0x6f, 0xe0, 0x0, 0x3f, 0xff, 0xff,
    0xe0, 0x0, 0xf, 0xff, 0xff, 0x80, 0x0,

    /* U+0182 "Ƃ" */
    0x7f, 0xff, 0xff, 0xf0, 0x7f, 0xff, 0xff, 0xf0,
    0x7e, 0x55, 0x55, 0x40, 0x7e, 0x0, 0x0, 0x0,
    0x7e, 0x0, 0x0, 0x0, 0x7e, 0x0, 0x0, 0x0,
    0x7e, 0x0, 0x0, 0x0, 0x7e, 0x0, 0x0, 0x0,
    0x7e, 0x55, 0x40, 0x0, 0x7f, 0xff, 0xff, 0x40,
    0x7f, 0xff, 0xff, 0xe0, 0x7e, 0x0, 0xb, 0xf4,
    0x7e, 0x0, 0x1, 0xfc, 0x7e, 0x0, 0x0, 0xfc,
    0x7e, 0x0, 0x0, 0xbc, 0x7e, 0x0, 0x0, 0xbc,
    0x7e, 0x0, 0x0, 0xfc, 0x7e, 0x0, 0x2, 0xfc,
    0x7e, 0x55, 0x5f, 0xf4, 0x7f, 0xff, 0xff, 0xd0,
    0x7f, 0xff, 0xfd, 0x0,

    /* U+0183 "ƃ" */
    0x7f, 0xff, 0xff, 0x1, 0xff, 0xff, 0xfc, 0x7,
    0xd5, 0x55, 0x50, 0x1f, 0x0, 0x0, 0x0, 0x7c,
    0x0, 0x0, 0x1, 0xf0, 0x0, 0x0, 0x7, 0xc1,
    0xff, 0x40, 0x1f, 0x3f, 0xff, 0x80, 0x7f, 0xe4,
    0x7f, 0x81, 0xfd, 0x0, 0x2f, 0x47, 0xf0, 0x0,
    0x3e, 0x1f, 0x40, 0x0, 0xbc, 0x7c, 0x0, 0x1,
    0xf1, 0xf0, 0x0, 0x7, 0xc7, 0xc0, 0x0, 0x1f,
    0x1f, 0x0, 0x0, 0x7c, 0x7d, 0x0, 0x2, 0xf1,
    0xfc, 0x0, 0xf, 0x87, 0xf4, 0x0, 0xbd, 0x1f,
    0xf9, 0x1f, 0xe0, 0x7c, 0xff, 0xff, 0x1, 0xf0,
    0x7f, 0xd0, 0x0,

    /* U+0184 "Ƅ" */
    0x0, 0xe0, 0x0, 0x0, 0x0, 0x3e, 0x0, 0x0,
    0x0, 0xb, 0xe0, 0x0, 0x0, 0x1, 0xfe, 0x0,
    0x0, 0x0, 0x3f, 0xe0, 0x0, 0x0, 0x6, 0xbe,
    0x0, 0x0, 0x0, 0x7, 0xe0, 0x0, 0x0, 0x0,
    0x7e, 0x0, 0x0, 0x0, 0x7, 0xe5, 0x54, 0x0,
    0x0, 0x7f, 0xff, 0xff, 0x40, 0x7, 0xff, 0xff,
    0xfe, 0x0, 0x7e, 0x0, 0x7, 0xf4, 0x7, 0xe0,
    0x0, 0x1f, 0xc0, 0x7e, 0x0, 0x0, 0xfc, 0x7,
    0xe0, 0x0, 0xb, 0xc0, 0x7e, 0x0, 0x0, 0xbc,
    0x7, 0xe0, 0x0, 0xf, 0xc0, 0x7e, 0x0, 0x2,
    0xfc, 0x7, 0xe5, 0x55, 0xff, 0x0, 0x7f, 0xff,
    0xff, 0xd0, 0x7, 0xff, 0xff, 0x90, 0x0,

    /* U+0185 "ƅ" */
    0x1, 0xc0, 0x0, 0x0, 0x0, 0xf0, 0x0, 0x0,
    0x0, 0xbc, 0x0, 0x0, 0x0, 0x3f, 0x0, 0x0,
    0x0, 0x2f, 0xc0, 0x0, 0x0, 0x1f, 0xf0, 0x0,
    0x0, 0xb, 0xfc, 0x1f, 0xf4, 0x0, 0x1f, 0x3f,
    0xff, 0x80, 0x7, 0xfe, 0x47, 0xf8, 0x1, 0xfd,
    0x0, 0x2f, 0x40, 0x7f, 0x0, 0x3, 0xe0, 0x1f,
    0x40, 0x0, 0xbc, 0x7, 0xc0, 0x0, 0x1f, 0x1,
    0xf0, 0x0, 0x7, 0xc0, 0x7c, 0x0, 0x1, 0xf0,
    0x1f, 0x0, 0x0, 0x7c, 0x7, 0xd0, 0x0, 0x2f,
    0x1, 0xfc, 0x0, 0xf, 0x80, 0x7f, 0x40, 0xb,
    0xd0, 0x1f, 0xf9, 0x1f, 0xe0, 0x7, 0xcf, 0xff,
    0xf0, 0x1, 0xf0, 0x7f, 0xd0, 0x0,

    /* U+0186 "Ɔ" */
    0x1, 0xbf, 0xf4, 0x0, 0x2, 0xff, 0xff, 0xf8,
    0x0, 0x7f, 0x95, 0x6f, 0xf0, 0x7, 0x40, 0x0,
    0x2f, 0xc0, 0x40, 0x0, 0x0, 0xbe, 0x0, 0x0,
    0x0, 0x3, 0xf0, 0x0, 0x0, 0x0, 0x2f, 0x40,
    0x0, 0x0, 0x0, 0xf8, 0x0, 0x0, 0x0, 0xf,
    0xc0, 0x0, 0x0, 0x0, 0xfc, 0x0, 0x0, 0x0,
    0xf, 0xc0, 0x0, 0x0, 0x0, 0xfc, 0x0, 0x0,
    0x0, 0xf, 0xc0, 0x0, 0x0, 0x0, 0xf8, 0x0,
    0x0, 0x0, 0x2f, 0x40, 0x0, 0x0, 0x3, 0xf0,
    0x40, 0x0, 0x0, 0xbe, 0x7, 0x40, 0x0, 0x2f,
    0xc0, 0x7f, 0x95, 0x6f, 0xf0, 0x2, 0xff, 0xff,
    0xf8, 0x0, 0x1, 0xbf, 0xf4, 0x0, 0x0,

    /* U+0187 "Ƈ" */
    0x0, 0x0, 0x0, 0x0, 0x1f, 0xc0, 0x0, 0x0,
    0x0, 0xf, 0xfc, 0x0, 0x0, 0x0, 0x2, 0xfd,
    0x40, 0x0, 0x0, 0x0, 0x3f, 0x0, 0x0, 0x0,
    0x0, 0x7, 0xd0, 0x0, 0x0, 0x0, 0x0, 0xbc,
    0x0, 0x0, 0x6, 0xff, 0xef, 0xc0, 0x0, 0x7,
    0xff, 0xff, 0xfc, 0x0, 0x1, 0xff, 0x95, 0xbf,
    0xc0, 0x0, 0x7f, 0x40, 0x0, 0x2c, 0x0, 0xf,
    0xd0, 0x0, 0x0, 0x40, 0x1, 0xf8, 0x0, 0x0,
    0x0, 0x0, 0x3f, 0x0, 0x0, 0x0, 0x0, 0x3,
    0xf0, 0x0, 0x0, 0x0, 0x0, 0x7e, 0x0, 0x0,
    0x0, 0x0, 0x7, 0xe0, 0x0, 0x0, 0x0, 0x0,
    0x7d, 0x0, 0x0, 0x0, 0x0, 0x7, 0xe0, 0x0,
    0x0, 0x0, 0x0, 0x7e, 0x0, 0x0, 0x0, 0x0,
    0x3, 0xf0, 0x0, 0x0, 0x0, 0x0, 0x3f, 0x0,
    0x0, 0x0, 0x0, 0x1, 0xf8, 0x0, 0x0, 0x0,
    0x0, 0xf, 0xd0, 0x0, 0x0, 0x40, 0x0, 0x7f,
    0x40, 0x0, 0x2c, 0x0, 0x1, 0xff, 0x95, 0xbf,
    0xc0, 0x0, 0x7, 0xff, 0xff, 0xf4, 0x0, 0x0,
    0x6, 0xff, 0xe4, 0x0, 0x0,

    /* U+0188 "ƈ" */
    0x0, 0x0, 0x0, 0xbf, 0x0, 0x0, 0x2, 0xff,
    0x0, 0x0, 0x7, 0xe4, 0x0, 0x0, 0xb, 0xc0,
    0x0, 0x0, 0xb, 0x80, 0x0, 0x0, 0xf, 0x80,
    0x0, 0x2f, 0xff, 0x80, 0x2, 0xff, 0xff, 0x80,
    0xb, 0xf5, 0x17, 0x80, 0x1f, 0xc0, 0x0, 0x0,
    0x3f, 0x0, 0x0, 0x0, 0x3e, 0x0, 0x0, 0x0,
    0x7d, 0x0, 0x0, 0x0, 0x7c, 0x0, 0x0, 0x0,
    0x7c, 0x0, 0x0, 0x0, 0x7d, 0x0, 0x0, 0x0,
    0x3e, 0x0, 0x0, 0x0, 0x3f, 0x0, 0x0, 0x0,
    0x1f, 0x80, 0x0, 0x0, 0xb, 0xf4, 0x17, 0x80,
    0x2, 0xff, 0xff, 0x80, 0x0, 0x2f, 0xf9, 0x0,

    /* U+0189 "Ɖ" */
    0x3, 0xff, 0xff, 0x90, 0x0, 0x0, 0xff, 0xff,
    0xff, 0x80, 0x0, 0x3f, 0x55, 0x6f, 0xfc, 0x0,
    0xf, 0x80, 0x0, 0x3f, 0xc0, 0x3, 0xe0, 0x0,
    0x2, 0xf8, 0x0, 0xf8, 0x0, 0x0, 0x3f, 0x0,
    0x3e, 0x0, 0x0, 0xb, 0xe0, 0xf, 0x80, 0x0,
    0x0, 0xfc, 0x3, 0xe0, 0x0, 0x0, 0x3f, 0x3f,
    0xff, 0xfd, 0x0, 0xf, 0xcf, 0xff, 0xff, 0x40,
    0x3, 0xf0, 0xf, 0x80, 0x0, 0x0, 0xfc, 0x3,
    0xe0, 0x0, 0x0, 0x3f, 0x0, 0xf8, 0x0, 0x0,
    0xf, 0xc0, 0x3e, 0x0, 0x0, 0xb, 0xe0, 0xf,
    0x80, 0x0, 0x3, 0xf0, 0x3, 0xe0, 0x0, 0x2,
    0xf8, 0x0, 0xf8, 0x0, 0x3, 0xfc, 0x0, 0x3f,
    0x55, 0x6f, 0xfc, 0x0, 0xf, 0xff, 0xff, 0xf8,
    0x0, 0x3, 0xff, 0xff, 0x90, 0x0, 0x0,

    /* U+018A "Ɗ" */
    0x6, 0xff, 0xff, 0xfe, 0x40, 0x0, 0x1f, 0xff,
    0xff, 0xff, 0xf8, 0x0, 0x3f, 0x9f, 0xd5, 0x5a,
    0xff, 0x40, 0x7c, 0xf, 0xc0, 0x0, 0x2f, 0xd0,
    0x7c, 0xf, 0xc0, 0x0, 0x7, 0xf0, 0x78, 0xf,
    0xc0, 0x0, 0x2, 0xf4, 0x0, 0xf, 0xc0, 0x0,
    0x1, 0xfc, 0x0, 0xf, 0xc0, 0x0, 0x0, 0xfc,
    0x0, 0xf, 0xc0, 0x0, 0x0, 0xfc, 0x0, 0xf,
    0xc0, 0x0, 0x0, 0xbc, 0x0, 0xf, 0xc0, 0x0,
    0x0, 0xbd, 0x0, 0xf, 0xc0, 0x0, 0x0, 0xbc,
    0x0, 0xf, 0xc0, 0x0, 0x0, 0xfc, 0x0, 0xf,
    0xc0, 0x0, 0x0, 0xfc, 0x0, 0xf, 0xc0, 0x0,
    0x1, 0xf8, 0x0, 0xf, 0xc0, 0x0, 0x2, 0xf4,
    0x0, 0xf, 0xc0, 0x0, 0x7, 0xf0, 0x0, 0xf,
    0xc0, 0x0, 0x2f, 0xd0, 0x0, 0xf, 0xd5, 0x5a,
    0xff, 0x40, 0x0, 0xf, 0xff, 0xff, 0xf8, 0x0,
    0x0, 0xf, 0xff, 0xfe, 0x40, 0x0,

    /* U+018B "Ƌ" */
    0x1, 0xff, 0xff, 0xfc, 0x1, 0xff, 0xff, 0xfc,
    0x0, 0x55, 0x55, 0xbc, 0x0, 0x0, 0x0, 0xbc,
    0x0, 0x0, 0x0, 0xbc, 0x0, 0x0, 0x0, 0xbc,
    0x0, 0x0, 0x0, 0xbc, 0x0, 0x0, 0x0, 0xbc,
    0x0, 0x1, 0x55, 0xbc, 0x1, 0xff, 0xff, 0xfc,
    0xb, 0xff, 0xff, 0xfc, 0x1f, 0xd0, 0x0, 0xbc,
    0x3f, 0x40, 0x0, 0xbc, 0x3f, 0x0, 0x0, 0xbc,
    0x3e, 0x0, 0x0, 0xbc, 0x3e, 0x0, 0x0, 0xbc,
    0x3f, 0x0, 0x0, 0xbc, 0x3f, 0x80, 0x0, 0xbc,
    0xf, 0xf5, 0x55, 0xbc, 0x7, 0xff, 0xff, 0xfc,
    0x0, 0x7f, 0xff, 0xfc,

    /* U+018C "ƌ" */
    0x7, 0xff, 0xff, 0xf0, 0x1f, 0xff, 0xff, 0xc0,
    0x15, 0x55, 0x6f, 0x0, 0x0, 0x0, 0x7c, 0x0,
    0x0, 0x1, 0xf0, 0x0, 0x0, 0x7, 0xc0, 0xb,
    0xfd, 0x1f, 0x0, 0xff, 0xfe, 0x7c, 0xf, 0xe4,
    0x6f, 0xf0, 0x7d, 0x0, 0x2f, 0xc3, 0xf0, 0x0,
    0x3f, 0xf, 0x40, 0x0, 0xbc, 0x7d, 0x0, 0x1,
    0xf1, 0xf0, 0x0, 0x7, 0xc7, 0xc0, 0x0, 0x1f,
    0x1f, 0x40, 0x0, 0x7c, 0x3d, 0x0, 0x2, 0xf0,
    0xfc, 0x0, 0xf, 0xc2, 0xf4, 0x0, 0xbf, 0x3,
    0xf9, 0x1b, 0xfc, 0x3, 0xff, 0xf9, 0xf0, 0x2,
    0xff, 0x47, 0xc0,

    /* U+018D "ƍ" */
    0x0, 0x6f, 0xe4, 0x0, 0xb, 0xff, 0xfc, 0x0,
    0xbf, 0x46, 0xfc, 0x7, 0xe0, 0x2, 0xf8, 0x3f,
    0x0, 0x3, 0xf0, 0xf8, 0x0, 0x7, 0xd7, 0xd0,
    0x0, 0xf, 0x5f, 0x40, 0x0, 0x3e, 0x7c, 0x0,
    0x0, 0xf9, 0xf4, 0x0, 0x3, 0xe3, 0xe0, 0x0,
    0x1f, 0x4f, 0xc0, 0x0, 0xbc, 0x2f, 0x80, 0x3,
    0xd0, 0x3f, 0x80, 0x2f, 0x0, 0x3f, 0xff, 0xe0,
    0x0, 0x1f, 0xff, 0x80, 0x0, 0x1, 0xbf, 0x80,
    0x0, 0x0, 0x3f, 0x0, 0x0, 0x0, 0xbc, 0x2,
    0x90, 0xb, 0xf0, 0xb, 0xff, 0xff, 0x0, 0x7,
    0xff, 0xe0, 0x0,

    /* U+018E "Ǝ" */
    0x3f, 0xff, 0xff, 0xf3, 0xff, 0xff, 0xff, 0x15,
    0x55, 0x57, 0xf0, 0x0, 0x0, 0x3f, 0x0, 0x0,
    0x3, 0xf0, 0x0, 0x0, 0x3f, 0x0, 0x0, 0x3,
    0xf0, 0x0, 0x0, 0x3f, 0x5, 0x55, 0x57, 0xf2,
    0xff, 0xff, 0xff, 0x2f, 0xff, 0xff, 0xf0, 0x0,
    0x0, 0x3f, 0x0, 0x0, 0x3, 0xf0, 0x0, 0x0,
    0x3f, 0x0, 0x0, 0x3, 0xf0, 0x0, 0x0, 0x3f,
    0x0, 0x0, 0x3, 0xf0, 0x0, 0x0, 0x3f, 0x15,
    0x55, 0x57, 0xf3, 0xff, 0xff, 0xff, 0x3f, 0xff,
    0xff, 0xf0,

    /* U+018F "Ə" */
    0x0, 0x1b, 0xff, 0x90, 0x0, 0x2, 0xff, 0xff,
    0xfd, 0x0, 0xf, 0xf9, 0x56, 0xff, 0x40, 0xf,
    0x40, 0x0, 0x1f, 0xd0, 0x4, 0x0, 0x0, 0x3,
    0xf0, 0x0, 0x0, 0x0, 0x1, 0xf8, 0x0, 0x0,
    0x0, 0x0, 0xfc, 0x0, 0x0, 0x0, 0x0, 0xbc,
    0x0, 0x0, 0x0, 0x0, 0xbd, 0x15, 0x55, 0x55,
    0x55, 0xbd, 0x7f, 0xff, 0xff, 0xff, 0xfd, 0x7f,
    0xff, 0xff, 0xff, 0xfd, 0x3e, 0x0, 0x0, 0x0,
    0xbd, 0x3f, 0x0, 0x0, 0x0, 0xfc, 0x2f, 0x0,
    0x0, 0x0, 0xfc, 0x1f, 0x80, 0x0, 0x2, 0xf8,
    0xf, 0xd0, 0x0, 0x7, 0xf0, 0x3, 0xf4, 0x0,
    0x1f, 0xd0, 0x1, 0xff, 0x55, 0xff, 0x40, 0x0,
    0x7f, 0xff, 0xfd, 0x0, 0x0, 0x6, 0xff, 0x90,
    0x0,

    /* U+0190 "Ɛ" */
    0x0, 0xbf, 0xf9, 0x0, 0x7f, 0xff, 0xfc, 0x1f,
    0xe5, 0x6b, 0xc3, 0xf0, 0x0, 0x0, 0x3e, 0x0,
    0x0, 0x3, 0xe0, 0x0, 0x0, 0x3f, 0x0, 0x0,
    0x2, 0xfd, 0x0, 0x0, 0xb, 0xff, 0xf0, 0x0,
    0x1f, 0xff, 0x0, 0x7, 0xe5, 0x50, 0x2, 0xf0,
    0x0, 0x0, 0x7d, 0x0, 0x0, 0xb, 0xc0, 0x0,
    0x0, 0xbc, 0x0, 0x0, 0xb, 0xc0, 0x0, 0x0,
    0xbd, 0x0, 0x0, 0x3, 0xf4, 0x0, 0x1, 0x1f,
    0xf9, 0x5b, 0xe0, 0x7f, 0xff, 0xfe, 0x0, 0x6f,
    0xfe, 0x40,

    /* U+0191 "Ƒ" */
    0x0, 0x7f, 0xff, 0xff, 0x40, 0x1f, 0xff, 0xff,
    0xd0, 0x7, 0xe5, 0x55, 0x50, 0x1, 0xf8, 0x0,
    0x0, 0x0, 0x7e, 0x0, 0x0, 0x0, 0x1f, 0x80,
    0x0, 0x0, 0x7, 0xe0, 0x0, 0x0, 0x1, 0xf8,
    0x0, 0x0, 0x0, 0x7e, 0x0, 0x0, 0x0, 0x1f,
    0xff, 0xff, 0x80, 0x7, 0xff, 0xff, 0xe0, 0x1,
    0xf9, 0x55, 0x50, 0x0, 0x7e, 0x0, 0x0, 0x0,
    0x1f, 0x80, 0x0, 0x0, 0x7, 0xe0, 0x0, 0x0,
    0x1, 0xf8, 0x0, 0x0, 0x0, 0x7e, 0x0, 0x0,
    0x0, 0x1f, 0x80, 0x0, 0x0, 0x7, 0xe0, 0x0,
    0x0, 0x1, 0xf8, 0x0, 0x0, 0x0, 0x7d, 0x0,
    0x0, 0x0, 0x1f, 0x40, 0x0, 0x0, 0xb, 0xd0,
    0x0, 0x0, 0x3, 0xf0, 0x0, 0x0, 0x1b, 0xf8,
    0x0, 0x0, 0x1f, 0xfc, 0x0, 0x0, 0x7, 0xf4,
    0x0, 0x0, 0x0,

    /* U+0192 "ƒ" */
    0x0, 0x2, 0xff, 0x40, 0x3, 0xff, 0xd0, 0x2,
    0xf4, 0x0, 0x0, 0xf8, 0x0, 0x0, 0x3e, 0x0,
    0x0, 0xf, 0x80, 0x0, 0x7f, 0xff, 0xe0, 0x1f,
    0xff, 0xf8, 0x0, 0x3e, 0x0, 0x0, 0xf, 0x80,
    0x0, 0x3, 0xe0, 0x0, 0x0, 0xf8, 0x0, 0x0,
    0x3e, 0x0, 0x0, 0xf, 0x80, 0x0, 0x3, 0xe0,
    0x0, 0x0, 0xf8, 0x0, 0x0, 0x3e, 0x0, 0x0,
    0xf, 0x80, 0x0, 0x3, 0xe0, 0x0, 0x0, 0xf8,
    0x0, 0x0, 0x3e, 0x0, 0x0, 0xf, 0x80, 0x0,
    0x3, 0xe0, 0x0, 0x0, 0xf8, 0x0, 0x0, 0x3d,
    0x0, 0x0, 0x2f, 0x0, 0xf, 0xff, 0x80, 0x3,
    0xff, 0x40, 0x0,

    /* U+0193 "Ɠ" */
    0x0, 0x0, 0x0, 0x0, 0xb, 0xf0, 0x0, 0x0,
    0x0, 0x0, 0xff, 0xc0, 0x0, 0x0, 0x0, 0xf,
    0xe5, 0x0, 0x0, 0x0, 0x0, 0x7e, 0x0, 0x0,
    0x0, 0x0, 0x2, 0xf0, 0x0, 0x0, 0x0, 0x0,
    0xf, 0xc0, 0x0, 0x0, 0x6f, 0xfe, 0x7f, 0x0,
    0x0, 0xf, 0xff, 0xff, 0xfc, 0x0, 0x1, 0xff,
    0x95, 0x6f, 0xf0, 0x0, 0x1f, 0xd0, 0x0, 0x7,
    0xc0, 0x0, 0xfd, 0x0, 0x0, 0x1, 0x0, 0x7,
    0xe0, 0x0, 0x0, 0x0, 0x0, 0x3f, 0x0, 0x0,
    0x0, 0x0, 0x0, 0xfc, 0x0, 0x0, 0x0, 0x0,
    0x7, 0xe0, 0x0, 0x0, 0x0, 0x0, 0x1f, 0x80,
    0x0, 0x55, 0x54, 0x0, 0x7d, 0x0, 0x3, 0xff,
    0xf4, 0x1, 0xf8, 0x0, 0xf, 0xff, 0xd0, 0x7,
    0xe0, 0x0, 0x0, 0x1f, 0x40, 0xf, 0xc0, 0x0,
    0x0, 0x7d, 0x0, 0x3f, 0x0, 0x0, 0x1, 0xf4,
    0x0, 0x7e, 0x0, 0x0, 0x7, 0xd0, 0x0, 0xfd,
    0x0, 0x0, 0x1f, 0x40, 0x1, 0xfd, 0x0, 0x0,
    0x7d, 0x0, 0x1, 0xff, 0x95, 0x6f, 0xf4, 0x0,
    0x1, 0xff, 0xff, 0xff, 0x0, 0x0, 0x0, 0x6f,
    0xfe, 0x40, 0x0, 0x0,

    /* U+0194 "Ɣ" */
    0xbd, 0x0, 0x0, 0x0, 0xfc, 0x3f, 0x0, 0x0,
    0x2, 0xf4, 0x2f, 0x40, 0x0, 0x7, 0xf0, 0xf,
    0xc0, 0x0, 0xf, 0xd0, 0xb, 0xe0, 0x0, 0x1f,
    0x80, 0x3, 0xf0, 0x0, 0x3f, 0x0, 0x1, 0xf8,
    0x0, 0x7e, 0x0, 0x0, 0xfc, 0x0, 0xfc, 0x0,
    0x0, 0x7e, 0x2, 0xf8, 0x0, 0x0, 0x3f, 0x43,
    0xf0, 0x0, 0x0, 0x1f, 0xcb, 0xe0, 0x0, 0x0,
    0xf, 0xdf, 0xc0, 0x0, 0x0, 0x7, 0xff, 0x80,
    0x0, 0x0, 0x3, 0xff, 0x0, 0x0, 0x0, 0x0,
    0xfd, 0x0, 0x0, 0x0, 0x0, 0xfd, 0x0, 0x0,
    0x0, 0x2, 0xff, 0x0, 0x0, 0x0, 0x3, 0xff,
    0x40, 0x0, 0x0, 0xb, 0xef, 0x80, 0x0, 0x0,
    0xf, 0xcf, 0xc0, 0x0, 0x0, 0x1f, 0x87, 0xe0,
    0x0, 0x0, 0x2f, 0x3, 0xf0, 0x0, 0x0, 0x3f,
    0x2, 0xf0, 0x0, 0x0, 0x3f, 0x3, 0xf0, 0x0,
    0x0, 0x2f, 0x9b, 0xf0, 0x0, 0x0, 0xf, 0xff,
    0xd0, 0x0, 0x0, 0x2, 0xfe, 0x0, 0x0,

    /* U+0195 "ƕ" */
    0x7c, 0x0, 0x0, 0x0, 0x0, 0x0, 0x7c, 0x0,
    0x0, 0x0, 0x0, 0x0, 0x7c, 0x0, 0x0, 0x0,
    0x0, 0x0, 0x7c, 0x0, 0x0, 0x0, 0x0, 0x0,
    0x7c, 0x0, 0x0, 0x0, 0x0, 0x0, 0x7c, 0x0,
    0x0, 0x0, 0x0, 0x0, 0x7c, 0x1f, 0xf4, 0x0,
    0x14, 0x0, 0x7c, 0xff, 0xff, 0x0, 0x2f, 0x80,
    0x7e, 0xe5, 0x7f, 0x80, 0x1f, 0xe0, 0x7f, 0x40,
    0xf, 0xc0, 0x2, 0xf4, 0x7e, 0x0, 0x7, 0xc0,
    0x0, 0xfc, 0x7d, 0x0, 0x3, 0xd0, 0x0, 0xbc,
    0x7c, 0x0, 0x3, 0xd0, 0x0, 0x7d, 0x7c, 0x0,
    0x3, 0xd0, 0x0, 0x3d, 0x7c, 0x0, 0x3, 0xd0,
    0x0, 0x3d, 0x7c, 0x0, 0x3, 0xd0, 0x0, 0x3d,
    0x7c, 0x0, 0x3, 0xd0, 0x0, 0x7d, 0x7c, 0x0,
    0x3, 0xd0, 0x0, 0xbc, 0x7c, 0x0, 0x3, 0xe0,
    0x1, 0xf8, 0x7c, 0x0, 0x2, 0xf4, 0x1b, 0xf0,
    0x7c, 0x0, 0x0, 0xff, 0xff, 0xc0, 0x7c, 0x0,
    0x0, 0x2f, 0xf9, 0x0,

    /* U+0196 "Ɩ" */
    0x7e, 0x0, 0x7e, 0x0, 0x7e, 0x0, 0x7e, 0x0,
    0x7e, 0x0, 0x7e, 0x0, 0x7e, 0x0, 0x7e, 0x0,
    0x7e, 0x0, 0x7e, 0x0, 0x7e, 0x0, 0x7e, 0x0,
    0x7e, 0x0, 0x3e, 0x0, 0x3e, 0x0, 0x3e, 0x0,
    0x3f, 0x0, 0x2f, 0x40, 0x1f, 0xe5, 0xb, 0xfe,
    0x1, 0xbe,

    /* U+0197 "Ɨ" */
    0x7, 0xe0, 0x1, 0xf8, 0x0, 0x7e, 0x0, 0x1f,
    0x80, 0x7, 0xe0, 0x1, 0xf8, 0x0, 0x7e, 0x0,
    0x1f, 0x80, 0x7, 0xe0, 0x1, 0xf8, 0x5, 0xbe,
    0x53, 0xff, 0xfc, 0xff, 0xff, 0x1, 0xf8, 0x0,
    0x7e, 0x0, 0x1f, 0x80, 0x7, 0xe0, 0x1, 0xf8,
    0x0, 0x7e, 0x0, 0x1f, 0x80, 0x7, 0xe0, 0x0,

    /* U+0198 "Ƙ" */
    0x7e, 0x0, 0x0, 0x7f, 0x81, 0xf8, 0x0, 0x7,
    0xff, 0xc7, 0xe0, 0x0, 0xbf, 0x6f, 0x9f, 0x80,
    0xb, 0xf0, 0x2f, 0x7e, 0x0, 0xbf, 0x0, 0x7d,
    0xf8, 0xb, 0xe0, 0x1, 0xf7, 0xe0, 0xbe, 0x0,
    0x0, 0x1f, 0x8b, 0xe0, 0x0, 0x0, 0x7e, 0xfe,
    0x0, 0x0, 0x1, 0xff, 0xe0, 0x0, 0x0, 0x7,
    0xff, 0x80, 0x0, 0x0, 0x1f, 0xbf, 0x80, 0x0,
    0x0, 0x7e, 0x3f, 0x80, 0x0, 0x1, 0xf8, 0x3f,
    0x80, 0x0, 0x7, 0xe0, 0x3f, 0x80, 0x0, 0x1f,
    0x80, 0x3f, 0x80, 0x0, 0x7e, 0x0, 0x3f, 0x80,
    0x1, 0xf8, 0x0, 0x3f, 0x40, 0x7, 0xe0, 0x0,
    0x3f, 0x40, 0x1f, 0x80, 0x0, 0x3f, 0x40, 0x7e,
    0x0, 0x0, 0x3f, 0x40,

    /* U+0199 "ƙ" */
    0x7, 0xff, 0x0, 0x0, 0x7f, 0xfc, 0x0, 0x3,
    0xf4, 0x0, 0x0, 0x1f, 0x40, 0x0, 0x0, 0x7c,
    0x0, 0x0, 0x1, 0xf0, 0x0, 0x0, 0x7, 0xc0,
    0x0, 0xfd, 0x1f, 0x0, 0xf, 0xc0, 0x7c, 0x0,
    0xfc, 0x1, 0xf0, 0x1f, 0xc0, 0x7, 0xc1, 0xfc,
    0x0, 0x1f, 0x1f, 0xc0, 0x0, 0x7e, 0xf8, 0x0,
    0x1, 0xff, 0xc0, 0x0, 0x7, 0xef, 0x80, 0x0,
    0x1f, 0x2f, 0x80, 0x0, 0x7c, 0x2f, 0x80, 0x1,
    0xf0, 0x2f, 0x80, 0x7, 0xc0, 0x2f, 0x80, 0x1f,
    0x0, 0x2f, 0x80, 0x7c, 0x0, 0x2f, 0x81, 0xf0,
    0x0, 0x2f, 0x80,

    /* U+019A "ƚ" */
    0x7, 0xc0, 0x7, 0xc0, 0x7, 0xc0, 0x7, 0xc0,
    0x7, 0xc0, 0x7, 0xc0, 0x7, 0xc0, 0x7, 0xc0,
    0x7, 0xc0, 0x7, 0xc0, 0xff, 0xfe, 0xff, 0xfe,
    0x7, 0xc0, 0x7, 0xc0, 0x7, 0xc0, 0x7, 0xc0,
    0x7, 0xc0, 0x7, 0xc0, 0x7, 0xc0, 0x7, 0xc0,
    0x7, 0xc0, 0x7, 0xc0,

    /* U+019B "ƛ" */
    0x0, 0x3f, 0x0, 0x40, 0x0, 0x1f, 0x5b, 0xc0,
    0x0, 0xf, 0xfd, 0x0, 0x1, 0xbf, 0xc0, 0x0,
    0xf, 0xe7, 0xd0, 0x0, 0x4, 0x3, 0xf0, 0x0,
    0x0, 0x2, 0xf0, 0x0, 0x0, 0x3, 0xf8, 0x0,
    0x0, 0x3, 0xfc, 0x0, 0x0, 0xb, 0xfc, 0x0,
    0x0, 0xf, 0xfe, 0x0, 0x0, 0x2f, 0x3f, 0x0,
    0x0, 0x3f, 0x1f, 0x40, 0x0, 0x7d, 0xf, 0x80,
    0x0, 0xfc, 0xb, 0xc0, 0x1, 0xf4, 0x7, 0xd0,
    0x2, 0xf0, 0x3, 0xf0, 0x3, 0xe0, 0x2, 0xf0,
    0xb, 0xc0, 0x0, 0xf4, 0xf, 0x80, 0x0, 0xfc,
    0x2f, 0x0, 0x0, 0x7c, 0x3e, 0x0, 0x0, 0x3e,

    /* U+019C "Ɯ" */
    0xbc, 0x0, 0xb, 0xc0, 0x0, 0xbc, 0xbc, 0x0,
    0xb, 0xc0, 0x0, 0xbc, 0xbc, 0x0, 0xb, 0xc0,
    0x0, 0xbc, 0xbc, 0x0, 0xb, 0xc0, 0x0, 0xbc,
    0xbc, 0x0, 0xb, 0xc0, 0x0, 0xbc, 0xbc, 0x0,
    0xb, 0xc0, 0x0, 0xbc, 0xbc, 0x0, 0xb, 0xc0,
    0x0, 0xbc, 0xbc, 0x0, 0xb, 0xc0, 0x0, 0xbc,
    0xbc, 0x0, 0xb, 0xc0, 0x0, 0xbc, 0xbc, 0x0,
    0xb, 0xc0, 0x0, 0xbc, 0xbc, 0x0, 0xb, 0xc0,
    0x0, 0xbc, 0xbc, 0x0, 0xb, 0xc0, 0x0, 0xbc,
    0xbc, 0x0, 0xb, 0xc0, 0x0, 0xbc, 0xbc, 0x0,
    0xb, 0xc0, 0x0, 0xbc, 0xbc, 0x0, 0xb, 0xc0,
    0x0, 0xfc, 0xbc, 0x0, 0xf, 0xc0, 0x0, 0xfc,
    0x7d, 0x0, 0xf, 0xd0, 0x1, 0xfc, 0x3e, 0x0,
    0x3f, 0xf0, 0x3, 0xfc, 0x2f, 0x96, 0xf3, 0xfd,
    0x5f, 0xfc, 0xf, 0xff, 0xd0, 0xff, 0xfc, 0xbc,
    0x2, 0xfe, 0x0, 0x2f, 0xe0, 0xbc,

    /* U+019D "Ɲ" */
    0x0, 0x7f, 0x80, 0x0, 0x1f, 0x0, 0x1f, 0xf0,
    0x0, 0x7, 0xc0, 0x7, 0xff, 0x0, 0x1, 0xf0,
    0x1, 0xff, 0xd0, 0x0, 0x7c, 0x0, 0x7e, 0xfc,
    0x0, 0x1f, 0x0, 0x1f, 0x6f, 0x40, 0x7, 0xc0,
    0x7, 0xd3, 0xf0, 0x1, 0xf0, 0x1, 0xf4, 0x7d,
    0x0, 0x7c, 0x0, 0x7d, 0xf, 0xc0, 0x1f, 0x0,
    0x1f, 0x41, 0xf4, 0x7, 0xc0, 0x7, 0xd0, 0x3f,
    0x1, 0xf0, 0x1, 0xf4, 0x7, 0xd0, 0x7c, 0x0,
    0x7d, 0x0, 0xfc, 0x1f, 0x0, 0x1f, 0x40, 0x1f,
    0x47, 0xc0, 0x7, 0xd0, 0x3, 0xf1, 0xf0, 0x1,
    0xf4, 0x0, 0x7d, 0x7c, 0x0, 0x7d, 0x0, 0xf,
    0xef, 0x0, 0x1f, 0x40, 0x1, 0xff, 0xc0, 0x7,
    0xd0, 0x0, 0x3f, 0xf0, 0x1, 0xf4, 0x0, 0x7,
    0xfc, 0x0, 0x7d, 0x0, 0x0, 0xff, 0x0, 0x1f,
    0x40, 0x0, 0x0, 0x0, 0xb, 0xc0, 0x0, 0x0,
    0x0, 0x3, 0xf0, 0x0, 0x0, 0x0, 0x1b, 0xf4,
    0x0, 0x0, 0x0, 0x1f, 0xf8, 0x0, 0x0, 0x0,
    0x7, 0xf4, 0x0, 0x0, 0x0, 0x0,

    /* U+019E "ƞ" */
    0x7c, 0x1f, 0xf4, 0x7, 0xcf, 0xff, 0xf0, 0x7e,
    0xe5, 0x7f, 0x87, 0xf4, 0x0, 0xfc, 0x7e, 0x0,
    0x7, 0xc7, 0xd0, 0x0, 0x3d, 0x7c, 0x0, 0x3,
    0xd7, 0xc0, 0x0, 0x3d, 0x7c, 0x0, 0x3, 0xd7,
    0xc0, 0x0, 0x3d, 0x7c, 0x0, 0x3, 0xd7, 0xc0,
    0x0, 0x3d, 0x7c, 0x0, 0x3, 0xd7, 0xc0, 0x0,
    0x3d, 0x7c, 0x0, 0x3, 0xd7, 0xc0, 0x0, 0x3d,
    0x0, 0x0, 0x3, 0xd0, 0x0, 0x0, 0x3d, 0x0,
    0x0, 0x3, 0xd0, 0x0, 0x0, 0x3d, 0x0, 0x0,
    0x3, 0xd0, 0x0, 0x0, 0x3d,

    /* U+019F "Ɵ" */
    0x0, 0x6, 0xff, 0x90, 0x0, 0x0, 0x7f, 0xff,
    0xfd, 0x0, 0x1, 0xff, 0x55, 0xff, 0x40, 0x7,
    0xf4, 0x0, 0x1f, 0xd0, 0xf, 0xd0, 0x0, 0x3,
    0xf0, 0x1f, 0x80, 0x0, 0x2, 0xf8, 0x3f, 0x0,
    0x0, 0x0, 0xfc, 0x3f, 0x0, 0x0, 0x0, 0xbc,
    0x7f, 0x55, 0x55, 0x55, 0xbd, 0x7f, 0xff, 0xff,
    0xff, 0xfd, 0x7f, 0xff, 0xff, 0xff, 0xfd, 0x7e,
    0x0, 0x0, 0x0, 0xbd, 0x7e, 0x0, 0x0, 0x0,
    0xbd, 0x3f, 0x0, 0x0, 0x0, 0xfc, 0x3f, 0x0,
    0x0, 0x0, 0xfc, 0x1f, 0x80, 0x0, 0x2, 0xf8,
    0xf, 0xd0, 0x0, 0x3, 0xf0, 0x7, 0xf4, 0x0,
    0x1f, 0xd0, 0x1, 0xff, 0x55, 0xff, 0x40, 0x0,
    0x7f, 0xff, 0xfd, 0x0, 0x0, 0x6, 0xff, 0x90,
    0x0,

    /* U+01A0 "Ơ" */
    0x0, 0x0, 0x0, 0x0, 0xb, 0x0, 0x1, 0xbf,
    0xe4, 0x1, 0xd0, 0x7, 0xff, 0xff, 0xe0, 0xb4,
    0xb, 0xf9, 0x57, 0xff, 0xfc, 0x7, 0xf4, 0x0,
    0x1f, 0xfd, 0x3, 0xf0, 0x0, 0x1, 0xfc, 0x2,
    0xf4, 0x0, 0x0, 0x2f, 0x40, 0xfc, 0x0, 0x0,
    0x7, 0xe0, 0x7e, 0x0, 0x0, 0x0, 0xfc, 0x1f,
    0x40, 0x0, 0x0, 0x3f, 0xb, 0xd0, 0x0, 0x0,
    0xb, 0xc2, 0xf4, 0x0, 0x0, 0x2, 0xf4, 0xbd,
    0x0, 0x0, 0x0, 0xbc, 0x1f, 0x40, 0x0, 0x0,
    0x3f, 0x7, 0xe0, 0x0, 0x0, 0xf, 0xc0, 0xfc,
    0x0, 0x0, 0x7, 0xe0, 0x2f, 0x40, 0x0, 0x2,
    0xf4, 0x3, 0xf0, 0x0, 0x1, 0xfc, 0x0, 0x7f,
    0x0, 0x1, 0xfc, 0x0, 0xb, 0xf9, 0x57, 0xfd,
    0x0, 0x0, 0x7f, 0xff, 0xfc, 0x0, 0x0, 0x1,
    0xbf, 0xe4, 0x0, 0x0,

    /* U+01A1 "ơ" */
    0x0, 0x0, 0x0, 0xe, 0x0, 0x0, 0x0, 0xf,
    0x0, 0x6f, 0xfd, 0xf, 0x3, 0xff, 0xff, 0xfe,
    0xf, 0xf4, 0x6f, 0xfc, 0x1f, 0x80, 0x7, 0xe0,
    0x3f, 0x0, 0x2, 0xf0, 0x3e, 0x0, 0x1, 0xf4,
    0x7d, 0x0, 0x0, 0xf8, 0x7d, 0x0, 0x0, 0xf8,
    0x7d, 0x0, 0x0, 0xf8, 0x7d, 0x0, 0x0, 0xf8,
    0x3e, 0x0, 0x1, 0xf4, 0x3f, 0x0, 0x2, 0xf0,
    0x1f, 0x80, 0x7, 0xe0, 0xf, 0xf4, 0x6f, 0xc0,
    0x3, 0xff, 0xff, 0x0, 0x0, 0x6f, 0xf4, 0x0,

    /* U+01A2 "Ƣ" */
    0x0, 0x6, 0xff, 0xff, 0xfe, 0x0, 0x1, 0xff,
    0xff, 0xff, 0xff, 0x0, 0x1f, 0xf5, 0x5a, 0xfd,
    0xbf, 0x1, 0xfd, 0x0, 0x3, 0xf0, 0xbd, 0xf,
    0xd0, 0x0, 0xf, 0xc0, 0xf8, 0x7e, 0x0, 0x0,
    0x3f, 0x3, 0xe3, 0xf0, 0x0, 0x0, 0xfc, 0xf,
    0xcf, 0xc0, 0x0, 0x3, 0xf0, 0x3f, 0x7e, 0x0,
    0x0, 0xf, 0xc0, 0xfd, 0xf8, 0x0, 0x0, 0x3f,
    0x3, 0xf7, 0xd0, 0x0, 0x0, 0xfc, 0xf, 0xdf,
    0x80, 0x0, 0x3, 0xf0, 0x3f, 0x7e, 0x0, 0x0,
    0xf, 0xc0, 0xfc, 0xfc, 0x0, 0x0, 0x3f, 0x3,
    0xf3, 0xf0, 0x0, 0x0, 0xfc, 0xf, 0xc7, 0xe0,
    0x0, 0x3, 0xf0, 0x3f, 0xf, 0xd0, 0x0, 0xf,
    0xc0, 0xfc, 0x1f, 0xd0, 0x0, 0x7f, 0x3, 0xf0,
    0x1f, 0xf5, 0x5b, 0xf4, 0xf, 0xc0, 0x1f, 0xff,
    0xff, 0x40, 0x3f, 0x0, 0x6, 0xff, 0x90, 0x0,
    0xfc,

    /* U+01A3 "ƣ" */
    0x0, 0x6f, 0xff, 0xfd, 0x0, 0x3f, 0xff, 0xff,
    0xf8, 0xf, 0xf4, 0x5f, 0xdb, 0xc1, 0xf8, 0x0,
    0xf8, 0x3d, 0x3f, 0x0, 0xf, 0x83, 0xe3, 0xe0,
    0x0, 0xf8, 0x3e, 0x7d, 0x0, 0xf, 0x83, 0xe7,
    0xc0, 0x0, 0xf8, 0x3e, 0x7c, 0x0, 0xf, 0x83,
    0xe7, 0xd0, 0x0, 0xf8, 0x3e, 0x3e, 0x0, 0xf,
    0x83, 0xe3, 0xf0, 0x0, 0xf8, 0x3e, 0x1f, 0x80,
    0xf, 0x83, 0xe0, 0xfe, 0x46, 0xf8, 0x3e, 0x3,
    0xff, 0xff, 0x3, 0xe0, 0x6, 0xff, 0x40, 0x3e,
    0x0, 0x0, 0x0, 0x3, 0xe0, 0x0, 0x0, 0x0,
    0x3e, 0x0, 0x0, 0x0, 0x3, 0xe0, 0x0, 0x0,
    0x0, 0x3e, 0x0, 0x0, 0x0, 0x3, 0xe0, 0x0,
    0x0, 0x0, 0x3e,

    /* U+01A4 "Ƥ" */
    0x6, 0xff, 0xff, 0xfe, 0x0, 0x1f, 0xff, 0xff,
    0xff, 0xd0, 0x3f, 0x9f, 0xd5, 0x5f, 0xf4, 0x7c,
    0xf, 0xc0, 0x2, 0xfc, 0x7c, 0xf, 0xc0, 0x0,
    0xfc, 0x64, 0xf, 0xc0, 0x0, 0xbc, 0x0, 0xf,
    0xc0, 0x0, 0xbd, 0x0, 0xf, 0xc0, 0x0, 0xfc,
    0x0, 0xf, 0xc0, 0x1, 0xfc, 0x0, 0xf, 0xc0,
    0xb, 0xf8, 0x0, 0xf, 0xff, 0xff, 0xe0, 0x0,
    0xf, 0xff, 0xff, 0x40, 0x0, 0xf, 0xd5, 0x50,
    0x0, 0x0, 0xf, 0xc0, 0x0, 0x0, 0x0, 0xf,
    0xc0, 0x0, 0x0, 0x0, 0xf, 0xc0, 0x0, 0x0,
    0x0, 0xf, 0xc0, 0x0, 0x0, 0x0, 0xf, 0xc0,
    0x0, 0x0, 0x0, 0xf, 0xc0, 0x0, 0x0, 0x0,
    0xf, 0xc0, 0x0, 0x0, 0x0, 0xf, 0xc0, 0x0,
    0x0,

    /* U+01A5 "ƥ" */
    0x7, 0xff, 0x80, 0x0, 0x7f, 0xfe, 0x0, 0x3,
    0xf4, 0x0, 0x0, 0x1f, 0x40, 0x0, 0x0, 0x7c,
    0x0, 0x0, 0x1, 0xf0, 0x0, 0x0, 0x7, 0xc1,
    0xff, 0x40, 0x1f, 0x3f, 0xff, 0x80, 0x7f, 0xe4,
    0x7f, 0x81, 0xfd, 0x0, 0x2f, 0x47, 0xf0, 0x0,
    0x3e, 0x1f, 0x40, 0x0, 0xbc, 0x7c, 0x0, 0x1,
    0xf1, 0xf0, 0x0, 0x7, 0xc7, 0xc0, 0x0, 0x1f,
    0x1f, 0x0, 0x0, 0x7c, 0x7d, 0x0, 0x2, 0xf1,
    0xfc, 0x0, 0xf, 0x87, 0xf4, 0x0, 0xbd, 0x1f,
    0xf9, 0x1f, 0xe0, 0x7c, 0xff, 0xff, 0x1, 0xf0,
    0x7f, 0xd0, 0x7, 0xc0, 0x0, 0x0, 0x1f, 0x0,
    0x0, 0x0, 0x7c, 0x0, 0x0, 0x1, 0xf0, 0x0,
    0x0, 0x7, 0xc0, 0x0, 0x0, 0x1f, 0x0, 0x0,
    0x0,

    /* U+01A6 "Ʀ" */
    0x7e, 0x0, 0x0, 0x0, 0x1f, 0x80, 0x0, 0x0,
    0x7, 0xe0, 0x0, 0x0, 0x1, 0xf8, 0x0, 0x0,
    0x0, 0x7f, 0xff, 0xe4, 0x0, 0x1f, 0xff, 0xff,
    0xc0, 0x7, 0xe5, 0x5b, 0xfc, 0x1, 0xf8, 0x0,
    0x3f, 0x80, 0x7e, 0x0, 0x7, 0xf0, 0x1f, 0x80,
    0x0, 0xfc, 0x7, 0xe0, 0x0, 0x3f, 0x1, 0xf8,
    0x0, 0xf, 0x80, 0x7e, 0x0, 0xb, 0xd0, 0x1f,
    0x80, 0xb, 0xe0, 0x7, 0xff, 0xff, 0xd0, 0x1,
    0xff, 0xff, 0xf4, 0x0, 0x7e, 0x0, 0x7f, 0x40,
    0x1f, 0x80, 0x3, 0xf0, 0x7, 0xe0, 0x0, 0x7e,
    0x1, 0xf8, 0x0, 0xf, 0xc0, 0x7e, 0x0, 0x1,
    0xf8, 0x0, 0x0, 0x0, 0x3f, 0x0, 0x0, 0x0,
    0x7, 0xe0, 0x0, 0x0, 0x0, 0xfc, 0x0, 0x0,
    0x0, 0xa, 0x40,

    /* U+01A7 "Ƨ" */
    0x1, 0xbf, 0xf9, 0x0, 0x3f, 0xff, 0xff, 0x0,
    0xf9, 0x56, 0xff, 0x1, 0x0, 0x0, 0xbd, 0x0,
    0x0, 0x0, 0xfc, 0x0, 0x0, 0x3, 0xf0, 0x0,
    0x0, 0xf, 0xc0, 0x0, 0x0, 0xbe, 0x0, 0x0,
    0x6f, 0xf0, 0x1, 0xbf, 0xff, 0x40, 0x7f, 0xff,
    0xe0, 0x7, 0xff, 0x90, 0x0, 0x3f, 0xc0, 0x0,
    0x0, 0xfc, 0x0, 0x0, 0x7, 0xe0, 0x0, 0x0,
    0x1f, 0x40, 0x0, 0x0, 0x7e, 0x0, 0x0, 0x0,
    0xfd, 0x0, 0x0, 0x71, 0xff, 0x55, 0xbf, 0xc1,
    0xff, 0xff, 0xfe, 0x0, 0x6f, 0xfe, 0x40,

    /* U+01A8 "ƨ" */
    0xb, 0xff, 0x90, 0xf, 0xff, 0xfe, 0x3, 0x94,
    0x1b, 0xe0, 0x0, 0x0, 0xfc, 0x0, 0x0, 0x2f,
    0x0, 0x0, 0xf, 0xc0, 0x0, 0x6f, 0xd0, 0xb,
    0xff, 0xe0, 0x1f, 0xff, 0x40, 0xf, 0xe0, 0x0,
    0xb, 0xd0, 0x0, 0x2, 0xf0, 0x0, 0x0, 0x7d,
    0x0, 0x1, 0xf, 0xe4, 0x1b, 0xc1, 0xff, 0xff,
    0xf0, 0x7, 0xff, 0x90,

    /* U+01A9 "Ʃ" */
    0x7f, 0xff, 0xff, 0xe7, 0xff, 0xff, 0xfe, 0x3f,
    0x55, 0x55, 0x41, 0xfc, 0x0, 0x0, 0x7, 0xf0,
    0x0, 0x0, 0x2f, 0x80, 0x0, 0x0, 0xbe, 0x0,
    0x0, 0x2, 0xf4, 0x0, 0x0, 0xf, 0xd0, 0x0,
    0x0, 0x3f, 0x0, 0x0, 0x3, 0xf0, 0x0, 0x0,
    0xfc, 0x0, 0x0, 0x2f, 0x40, 0x0, 0x7, 0xe0,
    0x0, 0x0, 0xfc, 0x0, 0x0, 0x3f, 0x0, 0x0,
    0xb, 0xd0, 0x0, 0x1, 0xf8, 0x0, 0x0, 0x3f,
    0x55, 0x55, 0x57, 0xff, 0xff, 0xff, 0x7f, 0xff,
    0xff, 0xf0,

    /* U+01AA "ƪ" */
    0x1b, 0xf8, 0x0, 0x7, 0xff, 0xf0, 0x0, 0xbd,
    0x1f, 0x80, 0xb, 0x80, 0xbc, 0x0, 0x7f, 0xff,
    0xfe, 0x2, 0xff, 0xff, 0xe0, 0x0, 0xb, 0xd0,
    0x0, 0x0, 0x7c, 0x0, 0x0, 0x7, 0xc0, 0x0,
    0x0, 0x7c, 0x0, 0x0, 0x7, 0xc0, 0x0, 0x0,
    0x7c, 0x0, 0x0, 0x7, 0xc0, 0x0, 0x0, 0x7c,
    0x0, 0x0, 0x7, 0xc0, 0x0, 0x0, 0x7c, 0x0,
    0x0, 0x7, 0xc0, 0x0, 0x0, 0x7c, 0x0, 0x0,
    0x7, 0xc0, 0x0, 0x0, 0x7c, 0x0, 0x0, 0x7,
    0xc0, 0x0, 0x0, 0x7c, 0x0, 0x0, 0x7, 0xc0,
    0x0, 0x0, 0x7c, 0x0, 0x0, 0x7, 0xd0, 0x0,
    0x0, 0x3f, 0x40, 0x0, 0x1, 0xff, 0xf0, 0x0,
    0x6, 0xff,

    /* U+01AB "ƫ" */
    0x7, 0xc0, 0x0, 0x1f, 0x0, 0x0, 0x7c, 0x0,
    0x1, 0xf0, 0x0, 0x7f, 0xff, 0xf5, 0xff, 0xff,
    0xd0, 0x7c, 0x0, 0x1, 0xf0, 0x0, 0x7, 0xc0,
    0x0, 0x1f, 0x0, 0x0, 0x7c, 0x0, 0x1, 0xf0,
    0x0, 0x7, 0xc0, 0x0, 0x1f, 0x0, 0x0, 0x7c,
    0x0, 0x1, 0xf0, 0x0, 0x7, 0xd0, 0x0, 0xf,
    0xd0, 0x0, 0x2f, 0xff, 0x40, 0x1b, 0xfd, 0x0,
    0x0, 0xf4, 0x0, 0x7, 0xc0, 0x0, 0x1f, 0x0,
    0x1, 0xfc, 0x0, 0x7f, 0xd0, 0x1, 0xf8, 0x0,

    /* U+01AC "Ƭ" */
    0x6, 0xff, 0xff, 0xff, 0xc2, 0xff, 0xff, 0xff,
    0xfc, 0x7f, 0x97, 0xf5, 0x55, 0x4b, 0xc0, 0x3f,
    0x0, 0x0, 0xb8, 0x3, 0xf0, 0x0, 0xb, 0x40,
    0x3f, 0x0, 0x0, 0x0, 0x3, 0xf0, 0x0, 0x0,
    0x0, 0x3f, 0x0, 0x0, 0x0, 0x3, 0xf0, 0x0,
    0x0, 0x0, 0x3f, 0x0, 0x0, 0x0, 0x3, 0xf0,
    0x0, 0x0, 0x0, 0x3f, 0x0, 0x0, 0x0, 0x3,
    0xf0, 0x0, 0x0, 0x0, 0x3f, 0x0, 0x0, 0x0,
    0x3, 0xf0, 0x0, 0x0, 0x0, 0x3f, 0x0, 0x0,
    0x0, 0x3, 0xf0, 0x0, 0x0, 0x0, 0x3f, 0x0,
    0x0, 0x0, 0x3, 0xf0, 0x0, 0x0, 0x0, 0x3f,
    0x0, 0x0, 0x0, 0x3, 0xf0, 0x0, 0x0,

    /* U+01AD "ƭ" */
    0x0, 0x6f, 0xf0, 0x7, 0xff, 0xc0, 0x3f, 0x40,
    0x1, 0xf4, 0x0, 0x7, 0xc0, 0x0, 0x1f, 0x0,
    0x7, 0xff, 0xff, 0x5f, 0xff, 0xfd, 0x7, 0xc0,
    0x0, 0x1f, 0x0, 0x0, 0x7c, 0x0, 0x1, 0xf0,
    0x0, 0x7, 0xc0, 0x0, 0x1f, 0x0, 0x0, 0x7c,
    0x0, 0x1, 0xf0, 0x0, 0x7, 0xc0, 0x0, 0x1f,
    0x0, 0x0, 0x7d, 0x0, 0x0, 0xfd, 0x0, 0x2,
    0xff, 0xf4, 0x1, 0xff, 0xd0,

    /* U+01AE "Ʈ" */
    0x3f, 0xff, 0xff, 0xff, 0xf0, 0xff, 0xff, 0xff,
    0xff, 0xc1, 0x55, 0x5f, 0xd5, 0x55, 0x0, 0x0,
    0x3f, 0x0, 0x0, 0x0, 0x0, 0xfc, 0x0, 0x0,
    0x0, 0x3, 0xf0, 0x0, 0x0, 0x0, 0xf, 0xc0,
    0x0, 0x0, 0x0, 0x3f, 0x0, 0x0, 0x0, 0x0,
    0xfc, 0x0, 0x0, 0x0, 0x3, 0xf0, 0x0, 0x0,
    0x0, 0xf, 0xc0, 0x0, 0x0, 0x0, 0x3f, 0x0,
    0x0, 0x0, 0x0, 0xfc, 0x0, 0x0, 0x0, 0x3,
    0xf0, 0x0, 0x0, 0x0, 0xf, 0xc0, 0x0, 0x0,
    0x0, 0x3f, 0x0, 0x0, 0x0, 0x0, 0xfc, 0x0,
    0x0, 0x0, 0x3, 0xf0, 0x0, 0x0, 0x0, 0xf,
    0xc0, 0x0, 0x0, 0x0, 0x3f, 0x0, 0x0, 0x0,
    0x0, 0xfc, 0x0, 0x0, 0x0, 0x2, 0xf0, 0x0,
    0x0, 0x0, 0xb, 0xc0, 0x0, 0x0, 0x0, 0x1f,
    0x80, 0x0, 0x0, 0x0, 0x3f, 0xd4, 0x0, 0x0,
    0x0, 0x3f, 0xf0, 0x0, 0x0, 0x0, 0x2f, 0xc0,
    0x0,

    /* U+01AF "Ư" */
    0x0, 0x0, 0x0, 0x0, 0xb, 0x2f, 0x0, 0x0,
    0xf, 0xc1, 0xdb, 0xc0, 0x0, 0x3, 0xf0, 0xb2,
    0xf0, 0x0, 0x0, 0xff, 0xfc, 0xbc, 0x0, 0x0,
    0x3f, 0xbd, 0x2f, 0x0, 0x0, 0xf, 0xc0, 0xb,
    0xc0, 0x0, 0x3, 0xf0, 0x2, 0xf0, 0x0, 0x0,
    0xfc, 0x0, 0xbc, 0x0, 0x0, 0x3f, 0x0, 0x2f,
    0x0, 0x0, 0xf, 0xc0, 0xb, 0xc0, 0x0, 0x3,
    0xf0, 0x2, 0xf0, 0x0, 0x0, 0xfc, 0x0, 0xbc,
    0x0, 0x0, 0x3f, 0x0, 0x2f, 0x0, 0x0, 0xf,
    0xc0, 0xb, 0xc0, 0x0, 0x3, 0xf0, 0x2, 0xf4,
    0x0, 0x0, 0xfc, 0x0, 0x7e, 0x0, 0x0, 0x3e,
    0x0, 0xf, 0xc0, 0x0, 0x2f, 0x40, 0x2, 0xf8,
    0x0, 0x1f, 0xc0, 0x0, 0x3f, 0xd5, 0x6f, 0xd0,
    0x0, 0x3, 0xff, 0xff, 0xd0, 0x0, 0x0, 0x1b,
    0xff, 0x40, 0x0, 0x0,

    /* U+01B0 "ư" */
    0x0, 0x0, 0x0, 0x3, 0xc0, 0x0, 0x0, 0x0,
    0xfb, 0xc0, 0x0, 0x7d, 0x3e, 0xf0, 0x0, 0x1f,
    0xfe, 0xbc, 0x0, 0x7, 0xff, 0x2f, 0x0, 0x1,
    0xf0, 0xb, 0xc0, 0x0, 0x7c, 0x2, 0xf0, 0x0,
    0x1f, 0x0, 0xbc, 0x0, 0x7, 0xc0, 0x2f, 0x0,
    0x1, 0xf0, 0xb, 0xc0, 0x0, 0x7c, 0x2, 0xf0,
    0x0, 0x1f, 0x0, 0xbc, 0x0, 0x7, 0xc0, 0x1f,
    0x0, 0x3, 0xf0, 0x3, 0xe0, 0x2, 0xfc, 0x0,
    0xbe, 0x57, 0xef, 0x0, 0xf, 0xff, 0xe7, 0xc0,
    0x0, 0xbf, 0x91, 0xf0, 0x0,

    /* U+01B1 "Ʊ" */
    0xff, 0xff, 0x43, 0xff, 0xfd, 0xff, 0xff, 0x43,
    0xff, 0xfd, 0x55, 0xff, 0x2, 0xfe, 0x54, 0x2,
    0xf8, 0x0, 0x7f, 0x0, 0x7, 0xe0, 0x0, 0x1f,
    0xc0, 0xf, 0xc0, 0x0, 0xb, 0xe0, 0x2f, 0x40,
    0x0, 0x3, 0xf0, 0x3f, 0x0, 0x0, 0x1, 0xf4,
    0x7d, 0x0, 0x0, 0x0, 0xfc, 0xbd, 0x0, 0x0,
    0x0, 0xfc, 0xbc, 0x0, 0x0, 0x0, 0xfc, 0xbc,
    0x0, 0x0, 0x0, 0xfc, 0xbc, 0x0, 0x0, 0x0,
    0xfc, 0x7d, 0x0, 0x0, 0x0, 0xfc, 0x3e, 0x0,
    0x0, 0x1, 0xf8, 0x3f, 0x0, 0x0, 0x3, 0xf4,
    0x1f, 0xc0, 0x0, 0xb, 0xf0, 0xb, 0xf0, 0x0,
    0x2f, 0xc0, 0x3, 0xff, 0x96, 0xff, 0x0, 0x0,
    0xbf, 0xff, 0xfc, 0x0, 0x0, 0x7, 0xff, 0x90,
    0x0,

    /* U+01B2 "Ʋ" */
    0x7e, 0x0, 0x0, 0x0, 0x7, 0xe0, 0x0, 0x0,
    0x0, 0x7e, 0x0, 0x1, 0x40, 0x7, 0xe0, 0x0,
    0x7f, 0x0, 0x7e, 0x0, 0x1, 0xf8, 0x7, 0xe0,
    0x0, 0xb, 0xd0, 0x7e, 0x0, 0x0, 0x3f, 0x7,
    0xe0, 0x0, 0x1, 0xf4, 0x7e, 0x0, 0x0, 0xf,
    0xc7, 0xe0, 0x0, 0x0, 0xfc, 0x7e, 0x0, 0x0,
    0xf, 0xc7, 0xe0, 0x0, 0x0, 0xfc, 0x7e, 0x0,
    0x0, 0xf, 0xc7, 0xe0, 0x0, 0x0, 0xfc, 0x3e,
    0x0, 0x0, 0x1f, 0x83, 0xe0, 0x0, 0x2, 0xf4,
    0x3f, 0x0, 0x0, 0x7f, 0x3, 0xf0, 0x0, 0x2f,
    0xc0, 0x1f, 0xe5, 0x6f, 0xf4, 0x0, 0xbf, 0xff,
    0xfc, 0x0, 0x1, 0xbf, 0xf9, 0x0, 0x0,

    /* U+01B3 "Ƴ" */
    0x2f, 0x0, 0x0, 0x1, 0xfe, 0x0, 0xfc, 0x0,
    0x0, 0xbf, 0xfc, 0x7, 0xe0, 0x0, 0x1f, 0xdb,
    0xd0, 0x3f, 0x0, 0x3, 0xf0, 0x2e, 0x0, 0xfc,
    0x0, 0xbd, 0x2, 0xf0, 0xb, 0xd0, 0xf, 0x80,
    0x1e, 0x0, 0x3f, 0x3, 0xf0, 0x0, 0x0, 0x0,
    0xf8, 0xbd, 0x0, 0x0, 0x0, 0xb, 0xef, 0x80,
    0x0, 0x0, 0x0, 0x3f, 0xf0, 0x0, 0x0, 0x0,
    0x1, 0xfd, 0x0, 0x0, 0x0, 0x0, 0xf, 0xc0,
    0x0, 0x0, 0x0, 0x0, 0xfc, 0x0, 0x0, 0x0,
    0x0, 0xf, 0xc0, 0x0, 0x0, 0x0, 0x0, 0xfc,
    0x0, 0x0, 0x0, 0x0, 0xf, 0xc0, 0x0, 0x0,
    0x0, 0x0, 0xfc, 0x0, 0x0, 0x0, 0x0, 0xf,
    0xc0, 0x0, 0x0, 0x0, 0x0, 0xfc, 0x0, 0x0,
    0x0, 0x0, 0xf, 0xc0, 0x0, 0x0, 0x0, 0x0,
    0xfc, 0x0, 0x0, 0x0,

    /* U+01B4 "ƴ" */
    0x3e, 0x0, 0x0, 0xb, 0xe0, 0xb, 0xc0, 0x0,
    0xf, 0xff, 0x40, 0xf4, 0x0, 0xb, 0xeb, 0xf0,
    0x3f, 0x0, 0x3, 0xe0, 0x7d, 0x7, 0xc0, 0x2,
    0xf0, 0xf, 0x40, 0xf8, 0x0, 0xf8, 0x3, 0xd0,
    0x2f, 0x0, 0x7d, 0x0, 0x0, 0x3, 0xd0, 0x2f,
    0x0, 0x0, 0x0, 0xf8, 0xf, 0x80, 0x0, 0x0,
    0x1f, 0x7, 0xc0, 0x0, 0x0, 0x3, 0xd3, 0xf0,
    0x0, 0x0, 0x0, 0xbd, 0xf4, 0x0, 0x0, 0x0,
    0x1f, 0xfc, 0x0, 0x0, 0x0, 0x3, 0xfe, 0x0,
    0x0, 0x0, 0x0, 0x7f, 0x0, 0x0, 0x0, 0x0,
    0xf, 0xc0, 0x0, 0x0, 0x0, 0x3, 0xd0, 0x0,
    0x0, 0x0, 0x2, 0xf0, 0x0, 0x0, 0x0, 0x0,
    0xf8, 0x0, 0x0, 0x0, 0x1, 0xfc, 0x0, 0x0,
    0x0, 0xf, 0xfd, 0x0, 0x0, 0x0, 0x3, 0xfd,
    0x0, 0x0, 0x0, 0x0,

    /* U+01B5 "Ƶ" */
    0x7f, 0xff, 0xff, 0xff, 0x9f, 0xff, 0xff, 0xff,
    0xe1, 0x55, 0x55, 0x57, 0xf4, 0x0, 0x0, 0x2,
    0xf8, 0x0, 0x0, 0x2, 0xf8, 0x0, 0x0, 0x1,
    0xfc, 0x0, 0x0, 0x0, 0xfc, 0x0, 0x0, 0x0,
    0xfd, 0x0, 0x0, 0x0, 0xbe, 0x0, 0x3, 0xff,
    0xff, 0xff, 0x0, 0xff, 0xff, 0xff, 0xc0, 0x0,
    0x3f, 0x0, 0x0, 0x0, 0x3f, 0x40, 0x0, 0x0,
    0x2f, 0x80, 0x0, 0x0, 0x1f, 0xc0, 0x0, 0x0,
    0xf, 0xc0, 0x0, 0x0, 0xf, 0xd0, 0x0, 0x0,
    0xb, 0xe0, 0x0, 0x0, 0x7, 0xf5, 0x55, 0x55,
    0x56, 0xff, 0xff, 0xff, 0xff, 0xbf, 0xff, 0xff,
    0xff, 0xc0,

    /* U+01B6 "ƶ" */
    0x7f, 0xff, 0xff, 0x9f, 0xff, 0xff, 0xe0, 0x0,
    0x2, 0xf4, 0x0, 0x1, 0xf8, 0x0, 0x0, 0xfc,
    0x0, 0x0, 0xfc, 0x0, 0x0, 0xbd, 0x0, 0xbf,
    0xff, 0xf8, 0x2f, 0xff, 0xfe, 0x0, 0x3f, 0x0,
    0x0, 0x3f, 0x0, 0x0, 0x3f, 0x0, 0x0, 0x2f,
    0x40, 0x0, 0x2f, 0x40, 0x0, 0xf, 0xff, 0xff,
    0xfb, 0xff, 0xff, 0xfe,

    /* U+01B7 "Ʒ" */
    0xff, 0xff, 0xff, 0xf0, 0xff, 0xff, 0xff, 0xf0,
    0x55, 0x55, 0x5b, 0xf0, 0x0, 0x0, 0x1f, 0xc0,
    0x0, 0x0, 0x3f, 0x0, 0x0, 0x0, 0xfc, 0x0,
    0x0, 0x3, 0xf0, 0x0, 0x0, 0xf, 0xc0, 0x0,
    0x0, 0x1f, 0xf9, 0x0, 0x0, 0x2f, 0xff, 0x80,
    0x0, 0x5, 0x6f, 0xf0, 0x0, 0x0, 0x2, 0xf8,
    0x0, 0x0, 0x0, 0xfc, 0x0, 0x0, 0x0, 0x7d,
    0x0, 0x0, 0x0, 0x7d, 0x0, 0x0, 0x0, 0x7d,
    0x0, 0x0, 0x0, 0xfc, 0x50, 0x0, 0x2, 0xf8,
    0x7f, 0x95, 0x6f, 0xf0, 0x7f, 0xff, 0xff, 0xc0,
    0x6, 0xff, 0xf9, 0x0,

    /* U+01B8 "Ƹ" */
    0x2f, 0xff, 0xff, 0xfd, 0x2f, 0xff, 0xff, 0xfd,
    0xf, 0xd5, 0x55, 0x54, 0x7, 0xf0, 0x0, 0x0,
    0x1, 0xfc, 0x0, 0x0, 0x0, 0x7e, 0x0, 0x0,
    0x0, 0x1f, 0x80, 0x0, 0x0, 0x7, 0xe0, 0x0,
    0x0, 0x7f, 0xf0, 0x0, 0x7, 0xff, 0xf0, 0x0,
    0x1f, 0xe5, 0x50, 0x0, 0x3f, 0x40, 0x0, 0x0,
    0x7d, 0x0, 0x0, 0x0, 0xbc, 0x0, 0x0, 0x0,
    0xbc, 0x0, 0x0, 0x0, 0xbc, 0x0, 0x0, 0x0,
    0x7e, 0x0, 0x0, 0x0, 0x3f, 0x40, 0x0, 0x8,
    0x1f, 0xf9, 0x5a, 0xfc, 0x7, 0xff, 0xff, 0xfc,
    0x0, 0x6f, 0xfe, 0x90,

    /* U+01B9 "ƹ" */
    0x1f, 0xff, 0xff, 0xe1, 0xff, 0xff, 0xfe, 0xf,
    0xc0, 0x0, 0x0, 0x7e, 0x0, 0x0, 0x2, 0xf8,
    0x0, 0x0, 0xb, 0xd0, 0x0, 0x0, 0x3f, 0x0,
    0x0, 0x0, 0xfc, 0x0, 0x0, 0x3, 0xf0, 0x0,
    0x6, 0xff, 0x40, 0x3, 0xff, 0xf4, 0x0, 0xff,
    0x55, 0x0, 0x3f, 0x40, 0x0, 0x7, 0xe0, 0x0,
    0x0, 0x7d, 0x0, 0x0, 0xb, 0xc0, 0x0, 0x0,
    0x7d, 0x0, 0x0, 0x7, 0xe0, 0x0, 0x0, 0x3f,
    0x80, 0x0, 0x11, 0xff, 0x95, 0xbf, 0x7, 0xff,
    0xff, 0xf0, 0x6, 0xff, 0xe4,

    /* U+01BA "ƺ" */
    0x7f, 0xff, 0xff, 0x9f, 0xff, 0xff, 0xe0, 0x0,
    0x2, 0xf4, 0x0, 0x2, 0xf8, 0x0, 0x1, 0xf8,
    0x0, 0x0, 0xfc, 0x0, 0x0, 0xfc, 0x0, 0x0,
    0xfc, 0x0, 0x0, 0xbf, 0xe4, 0x0, 0xbf, 0xff,
    0xc0, 0x0, 0x2, 0xf8, 0x0, 0x0, 0x3e, 0x0,
    0x0, 0xf, 0x80, 0x1, 0x7f, 0xc0, 0x2f, 0xff,
    0xc0, 0x3f, 0xfe, 0x40, 0x3f, 0x90, 0x0, 0xf,
    0x40, 0x0, 0x3, 0xd0, 0x0, 0x0, 0xfe, 0x40,
    0x6c, 0xf, 0xff, 0xff, 0x0, 0x6f, 0xfe, 0x40,

    /* U+01BB "ƻ" */
    0x6, 0xff, 0x90, 0xb, 0xff, 0xff, 0x80, 0xff,
    0x96, 0xfe, 0xe, 0x0, 0x3, 0xf4, 0x0, 0x0,
    0x1f, 0x80, 0x0, 0x0, 0xfc, 0x0, 0x0, 0xf,
    0xc0, 0x0, 0x0, 0xf8, 0x0, 0x0, 0x1f, 0x40,
    0x0, 0x3, 0xf0, 0x0, 0x0, 0xfd, 0x3, 0xff,
    0xff, 0xf4, 0x3f, 0xff, 0xff, 0x40, 0x2, 0xf8,
    0x0, 0x0, 0xbe, 0x0, 0x0, 0x2f, 0x80, 0x0,
    0xb, 0xe0, 0x0, 0x2, 0xf8, 0x0, 0x0, 0xbf,
    0x55, 0x55, 0x4f, 0xff, 0xff, 0xfc, 0xff, 0xff,
    0xff, 0xc0,

    /* U+01BC "Ƽ" */
    0x1f, 0xff, 0xff, 0xf4, 0x7, 0xff, 0xff, 0xfd,
    0x1, 0xf9, 0x55, 0x55, 0x0, 0x7e, 0x0, 0x0,
    0x0, 0x1f, 0x80, 0x0, 0x0, 0x7, 0xe0, 0x0,
    0x0, 0x1, 0xf8, 0x0, 0x0, 0x0, 0x7e, 0x0,
    0x0, 0x0, 0x1f, 0xff, 0xfe, 0x40, 0x7, 0xff,
    0xff, 0xf8, 0x0, 0x55, 0x55, 0xbf, 0xc0, 0x0,
    0x0, 0x2, 0xf8, 0x0, 0x0, 0x0, 0x3f, 0x0,
    0x0, 0x0, 0x7, 0xd6, 0x80, 0x0, 0x1, 0xf6,
    0xf0, 0x0, 0x0, 0x7d, 0x7d, 0x0, 0x0, 0x3f,
    0xf, 0xd0, 0x0, 0x2f, 0x81, 0xff, 0x95, 0xbf,
    0xc0, 0x1f, 0xff, 0xff, 0xc0, 0x0, 0x6f, 0xfe,
    0x40, 0x0,

    /* U+01BD "ƽ" */
    0x2f, 0xff, 0xff, 0x42, 0xff, 0xff, 0xf4, 0x2f,
    0x55, 0x55, 0x2, 0xf0, 0x0, 0x0, 0x2f, 0x0,
    0x0, 0x2, 0xf0, 0x0, 0x0, 0x2f, 0x0, 0x0,
    0x2, 0xf0, 0x0, 0x0, 0x2f, 0x0, 0x0, 0x2,
    0xff, 0xfd, 0x0, 0x2f, 0xff, 0xfd, 0x0, 0x55,
    0x5b, 0xf4, 0x0, 0x0, 0xf, 0xc0, 0x0, 0x0,
    0x7e, 0x0, 0x0, 0x3, 0xf0, 0x0, 0x0, 0x3f,
    0x0, 0x0, 0x3, 0xf0, 0x0, 0x0, 0x7e, 0x40,
    0x0, 0x1f, 0xcb, 0xe5, 0x6f, 0xf8, 0xbf, 0xff,
    0xfd, 0x1, 0xbf, 0xf9, 0x0,

    /* U+01BE "ƾ" */
    0x0, 0xa0, 0x0, 0x1, 0xf4, 0x0, 0x1, 0xf4,
    0x0, 0x1, 0xf4, 0x0, 0x16, 0xf9, 0x40, 0x7f,
    0xff, 0xe0, 0x7f, 0xff, 0xe0, 0x1, 0xf4, 0x0,
    0x1, 0xf8, 0x0, 0x1, 0xff, 0x80, 0x0, 0xbf,
    0xf0, 0x0, 0x1, 0xfc, 0x0, 0x0, 0xbd, 0x0,
    0x0, 0x3e, 0x0, 0x0, 0x3e, 0x0, 0x0, 0x3e,
    0x0, 0x0, 0x7d, 0x0, 0x0, 0xfc, 0xf5, 0x1b,
    0xf8, 0xff, 0xff, 0xe0, 0x1f, 0xfe, 0x0,

    /* U+01BF "ƿ" */
    0x7c, 0xb, 0xfe, 0x1, 0xf2, 0xff, 0xff, 0x7,
    0xef, 0xe6, 0xfe, 0x1f, 0xf4, 0x0, 0xfc, 0x7f,
    0x0, 0x2, 0xf1, 0xf4, 0x0, 0x7, 0xc7, 0xc0,
    0x0, 0x1f, 0x1f, 0x0, 0x0, 0xbc, 0x7c, 0x0,
    0x3, 0xd1, 0xf0, 0x0, 0x3f, 0x7, 0xc0, 0x3,
    0xf0, 0x1f, 0x0, 0x3f, 0x40, 0x7c, 0x3, 0xf4,
    0x1, 0xf0, 0x7f, 0x40, 0x7, 0xcf, 0xf0, 0x0,
    0x1f, 0xfe, 0x0, 0x0, 0x7f, 0xd0, 0x0, 0x1,
    0xf8, 0x0, 0x0, 0x7, 0xc0, 0x0, 0x0, 0x1f,
    0x0, 0x0, 0x0, 0x7c, 0x0, 0x0, 0x1, 0xf0,
    0x0, 0x0, 0x0,

    /* U+01C0 "ǀ" */
    0x7e, 0x7e, 0x7e, 0x7e, 0x7e, 0x7e, 0x7e, 0x7e,
    0x7e, 0x7e, 0x7e, 0x7e, 0x7e, 0x7e, 0x7e, 0x7e,
    0x7e, 0x7e, 0x7e, 0x7e, 0x7e, 0x7e, 0x7e, 0x7e,
    0x7e, 0x7e, 0x7e,

    /* U+01C1 "ǁ" */
    0x7e, 0xb, 0xc7, 0xe0, 0xbc, 0x7e, 0xb, 0xc7,
    0xe0, 0xbc, 0x7e, 0xb, 0xc7, 0xe0, 0xbc, 0x7e,
    0xb, 0xc7, 0xe0, 0xbc, 0x7e, 0xb, 0xc7, 0xe0,
    0xbc, 0x7e, 0xb, 0xc7, 0xe0, 0xbc, 0x7e, 0xb,
    0xc7, 0xe0, 0xbc, 0x7e, 0xb, 0xc7, 0xe0, 0xbc,
    0x7e, 0xb, 0xc7, 0xe0, 0xbc, 0x7e, 0xb, 0xc7,
    0xe0, 0xbc, 0x7e, 0xb, 0xc7, 0xe0, 0xbc, 0x7e,
    0xb, 0xc7, 0xe0, 0xbc, 0x7e, 0xb, 0xc7, 0xe0,
    0xbc, 0x7e, 0xb, 0xc0,

    /* U+01C2 "ǂ" */
    0x0, 0x3f, 0x0, 0x0, 0xf, 0xc0, 0x0, 0x3,
    0xf0, 0x0, 0x0, 0xfc, 0x0, 0x0, 0x3f, 0x0,
    0x0, 0xf, 0xc0, 0x0, 0x3, 0xf0, 0x0, 0x0,
    0xfc, 0x0, 0x0, 0x3f, 0x0, 0x2f, 0xff, 0xff,
    0xeb, 0xff, 0xff, 0xf8, 0x55, 0xfd, 0x54, 0x0,
    0x3f, 0x0, 0x0, 0xf, 0xc0, 0x5, 0x57, 0xf5,
    0x52, 0xff, 0xff, 0xfe, 0xbf, 0xff, 0xff, 0x80,
    0xf, 0xc0, 0x0, 0x3, 0xf0, 0x0, 0x0, 0xfc,
    0x0, 0x0, 0x3f, 0x0, 0x0, 0xf, 0xc0, 0x0,
    0x3, 0xf0, 0x0, 0x0, 0xfc, 0x0, 0x0, 0x3f,
    0x0, 0x0, 0xf, 0xc0, 0x0, 0x3, 0xf0, 0x0,

    /* U+01C3 "ǃ" */
    0x7e, 0x7e, 0x7e, 0x7e, 0x7e, 0x7e, 0x7e, 0x7e,
    0x7e, 0x3e, 0x3d, 0x3d, 0x3d, 0x3d, 0x0, 0x0,
    0x0, 0x29, 0x7e, 0x7e, 0x7e,

    /* U+01C4 "Ǆ" */
    0x0, 0x0, 0x0, 0x0, 0x0, 0x0, 0x80, 0x8,
    0x0, 0x0, 0x0, 0x0, 0x0, 0x0, 0x0, 0xf4,
    0x3c, 0x0, 0x0, 0x0, 0x0, 0x0, 0x0, 0x0,
    0x3d, 0xf0, 0x0, 0x0, 0x0, 0x0, 0x0, 0x0,
    0x0, 0xf, 0xc0, 0x0, 0x0, 0x0, 0x0, 0x0,
    0x0, 0x0, 0x0, 0x0, 0x0, 0x0, 0x0, 0x0,
    0x0, 0x0, 0x0, 0x0, 0x0, 0x0, 0x7f, 0xff,
    0xf9, 0x0, 0x2, 0xff, 0xff, 0xff, 0xfe, 0x7f,
    0xff, 0xff, 0xe0, 0x2, 0xff, 0xff, 0xff, 0xfe,
    0x7e, 0x55, 0x6f, 0xfc, 0x0, 0x55, 0x55, 0x55,
    0xfd, 0x7e, 0x0, 0x1, 0xff, 0x0, 0x0, 0x0,
    0x3, 0xf4, 0x7e, 0x0, 0x0, 0x3f, 0x80, 0x0,
    0x0, 0xb, 0xe0, 0x7e, 0x0, 0x0, 0xf, 0xc0,
    0x0, 0x0, 0x1f, 0xc0, 0x7e, 0x0, 0x0, 0xb,
    0xd0, 0x0, 0x0, 0x3f, 0x0, 0x7e, 0x0, 0x0,
    0x7, 0xe0, 0x0, 0x0, 0xfd, 0x0, 0x7e, 0x0,
    0x0, 0x3, 0xf0, 0x0, 0x2, 0xf8, 0x0, 0x7e,
    0x0, 0x0, 0x3, 0xf0, 0x0, 0xb, 0xf0, 0x0,
    0x7e, 0x0, 0x0, 0x3, 0xf0, 0x0, 0x1f, 0xc0,
    0x0, 0x7e, 0x0, 0x0, 0x3, 0xf0, 0x0, 0x3f,
    0x0, 0x0, 0x7e, 0x0, 0x0, 0x3, 0xf0, 0x0,
    0xfd, 0x0, 0x0, 0x7e, 0x0, 0x0, 0x7, 0xe0,
    0x2, 0xf8, 0x0, 0x0, 0x7e, 0x0, 0x0, 0xb,
    0xd0, 0x7, 0xf0, 0x0, 0x0, 0x7e, 0x0, 0x0,
    0xf, 0xc0, 0xf, 0xc0, 0x0, 0x0, 0x7e, 0x0,
    0x0, 0x3f, 0x80, 0x3f, 0x40, 0x0, 0x0, 0x7e,
    0x0, 0x1, 0xff, 0x0, 0xfe, 0x0, 0x0, 0x0,
    0x7e, 0x55, 0x6f, 0xfc, 0x2, 0xfd, 0x55, 0x55,
    0x55, 0x7f, 0xff, 0xff, 0xe0, 0x3, 0xff, 0xff,
    0xff, 0xff, 0x7f, 0xff, 0xf9, 0x0, 0x3, 0xff,
    0xff, 0xff, 0xff,

    /* U+01C5 "ǅ" */
    0x0, 0x0, 0x0, 0x0, 0x0, 0x1e, 0x0, 0xf0,
    0x0, 0x0, 0x0, 0x0, 0x0, 0xb, 0x43, 0xc0,
    0x7f, 0xff, 0xf9, 0x0, 0x0, 0x3, 0xcb, 0x80,
    0x7f, 0xff, 0xff, 0xe0, 0x0, 0x1, 0xff, 0x0,
    0x7e, 0x55, 0x6f, 0xfc, 0x0, 0x0, 0xbc, 0x0,
    0x7e, 0x0, 0x0, 0xff, 0x0, 0x0, 0x0, 0x0,
    0x7e, 0x0, 0x0, 0x3f, 0x80, 0x0, 0x0, 0x0,
    0x7e, 0x0, 0x0, 0xf, 0xc0, 0xff, 0xff, 0xff,
    0x7e, 0x0, 0x0, 0xb, 0xd0, 0xff, 0xff, 0xff,
    0x7e, 0x0, 0x0, 0x7, 0xe0, 0x0, 0x0, 0x7e,
    0x7e, 0x0, 0x0, 0x3, 0xf0, 0x0, 0x0, 0xfc,
    0x7e, 0x0, 0x0, 0x3, 0xf0, 0x0, 0x3, 0xf0,
    0x7e, 0x0, 0x0, 0x3, 0xf0, 0x0, 0xb, 0xd0,
    0x7e, 0x0, 0x0, 0x3, 0xf0, 0x0, 0x2f, 0x80,
    0x7e, 0x0, 0x0, 0x3, 0xf0, 0x0, 0x7e, 0x0,
    0x7e, 0x0, 0x0, 0x7, 0xe0, 0x0, 0xfc, 0x0,
    0x7e, 0x0, 0x0, 0xb, 0xd0, 0x3, 0xf0, 0x0,
    0x7e, 0x0, 0x0, 0xf, 0xc0, 0xf, 0xd0, 0x0,
    0x7e, 0x0, 0x0, 0x3f, 0x80, 0x2f, 0x40, 0x0,
    0x7e, 0x0, 0x0, 0xff, 0x0, 0x7e, 0x0, 0x0,
    0x7e, 0x55, 0x6f, 0xfc, 0x0, 0xfc, 0x0, 0x0,
    0x7f, 0xff, 0xff, 0xe0, 0x1, 0xff, 0xff, 0xff,
    0x7f, 0xff, 0xf9, 0x0, 0x1, 0xff, 0xff, 0xff,

    /* U+01C6 "ǆ" */
    0x0, 0x0, 0x0, 0x0, 0x2, 0x40, 0x14, 0x0,
    0x0, 0x0, 0x0, 0x0, 0xf0, 0x1e, 0x0, 0x0,
    0x0, 0x1f, 0x0, 0x1e, 0xf, 0x0, 0x0, 0x0,
    0x7, 0xc0, 0x3, 0xdb, 0x40, 0x0, 0x0, 0x1,
    0xf0, 0x0, 0x3f, 0xc0, 0x0, 0x0, 0x0, 0x7c,
    0x0, 0xb, 0xd0, 0x0, 0x0, 0x0, 0x1f, 0x0,
    0x0, 0x50, 0x0, 0x0, 0x0, 0x7, 0xc0, 0x0,
    0x0, 0x0, 0x0, 0xbf, 0xd1, 0xf0, 0x3f, 0xff,
    0xff, 0xc0, 0xff, 0xff, 0x7c, 0xf, 0xff, 0xff,
    0xf0, 0xfe, 0x46, 0xff, 0x0, 0x0, 0x1, 0xfc,
    0x7d, 0x0, 0x2f, 0xc0, 0x0, 0x0, 0xfc, 0x3f,
    0x0, 0x3, 0xf0, 0x0, 0x0, 0xfd, 0xf, 0x40,
    0x0, 0xbc, 0x0, 0x0, 0xbd, 0x7, 0xd0, 0x0,
    0x1f, 0x0, 0x0, 0x7e, 0x1, 0xf0, 0x0, 0x7,
    0xc0, 0x0, 0x7f, 0x0, 0x7c, 0x0, 0x1, 0xf0,
    0x0, 0x3f, 0x0, 0x1f, 0x40, 0x0, 0x7c, 0x0,
    0x3f, 0x0, 0x3, 0xd0, 0x0, 0x2f, 0x0, 0x2f,
    0x40, 0x0, 0xfc, 0x0, 0xf, 0xc0, 0x2f, 0x80,
    0x0, 0x2f, 0x40, 0xb, 0xf0, 0x1f, 0x80, 0x0,
    0x3, 0xf9, 0x1b, 0xfc, 0xf, 0xc0, 0x0, 0x0,
    0x3f, 0xff, 0xdf, 0x7, 0xff, 0xff, 0xfc, 0x2,
    0xff, 0x47, 0xc1, 0xff, 0xff, 0xff,

    /* U+01C7 "Ǉ" */
    0x7e, 0x0, 0x0, 0x0, 0x7e, 0x7e, 0x0, 0x0,
    0x0, 0x7e, 0x7e, 0x0, 0x0, 0x0, 0x7e, 0x7e,
    0x0, 0x0, 0x0, 0x7e, 0x7e, 0x0, 0x0, 0x0,
    0x7e, 0x7e, 0x0, 0x0, 0x0, 0x7e, 0x7e, 0x0,
    0x0, 0x0, 0x7e, 0x7e, 0x0, 0x0, 0x0, 0x7e,
    0x7e, 0x0, 0x0, 0x0, 0x7e, 0x7e, 0x0, 0x0,
    0x0, 0x7e, 0x7e, 0x0, 0x0, 0x0, 0x7e, 0x7e,
    0x0, 0x0, 0x0, 0x7e, 0x7e, 0x0, 0x0, 0x0,
    0x7e, 0x7e, 0x0, 0x0, 0x0, 0x7e, 0x7e, 0x0,
    0x0, 0x0, 0x7e, 0x7e, 0x0, 0x0, 0x0, 0x7e,
    0x7e, 0x0, 0x0, 0x0, 0x7e, 0x7e, 0x0, 0x0,
    0x0, 0x7e, 0x7e, 0x55, 0x55, 0x40, 0x7e, 0x7f,
    0xff, 0xff, 0xd0, 0x7d, 0x7f, 0xff, 0xff, 0xd0,
    0x7d, 0x0, 0x0, 0x0, 0x0, 0x7d, 0x0, 0x0,
    0x0, 0x0, 0xbc, 0x0, 0x0, 0x0, 0x0, 0xfc,
    0x0, 0x0, 0x0, 0x1b, 0xf8, 0x0, 0x0, 0x0,
    0x7f, 0xf0, 0x0, 0x0, 0x0, 0x7f, 0x40,

    /* U+01C8 "ǈ" */
    0x0, 0x0, 0x0, 0x0, 0xf9, 0xf8, 0x0, 0x0,
    0x3, 0xe7, 0xe0, 0x0, 0x0, 0xf, 0x9f, 0x80,
    0x0, 0x0, 0x4, 0x7e, 0x0, 0x0, 0x0, 0x1,
    0xf8, 0x0, 0x0, 0x0, 0x7, 0xe0, 0x0, 0x0,
    0xf, 0x9f, 0x80, 0x0, 0x0, 0x3e, 0x7e, 0x0,
    0x0, 0x0, 0xf9, 0xf8, 0x0, 0x0, 0x3, 0xe7,
    0xe0, 0x0, 0x0, 0xf, 0x9f, 0x80, 0x0, 0x0,
    0x3e, 0x7e, 0x0, 0x0, 0x0, 0xf9, 0xf8, 0x0,
    0x0, 0x3, 0xe7, 0xe0, 0x0, 0x0, 0xf, 0x9f,
    0x80, 0x0, 0x0, 0x3e, 0x7e, 0x0, 0x0, 0x0,
    0xf9, 0xf8, 0x0, 0x0, 0x3, 0xe7, 0xe0, 0x0,
    0x0, 0xf, 0x9f, 0x95, 0x55, 0x50, 0x3e, 0x7f,
    0xff, 0xff, 0xd0, 0xf9, 0xff, 0xff, 0xff, 0x43,
    0xe0, 0x0, 0x0, 0x0, 0xf, 0x80, 0x0, 0x0,
    0x0, 0x3d, 0x0, 0x0, 0x0, 0x0, 0xf4, 0x0,
    0x0, 0x0, 0x1f, 0xc0, 0x0, 0x0, 0x3, 0xfd,
    0x0, 0x0, 0x0, 0xf, 0xd0,

    /* U+01C9 "ǉ" */
    0x7c, 0x1f, 0x5f, 0x7, 0xd7, 0xc1, 0xf5, 0xf0,
    0x14, 0x7c, 0x0, 0x1f, 0x0, 0x7, 0xc1, 0xf5,
    0xf0, 0x7d, 0x7c, 0x1f, 0x5f, 0x7, 0xd7, 0xc1,
    0xf5, 0xf0, 0x7d, 0x7c, 0x1f, 0x5f, 0x7, 0xd7,
    0xc1, 0xf5, 0xf0, 0x7d, 0x7c, 0x1f, 0x5f, 0x7,
    0xd7, 0xc1, 0xf5, 0xf0, 0x7d, 0x7c, 0x1f, 0x5f,
    0x7, 0xd0, 0x1, 0xf4, 0x0, 0x7c, 0x0, 0x2f,
    0x0, 0x1f, 0xc0, 0x7f, 0xc0, 0x1f, 0x80,

    /* U+01CA "Ǌ" */
    0x7f, 0x80, 0x0, 0x1f, 0x1, 0xf5, 0xff, 0x0,
    0x0, 0x7c, 0x7, 0xd7, 0xff, 0x0, 0x1, 0xf0,
    0x1f, 0x5f, 0xfd, 0x0, 0x7, 0xc0, 0x7d, 0x7e,
    0xfc, 0x0, 0x1f, 0x1, 0xf5, 0xf6, 0xf4, 0x0,
    0x7c, 0x7, 0xd7, 0xd3, 0xf0, 0x1, 0xf0, 0x1f,
    0x5f, 0x47, 0xd0, 0x7, 0xc0, 0x7d, 0x7d, 0xf,
    0xc0, 0x1f, 0x1, 0xf5, 0xf4, 0x1f, 0x40, 0x7c,
    0x7, 0xd7, 0xd0, 0x3f, 0x1, 0xf0, 0x1f, 0x5f,
    0x40, 0x7d, 0x7, 0xc0, 0x7d, 0x7d, 0x0, 0xfc,
    0x1f, 0x1, 0xf5, 0xf4, 0x1, 0xf4, 0x7c, 0x7,
    0xd7, 0xd0, 0x3, 0xf1, 0xf0, 0x1f, 0x5f, 0x40,
    0x7, 0xd7, 0xc0, 0x7d, 0x7d, 0x0, 0xf, 0xef,
    0x1, 0xf5, 0xf4, 0x0, 0x1f, 0xfc, 0x7, 0xd7,
    0xd0, 0x0, 0x3f, 0xf0, 0x1f, 0x5f, 0x40, 0x0,
    0x7f, 0xc0, 0x7d, 0x7d, 0x0, 0x0, 0xff, 0x1,
    0xf4, 0x0, 0x0, 0x0, 0x0, 0xb, 0xc0, 0x0,
    0x0, 0x0, 0x0, 0x3f, 0x0, 0x0, 0x0, 0x0,
    0x0, 0xfc, 0x0, 0x0, 0x0, 0x0, 0x6f, 0xd0,
    0x0, 0x0, 0x0, 0xb, 0xfe, 0x0, 0x0, 0x0,
    0x0, 0x2f, 0x90, 0x0,

    /* U+01CB "ǋ" */
    0x0, 0x0, 0x0, 0x0, 0x3, 0xe7, 0xf8, 0x0,
    0x1, 0xf0, 0x3e, 0x7f, 0xc0, 0x0, 0x1f, 0x3,
    0xe7, 0xff, 0x0, 0x1, 0xf0, 0x14, 0x7f, 0xf4,
    0x0, 0x1f, 0x0, 0x7, 0xdf, 0xc0, 0x1, 0xf0,
    0x0, 0x7d, 0x7d, 0x0, 0x1f, 0x3, 0xe7, 0xd3,
    0xf0, 0x1, 0xf0, 0x3e, 0x7d, 0x1f, 0x40, 0x1f,
    0x3, 0xe7, 0xd0, 0xfc, 0x1, 0xf0, 0x3e, 0x7d,
    0x7, 0xd0, 0x1f, 0x3, 0xe7, 0xd0, 0x3f, 0x1,
    0xf0, 0x3e, 0x7d, 0x1, 0xf4, 0x1f, 0x3, 0xe7,
    0xd0, 0xf, 0xc1, 0xf0, 0x3e, 0x7d, 0x0, 0x7d,
    0x1f, 0x3, 0xe7, 0xd0, 0x3, 0xf1, 0xf0, 0x3e,
    0x7d, 0x0, 0x1f, 0x5f, 0x3, 0xe7, 0xd0, 0x0,
    0xfe, 0xf0, 0x3e, 0x7d, 0x0, 0x7, 0xff, 0x3,
    0xe7, 0xd0, 0x0, 0x3f, 0xf0, 0x3e, 0x7d, 0x0,
    0x1, 0xff, 0x3, 0xe7, 0xd0, 0x0, 0xf, 0xf0,
    0x3e, 0x0, 0x0, 0x0, 0x0, 0x3, 0xd0, 0x0,
    0x0, 0x0, 0x0, 0x3d, 0x0, 0x0, 0x0, 0x0,
    0x7, 0xd0, 0x0, 0x0, 0x0, 0x1, 0xfc, 0x0,
    0x0, 0x0, 0x0, 0xff, 0x40, 0x0, 0x0, 0x0,
    0xf, 0xd0,

    /* U+01CC "ǌ" */
    0x0, 0x0, 0x0, 0x0, 0xf8, 0x0, 0x0, 0x0,
    0x3, 0xe0, 0x0, 0x0, 0x0, 0xf, 0x80, 0x0,
    0x0, 0x0, 0x4, 0x0, 0x0, 0x0, 0x0, 0x0,
    0x0, 0x0, 0x0, 0x0, 0x7, 0xc1, 0xff, 0x40,
    0xf, 0x9f, 0x3f, 0xff, 0xc0, 0x3e, 0x7e, 0xe5,
    0x7f, 0x80, 0xf9, 0xfd, 0x0, 0x3f, 0x3, 0xe7,
    0xe0, 0x0, 0x7c, 0xf, 0x9f, 0x40, 0x0, 0xf4,
    0x3e, 0x7c, 0x0, 0x3, 0xd0, 0xf9, 0xf0, 0x0,
    0xf, 0x43, 0xe7, 0xc0, 0x0, 0x3d, 0xf, 0x9f,
    0x0, 0x0, 0xf4, 0x3e, 0x7c, 0x0, 0x3, 0xd0,
    0xf9, 0xf0, 0x0, 0xf, 0x43, 0xe7, 0xc0, 0x0,
    0x3d, 0xf, 0x9f, 0x0, 0x0, 0xf4, 0x3e, 0x7c,
    0x0, 0x3, 0xd0, 0xf9, 0xf0, 0x0, 0xf, 0x43,
    0xe0, 0x0, 0x0, 0x0, 0xf, 0x80, 0x0, 0x0,
    0x0, 0x3d, 0x0, 0x0, 0x0, 0x0, 0xf4, 0x0,
    0x0, 0x0, 0x1f, 0xc0, 0x0, 0x0, 0x3, 0xfd,
    0x0, 0x0, 0x0, 0xf, 0xd0,

    /* U+01CD "Ǎ" */
    0x0, 0x9, 0x0, 0x90, 0x0, 0x0, 0x2d, 0xf,
    0x0, 0x0, 0x0, 0x3d, 0xf0, 0x0, 0x0, 0x0,
    0x3f, 0x40, 0x0, 0x0, 0x0, 0x0, 0x0, 0x0,
    0x0, 0x0, 0x0, 0x0, 0x0, 0x0, 0xf, 0xd0,
    0x0, 0x0, 0x0, 0xbf, 0x80, 0x0, 0x0, 0x3,
    0xff, 0x0, 0x0, 0x0, 0x1f, 0x7d, 0x0, 0x0,
    0x0, 0xbc, 0xfc, 0x0, 0x0, 0x3, 0xe1, 0xf0,
    0x0, 0x0, 0x1f, 0x3, 0xe0, 0x0, 0x0, 0xfc,
    0xb, 0xc0, 0x0, 0x3, 0xd0, 0x1f, 0x40, 0x0,
    0x2f, 0x0, 0x3e, 0x0, 0x0, 0xf8, 0x0, 0xbc,
    0x0, 0x7, 0xd0, 0x0, 0xf4, 0x0, 0x2f, 0x0,
    0x3, 0xf0, 0x0, 0xff, 0xff, 0xff, 0xc0, 0x7,
    0xff, 0xff, 0xff, 0x80, 0x2f, 0x55, 0x55, 0x7f,
    0x0, 0xf8, 0x0, 0x0, 0x7d, 0x7, 0xd0, 0x0,
    0x0, 0xf8, 0x3f, 0x0, 0x0, 0x3, 0xf0, 0xf8,
    0x0, 0x0, 0x7, 0xdb, 0xd0, 0x0, 0x0, 0xf,
    0x80,

    /* U+01CE "ǎ" */
    0x1, 0x40, 0x8, 0x0, 0x2d, 0x3, 0xc0, 0x0,
    0xf0, 0xb4, 0x0, 0x7, 0xdf, 0x0, 0x0, 0x2f,
    0xc0, 0x0, 0x0, 0xf8, 0x0, 0x0, 0x0, 0x0,
    0x0, 0x0, 0x0, 0x0, 0x1, 0xbf, 0xe4, 0x0,
    0xff, 0xff, 0xe0, 0xe, 0x51, 0x7f, 0x40, 0x0,
    0x0, 0xbc, 0x0, 0x0, 0x3, 0xd0, 0x0, 0x0,
    0x3d, 0x1, 0xbf, 0xff, 0xe0, 0xbf, 0xff, 0xfe,
    0x2f, 0x90, 0x3, 0xe3, 0xe0, 0x0, 0x3e, 0x7d,
    0x0, 0x3, 0xe7, 0xd0, 0x0, 0xbe, 0x3e, 0x0,
    0x1f, 0xe3, 0xf9, 0x1b, 0xfe, 0xf, 0xff, 0xf3,
    0xe0, 0x2f, 0xf4, 0x3e,

    /* U+01CF "Ǐ" */
    0x14, 0x1, 0x40, 0xf0, 0xb4, 0x7, 0xee, 0x0,
    0x2f, 0xc0, 0x0, 0x0, 0x0, 0x0, 0x0, 0x1,
    0xf8, 0x0, 0x1f, 0x80, 0x1, 0xf8, 0x0, 0x1f,
    0x80, 0x1, 0xf8, 0x0, 0x1f, 0x80, 0x1, 0xf8,
    0x0, 0x1f, 0x80, 0x1, 0xf8, 0x0, 0x1f, 0x80,
    0x1, 0xf8, 0x0, 0x1f, 0x80, 0x1, 0xf8, 0x0,
    0x1f, 0x80, 0x1, 0xf8, 0x0, 0x1f, 0x80, 0x1,
    0xf8, 0x0, 0x1f, 0x80, 0x1, 0xf8, 0x0, 0x1f,
    0x80, 0x1, 0xf8, 0x0,

    /* U+01D0 "ǐ" */
    0x3c, 0x3, 0xc2, 0xd0, 0xb4, 0xf, 0x1f, 0x0,
    0x7f, 0xc0, 0x2, 0xf8, 0x0, 0x9, 0x0, 0x0,
    0x0, 0x0, 0x1f, 0x0, 0x1, 0xf0, 0x0, 0x1f,
    0x0, 0x1, 0xf0, 0x0, 0x1f, 0x0, 0x1, 0xf0,
    0x0, 0x1f, 0x0, 0x1, 0xf0, 0x0, 0x1f, 0x0,
    0x1, 0xf0, 0x0, 0x1f, 0x0, 0x1, 0xf0, 0x0,
    0x1f, 0x0, 0x1, 0xf0, 0x0, 0x1f, 0x0, 0x1,
    0xf0, 0x0,

    /* U+01D1 "Ǒ" */
    0x0, 0xf, 0x0, 0xf0, 0x0, 0x0, 0x3, 0xc3,
    0xc0, 0x0, 0x0, 0x1, 0xff, 0x40, 0x0, 0x0,
    0x0, 0xbe, 0x0, 0x0, 0x0, 0x0, 0x0, 0x0,
    0x0, 0x0, 0x0, 0x0, 0x0, 0x0, 0x0, 0x6,
    0xff, 0x90, 0x0, 0x0, 0x7f, 0xff, 0xfd, 0x0,
    0x1, 0xff, 0x55, 0xff, 0x40, 0x7, 0xf4, 0x0,
    0x1f, 0xd0, 0xf, 0xd0, 0x0, 0x7, 0xf0, 0x1f,
    0x80, 0x0, 0x2, 0xf8, 0x3f, 0x0, 0x0, 0x0,
    0xfc, 0x3f, 0x0, 0x0, 0x0, 0xfc, 0x7e, 0x0,
    0x0, 0x0, 0xbd, 0x7e, 0x0, 0x0, 0x0, 0xbd,
    0x7d, 0x0, 0x0, 0x0, 0x7d, 0x7e, 0x0, 0x0,
    0x0, 0xbd, 0x7e, 0x0, 0x0, 0x0, 0xbd, 0x3f,
    0x0, 0x0, 0x0, 0xfc, 0x3f, 0x0, 0x0, 0x0,
    0xfc, 0x1f, 0x80, 0x0, 0x2, 0xf8, 0xf, 0xd0,
    0x0, 0x3, 0xf0, 0x7, 0xf4, 0x0, 0x1f, 0xd0,
    0x1, 0xff, 0x55, 0xff, 0x40, 0x0, 0x7f, 0xff,
    0xfd, 0x0, 0x0, 0x6, 0xff, 0x90, 0x0,

    /* U+01D2 "ǒ" */
    0x1, 0x80, 0x5, 0x0, 0x3, 0xc0, 0xb4, 0x0,
    0xb, 0x87, 0x80, 0x0, 0xf, 0x7c, 0x0, 0x0,
    0x1f, 0xe0, 0x0, 0x0, 0x2f, 0x0, 0x0, 0x0,
    0x0, 0x0, 0x0, 0x0, 0x0, 0x0, 0x0, 0x6f,
    0xf4, 0x0, 0xf, 0xff, 0xfc, 0x0, 0xff, 0x46,
    0xfc, 0x7, 0xe0, 0x2, 0xf8, 0x3f, 0x0, 0x3,
    0xf0, 0xf8, 0x0, 0x7, 0xd7, 0xd0, 0x0, 0xf,
    0x5f, 0x0, 0x0, 0x3e, 0x7c, 0x0, 0x0, 0xf9,
    0xf4, 0x0, 0x3, 0xd3, 0xe0, 0x0, 0x1f, 0x4f,
    0xc0, 0x0, 0xfc, 0x1f, 0x80, 0x7, 0xe0, 0x3f,
    0x91, 0xbf, 0x0, 0x3f, 0xff, 0xf0, 0x0, 0x1b,
    0xfd, 0x0,

    /* U+01D3 "Ǔ" */
    0x0, 0x78, 0xf, 0x0, 0x0, 0xb, 0x4b, 0x40,
    0x0, 0x0, 0xfb, 0x80, 0x0, 0x0, 0x1f, 0xc0,
    0x0, 0x0, 0x0, 0x0, 0x0, 0x0, 0x0, 0x0,
    0x0, 0xb, 0xc0, 0x0, 0x2, 0xf2, 0xf0, 0x0,
    0x0, 0xbc, 0xbc, 0x0, 0x0, 0x2f, 0x2f, 0x0,
    0x0, 0xb, 0xcb, 0xc0, 0x0, 0x2, 0xf2, 0xf0,
    0x0, 0x0, 0xbc, 0xbc, 0x0, 0x0, 0x2f, 0x2f,
    0x0, 0x0, 0xb, 0xcb, 0xc0, 0x0, 0x2, 0xf2,
    0xf0, 0x0, 0x0, 0xbc, 0xbc, 0x0, 0x0, 0x2f,
    0x2f, 0x0, 0x0, 0xb, 0xcb, 0xc0, 0x0, 0x2,
    0xf2, 0xf4, 0x0, 0x0, 0xfc, 0x7d, 0x0, 0x0,
    0x3f, 0x1f, 0x80, 0x0, 0xf, 0xc3, 0xf0, 0x0,
    0x7, 0xe0, 0xbe, 0x0, 0x3, 0xf0, 0xf, 0xf9,
    0x5b, 0xf4, 0x0, 0xff, 0xff, 0xf4, 0x0, 0x6,
    0xff, 0xe0, 0x0,

    /* U+01D4 "ǔ" */
    0x6, 0x0, 0x14, 0x0, 0x3c, 0xb, 0x40, 0x2,
    0xe1, 0xe0, 0x0, 0xf, 0x7c, 0x0, 0x0, 0x7f,
    0x80, 0x0, 0x2, 0xf0, 0x0, 0x0, 0x0, 0x0,
    0x0, 0x0, 0x0, 0x0, 0xbc, 0x0, 0x7, 0xcb,
    0xc0, 0x0, 0x7c, 0xbc, 0x0, 0x7, 0xcb, 0xc0,
    0x0, 0x7c, 0xbc, 0x0, 0x7, 0xcb, 0xc0, 0x0,
    0x7c, 0xbc, 0x0, 0x7, 0xcb, 0xc0, 0x0, 0x7c,
    0xbc, 0x0, 0x7, 0xcb, 0xc0, 0x0, 0x7c, 0xbc,
    0x0, 0xb, 0xc7, 0xc0, 0x0, 0xfc, 0x3e, 0x0,
    0x2f, 0xc3, 0xf9, 0x5f, 0xbc, 0xf, 0xff, 0xe7,
    0xc0, 0x2f, 0xe4, 0x7c,

    /* U+01D5 "Ǖ" */
    0x0, 0xff, 0xff, 0x40, 0x0, 0x3f, 0xff, 0xd0,
    0x0, 0x0, 0x0, 0x0, 0x0, 0x0, 0x0, 0x0,
    0x0, 0x0, 0xfc, 0x1f, 0x40, 0x0, 0x3f, 0x7,
    0xd0, 0x0, 0xb, 0xc1, 0xf0, 0x0, 0x0, 0x0,
    0x0, 0x0, 0x0, 0x0, 0x0, 0x0, 0x2f, 0x0,
    0x0, 0xb, 0xcb, 0xc0, 0x0, 0x2, 0xf2, 0xf0,
    0x0, 0x0, 0xbc, 0xbc, 0x0, 0x0, 0x2f, 0x2f,
    0x0, 0x0, 0xb, 0xcb, 0xc0, 0x0, 0x2, 0xf2,
    0xf0, 0x0, 0x0, 0xbc, 0xbc, 0x0, 0x0, 0x2f,
    0x2f, 0x0, 0x0, 0xb, 0xcb, 0xc0, 0x0, 0x2,
    0xf2, 0xf0, 0x0, 0x0, 0xbc, 0xbc, 0x0, 0x0,
    0x2f, 0x2f, 0x0, 0x0, 0xb, 0xcb, 0xd0, 0x0,
    0x3, 0xf1, 0xf4, 0x0, 0x0, 0xfc, 0x7e, 0x0,
    0x0, 0x3f, 0xf, 0xc0, 0x0, 0x1f, 0x82, 0xf8,
    0x0, 0xf, 0xc0, 0x3f, 0xe5, 0x6f, 0xd0, 0x3,
    0xff, 0xff, 0xd0, 0x0, 0x1b, 0xff, 0x80, 0x0,

    /* U+01D6 "ǖ" */
    0x0, 0x0, 0x0, 0x0, 0x7f, 0xff, 0xc0, 0x7,
    0xff, 0xfc, 0x0, 0x0, 0x0, 0x0, 0x0, 0x0,
    0x0, 0x0, 0x7d, 0xf, 0xc0, 0x7, 0xd0, 0xfc,
    0x0, 0x7d, 0xf, 0x80, 0x0, 0x0, 0x0, 0x0,
    0x0, 0x0, 0x0, 0x0, 0x0, 0x0, 0xb, 0xc0,
    0x0, 0x7c, 0xbc, 0x0, 0x7, 0xcb, 0xc0, 0x0,
    0x7c, 0xbc, 0x0, 0x7, 0xcb, 0xc0, 0x0, 0x7c,
    0xbc, 0x0, 0x7, 0xcb, 0xc0, 0x0, 0x7c, 0xbc,
    0x0, 0x7, 0xcb, 0xc0, 0x0, 0x7c, 0xbc, 0x0,
    0x7, 0xcb, 0xc0, 0x0, 0xbc, 0x7c, 0x0, 0xf,
    0xc3, 0xe0, 0x2, 0xfc, 0x3f, 0x95, 0xfb, 0xc0,
    0xff, 0xfe, 0x7c, 0x2, 0xfe, 0x47, 0xc0,

    /* U+01D7 "Ǘ" */
    0x0, 0x0, 0x2f, 0x0, 0x0, 0x0, 0x1f, 0x0,
    0x0, 0x0, 0xf, 0x0, 0x0, 0x0, 0x6, 0x0,
    0x0, 0x0, 0xfc, 0x1f, 0x40, 0x0, 0x3f, 0x7,
    0xd0, 0x0, 0xb, 0xc1, 0xf4, 0x0, 0x0, 0x0,
    0x0, 0x0, 0x0, 0x0, 0x0, 0x0, 0x2f, 0x0,
    0x0, 0xb, 0xcb, 0xc0, 0x0, 0x2, 0xf2, 0xf0,
    0x0, 0x0, 0xbc, 0xbc, 0x0, 0x0, 0x2f, 0x2f,
    0x0, 0x0, 0xb, 0xcb, 0xc0, 0x0, 0x2, 0xf2,
    0xf0, 0x0, 0x0, 0xbc, 0xbc, 0x0, 0x0, 0x2f,
    0x2f, 0x0, 0x0, 0xb, 0xcb, 0xc0, 0x0, 0x2,
    0xf2, 0xf0, 0x0, 0x0, 0xbc, 0xbc, 0x0, 0x0,
    0x2f, 0x2f, 0x0, 0x0, 0xb, 0xcb, 0xd0, 0x0,
    0x3, 0xf1, 0xf4, 0x0, 0x0, 0xfc, 0x7e, 0x0,
    0x0, 0x3f, 0xf, 0xc0, 0x0, 0x1f, 0x82, 0xf8,
    0x0, 0xf, 0xc0, 0x3f, 0xe5, 0x6f, 0xd0, 0x3,
    0xff, 0xff, 0xd0, 0x0, 0x1b, 0xff, 0x80, 0x0,

    /* U+01D8 "ǘ" */
    0x0, 0x0, 0xf4, 0x0, 0x0, 0x3d, 0x0, 0x0,
    0xb, 0x80, 0x0, 0x0, 0xf0, 0x0, 0x7, 0xd0,
    0xf8, 0x0, 0x7d, 0xf, 0x80, 0x7, 0xd0, 0xf8,
    0x0, 0x0, 0x0, 0x0, 0x0, 0x0, 0x0, 0x0,
    0x0, 0x0, 0x0, 0xbc, 0x0, 0x7, 0xcb, 0xc0,
    0x0, 0x7c, 0xbc, 0x0, 0x7, 0xcb, 0xc0, 0x0,
    0x7c, 0xbc, 0x0, 0x7, 0xcb, 0xc0, 0x0, 0x7c,
    0xbc, 0x0, 0x7, 0xcb, 0xc0, 0x0, 0x7c, 0xbc,
    0x0, 0x7, 0xcb, 0xc0, 0x0, 0x7c, 0xbc, 0x0,
    0xb, 0xc7, 0xc0, 0x0, 0xfc, 0x3e, 0x0, 0x2f,
    0xc3, 0xf9, 0x5f, 0xbc, 0xf, 0xff, 0xe7, 0xc0,
    0x2f, 0xe4, 0x7c,

    /* U+01D9 "Ǚ" */
    0x0, 0xb4, 0xf, 0x0, 0x0, 0xb, 0x4f, 0x0,
    0x0, 0x0, 0xff, 0x40, 0x0, 0x0, 0xa, 0x40,
    0x0, 0x0, 0xfc, 0x1f, 0x40, 0x0, 0x3f, 0x7,
    0xd0, 0x0, 0xb, 0xc1, 0xf0, 0x0, 0x0, 0x0,
    0x0, 0x0, 0x0, 0x0, 0x0, 0x0, 0x2f, 0x0,
    0x0, 0xb, 0xcb, 0xc0, 0x0, 0x2, 0xf2, 0xf0,
    0x0, 0x0, 0xbc, 0xbc, 0x0, 0x0, 0x2f, 0x2f,
    0x0, 0x0, 0xb, 0xcb, 0xc0, 0x0, 0x2, 0xf2,
    0xf0, 0x0, 0x0, 0xbc, 0xbc, 0x0, 0x0, 0x2f,
    0x2f, 0x0, 0x0, 0xb, 0xcb, 0xc0, 0x0, 0x2,
    0xf2, 0xf0, 0x0, 0x0, 0xbc, 0xbc, 0x0, 0x0,
    0x2f, 0x2f, 0x0, 0x0, 0xb, 0xcb, 0xd0, 0x0,
    0x3, 0xf1, 0xf4, 0x0, 0x0, 0xfc, 0x7e, 0x0,
    0x0, 0x3f, 0xf, 0xc0, 0x0, 0x1f, 0x82, 0xf8,
    0x0, 0xf, 0xc0, 0x3f, 0xe5, 0x6f, 0xd0, 0x3,
    0xff, 0xff, 0xd0, 0x0, 0x1b, 0xff, 0x80, 0x0,

    /* U+01DA "ǚ" */
    0x3, 0xc0, 0x78, 0x0, 0x1e, 0x1f, 0x0, 0x0,
    0xbb, 0xc0, 0x0, 0x3, 0xf4, 0x0, 0x7, 0xd0,
    0xfc, 0x0, 0x7d, 0xf, 0xc0, 0x7, 0xd0, 0xf8,
    0x0, 0x0, 0x0, 0x0, 0x0, 0x0, 0x0, 0x0,
    0x0, 0x0, 0x0, 0xbc, 0x0, 0x7, 0xcb, 0xc0,
    0x0, 0x7c, 0xbc, 0x0, 0x7, 0xcb, 0xc0, 0x0,
    0x7c, 0xbc, 0x0, 0x7, 0xcb, 0xc0, 0x0, 0x7c,
    0xbc, 0x0, 0x7, 0xcb, 0xc0, 0x0, 0x7c, 0xbc,
    0x0, 0x7, 0xcb, 0xc0, 0x0, 0x7c, 0xbc, 0x0,
    0xb, 0xc7, 0xc0, 0x0, 0xfc, 0x3e, 0x0, 0x2f,
    0xc3, 0xf9, 0x5f, 0xbc, 0xf, 0xff, 0xe7, 0xc0,
    0x2f, 0xe4, 0x7c,

    /* U+01DB "Ǜ" */
    0x0, 0x64, 0x0, 0x0, 0x0, 0xf, 0x40, 0x0,
    0x0, 0x0, 0xf0, 0x0, 0x0, 0x0, 0x1f, 0x0,
    0x0, 0x0, 0x1, 0x80, 0x0, 0x0, 0x3f, 0x7,
    0xd0, 0x0, 0xf, 0xc1, 0xf4, 0x0, 0x2, 0xf0,
    0x7c, 0x0, 0x0, 0x0, 0x0, 0x0, 0x0, 0x0,
    0x0, 0x0, 0xb, 0xc0, 0x0, 0x2, 0xf2, 0xf0,
    0x0, 0x0, 0xbc, 0xbc, 0x0, 0x0, 0x2f, 0x2f,
    0x0, 0x0, 0xb, 0xcb, 0xc0, 0x0, 0x2, 0xf2,
    0xf0, 0x0, 0x0, 0xbc, 0xbc, 0x0, 0x0, 0x2f,
    0x2f, 0x0, 0x0, 0xb, 0xcb, 0xc0, 0x0, 0x2,
    0xf2, 0xf0, 0x0, 0x0, 0xbc, 0xbc, 0x0, 0x0,
    0x2f, 0x2f, 0x0, 0x0, 0xb, 0xcb, 0xc0, 0x0,
    0x2, 0xf2, 0xf4, 0x0, 0x0, 0xfc, 0x7d, 0x0,
    0x0, 0x3f, 0x1f, 0x80, 0x0, 0xf, 0xc3, 0xf0,
    0x0, 0x7, 0xe0, 0xbe, 0x0, 0x3, 0xf0, 0xf,
    0xf9, 0x5b, 0xf4, 0x0, 0xff, 0xff, 0xf4, 0x0,
    0x6, 0xff, 0xe0, 0x0,

    /* U+01DC "ǜ" */
    0x3, 0xe0, 0x0, 0x0, 0xf, 0x0, 0x0, 0x0,
    0x7c, 0x0, 0x0, 0x2, 0xe0, 0x0, 0x7, 0xd0,
    0xf8, 0x0, 0x7d, 0xf, 0x80, 0x7, 0xd0, 0xf8,
    0x0, 0x0, 0x0, 0x0, 0x0, 0x0, 0x0, 0x0,
    0x0, 0x0, 0x0, 0xbc, 0x0, 0x7, 0xcb, 0xc0,
    0x0, 0x7c, 0xbc, 0x0, 0x7, 0xcb, 0xc0, 0x0,
    0x7c, 0xbc, 0x0, 0x7, 0xcb, 0xc0, 0x0, 0x7c,
    0xbc, 0x0, 0x7, 0xcb, 0xc0, 0x0, 0x7c, 0xbc,
    0x0, 0x7, 0xcb, 0xc0, 0x0, 0x7c, 0xbc, 0x0,
    0xb, 0xc7, 0xc0, 0x0, 0xfc, 0x3e, 0x0, 0x2f,
    0xc3, 0xf9, 0x5f, 0xbc, 0xf, 0xff, 0xe7, 0xc0,
    0x2f, 0xe4, 0x7c,

    /* U+01DD "ǝ" */
    0x6, 0xff, 0xe4, 0x0, 0xff, 0xff, 0xf8, 0x3,
    0xe5, 0x7, 0xfc, 0x0, 0x0, 0x1, 0xf8, 0x0,
    0x0, 0x2, 0xf0, 0x0, 0x0, 0x3, 0xd0, 0x0,
    0x0, 0xf, 0x9f, 0xff, 0xff, 0xfe, 0x7f, 0xff,
    0xff, 0xf9, 0xf0, 0x0, 0x3, 0xe3, 0xd0, 0x0,
    0x1f, 0x4f, 0x80, 0x0, 0xbc, 0x2f, 0x40, 0x7,
    0xe0, 0x3f, 0x81, 0xbf, 0x0, 0x3f, 0xff, 0xf0,
    0x0, 0x1f, 0xf9, 0x0,

    /* U+01DE "Ǟ" */
    0x0, 0x0, 0x0, 0x0, 0x0, 0x0, 0xbf, 0xff,
    0x80, 0x0, 0x2, 0xff, 0xfe, 0x0, 0x0, 0x0,
    0x0, 0x0, 0x0, 0x0, 0x1f, 0x3, 0xe0, 0x0,
    0x0, 0x7d, 0xf, 0x80, 0x0, 0x1, 0xf4, 0x3e,
    0x0, 0x0, 0x0, 0x0, 0x0, 0x0, 0x0, 0x0,
    0x0, 0x0, 0x0, 0x0, 0x3, 0xf4, 0x0, 0x0,
    0x0, 0x2f, 0xe0, 0x0, 0x0, 0x0, 0xff, 0xc0,
    0x0, 0x0, 0x7, 0xdf, 0x40, 0x0, 0x0, 0x2f,
    0x3f, 0x0, 0x0, 0x0, 0xf8, 0x7c, 0x0, 0x0,
    0x7, 0xc0, 0xf8, 0x0, 0x0, 0x3f, 0x2, 0xf0,
    0x0, 0x0, 0xf4, 0x7, 0xd0, 0x0, 0xb, 0xc0,
    0xf, 0x80, 0x0, 0x3e, 0x0, 0x2f, 0x0, 0x1,
    0xf4, 0x0, 0x3d, 0x0, 0xb, 0xc0, 0x0, 0xfc,
    0x0, 0x3f, 0xff, 0xff, 0xf0, 0x1, 0xff, 0xff,
    0xff, 0xe0, 0xb, 0xd5, 0x55, 0x5f, 0xc0, 0x3e,
    0x0, 0x0, 0x1f, 0x41, 0xf4, 0x0, 0x0, 0x3e,
    0xf, 0xc0, 0x0, 0x0, 0xfc, 0x3e, 0x0, 0x0,
    0x1, 0xf6, 0xf4, 0x0, 0x0, 0x3, 0xe0,

    /* U+01DF "ǟ" */
    0x0, 0x0, 0x0, 0x0, 0x3f, 0xff, 0xc0, 0x3,
    0xff, 0xfc, 0x0, 0x0, 0x0, 0x0, 0x0, 0x0,
    0x0, 0x0, 0x3f, 0xb, 0xc0, 0x3, 0xf0, 0xbc,
    0x0, 0x3e, 0x7, 0xc0, 0x0, 0x0, 0x0, 0x0,
    0x0, 0x0, 0x0, 0x0, 0x0, 0x0, 0x0, 0x1b,
    0xfe, 0x40, 0xf, 0xff, 0xfe, 0x0, 0xe5, 0x17,
    0xf4, 0x0, 0x0, 0xb, 0xc0, 0x0, 0x0, 0x3d,
    0x0, 0x0, 0x3, 0xd0, 0x1b, 0xff, 0xfe, 0xb,
    0xff, 0xff, 0xe2, 0xf9, 0x0, 0x3e, 0x3e, 0x0,
    0x3, 0xe7, 0xd0, 0x0, 0x3e, 0x7d, 0x0, 0xb,
    0xe3, 0xe0, 0x1, 0xfe, 0x3f, 0x91, 0xbf, 0xe0,
    0xff, 0xff, 0x3e, 0x2, 0xff, 0x43, 0xe0,

    /* U+01E0 "Ǡ" */
    0x0, 0x0, 0x0, 0x0, 0x0, 0x0, 0xbf, 0xff,
    0x80, 0x0, 0x2, 0xff, 0xfe, 0x0, 0x0, 0x0,
    0x0, 0x0, 0x0, 0x0, 0x0, 0xbc, 0x0, 0x0,
    0x0, 0x3, 0xf0, 0x0, 0x0, 0x0, 0xf, 0xc0,
    0x0, 0x0, 0x0, 0x0, 0x0, 0x0, 0x0, 0x0,
    0x0, 0x0, 0x0, 0x0, 0x3, 0xf4, 0x0, 0x0,
    0x0, 0x2f, 0xe0, 0x0, 0x0, 0x0, 0xff, 0xc0,
    0x0, 0x0, 0x7, 0xdf, 0x40, 0x0, 0x0, 0x2f,
    0x3f, 0x0, 0x0, 0x0, 0xf8, 0x7c, 0x0, 0x0,
    0x7, 0xc0, 0xf8, 0x0, 0x0, 0x3f, 0x2, 0xf0,
    0x0, 0x0, 0xf4, 0x7, 0xd0, 0x0, 0xb, 0xc0,
    0xf, 0x80, 0x0, 0x3e, 0x0, 0x2f, 0x0, 0x1,
    0xf4, 0x0, 0x3d, 0x0, 0xb, 0xc0, 0x0, 0xfc,
    0x0, 0x3f, 0xff, 0xff, 0xf0, 0x1, 0xff, 0xff,
    0xff, 0xe0, 0xb, 0xd5, 0x55, 0x5f, 0xc0, 0x3e,
    0x0, 0x0, 0x1f, 0x41, 0xf4, 0x0, 0x0, 0x3e,
    0xf, 0xc0, 0x0, 0x0, 0xfc, 0x3e, 0x0, 0x0,
    0x1, 0xf6, 0xf4, 0x0, 0x0, 0x3, 0xe0,

    /* U+01E1 "ǡ" */
    0x0, 0x0, 0x0, 0x0, 0x3f, 0xff, 0xc0, 0x3,
    0xff, 0xfc, 0x0, 0x0, 0x0, 0x0, 0x0, 0x0,
    0x0, 0x0, 0x1, 0xf4, 0x0, 0x0, 0x1f, 0x40,
    0x0, 0x1, 0xf4, 0x0, 0x0, 0x0, 0x0, 0x0,
    0x0, 0x0, 0x0, 0x1, 0xbf, 0xe4, 0x0, 0xff,
    0xff, 0xe0, 0xe, 0x51, 0x7f, 0x40, 0x0, 0x0,
    0xbc, 0x0, 0x0, 0x3, 0xd0, 0x0, 0x0, 0x3d,
    0x1, 0xbf, 0xff, 0xe0, 0xbf, 0xff, 0xfe, 0x2f,
    0x90, 0x3, 0xe3, 0xe0, 0x0, 0x3e, 0x7d, 0x0,
    0x3, 0xe7, 0xd0, 0x0, 0xbe, 0x3e, 0x0, 0x1f,
    0xe3, 0xf9, 0x1b, 0xfe, 0xf, 0xff, 0xf3, 0xe0,
    0x2f, 0xf4, 0x3e,

    /* U+01E2 "Ǣ" */
    0x0, 0x0, 0x0, 0x3f, 0xff, 0xc0, 0x0, 0x0,
    0x0, 0x3, 0xff, 0xfc, 0x0, 0x0, 0x0, 0x0,
    0x0, 0x0, 0x0, 0x0, 0x0, 0x0, 0x0, 0x0,
    0x0, 0x0, 0x0, 0x0, 0x0, 0x0, 0x0, 0x0,
    0x0, 0x0, 0xb, 0xff, 0xff, 0xff, 0xfc, 0x0,
    0x0, 0xff, 0xff, 0xff, 0xff, 0xc0, 0x0, 0x1f,
    0x9f, 0xd5, 0x55, 0x54, 0x0, 0x3, 0xf0, 0xbc,
    0x0, 0x0, 0x0, 0x0, 0x3e, 0xb, 0xc0, 0x0,
    0x0, 0x0, 0xb, 0xc0, 0xbc, 0x0, 0x0, 0x0,
    0x0, 0xfc, 0xb, 0xc0, 0x0, 0x0, 0x0, 0x1f,
    0x40, 0xbc, 0x0, 0x0, 0x0, 0x3, 0xf0, 0xb,
    0xd5, 0x55, 0x54, 0x0, 0x3e, 0x0, 0xbf, 0xff,
    0xff, 0xc0, 0xb, 0xc0, 0xb, 0xff, 0xff, 0xfc,
    0x0, 0xf8, 0x0, 0xbc, 0x0, 0x0, 0x0, 0x1f,
    0x40, 0xb, 0xc0, 0x0, 0x0, 0x3, 0xff, 0xff,
    0xfc, 0x0, 0x0, 0x0, 0x3f, 0xff, 0xff, 0xc0,
    0x0, 0x0, 0xb, 0xd5, 0x55, 0xfc, 0x0, 0x0,
    0x0, 0xf8, 0x0, 0xb, 0xc0, 0x0, 0x0, 0x1f,
    0x40, 0x0, 0xbc, 0x0, 0x0, 0x3, 0xf0, 0x0,
    0xb, 0xd5, 0x55, 0x54, 0x7d, 0x0, 0x0, 0xbf,
    0xff, 0xff, 0xdb, 0xc0, 0x0, 0xb, 0xff, 0xff,
    0xfd,

    /* U+01E3 "ǣ" */
    0x0, 0x0, 0x7f, 0xff, 0xc0, 0x0, 0x0, 0x0,
    0x7, 0xff, 0xfc, 0x0, 0x0, 0x0, 0x0, 0x0,
    0x0, 0x0, 0x0, 0x0, 0x0, 0x0, 0x0, 0x0,
    0x0, 0x0, 0x0, 0x0, 0x0, 0x0, 0x0, 0x0,
    0x0, 0x1b, 0xfe, 0x0, 0x1f, 0xf9, 0x0, 0xf,
    0xff, 0xfe, 0x1f, 0xff, 0xf8, 0x0, 0xe5, 0x17,
    0xfb, 0xf5, 0x1b, 0xe0, 0x0, 0x0, 0xb, 0xf8,
    0x0, 0x1f, 0x40, 0x0, 0x0, 0x3f, 0x0, 0x0,
    0xf8, 0x0, 0x0, 0x3, 0xe0, 0x0, 0xb, 0xc0,
    0x1b, 0xff, 0xff, 0xff, 0xff, 0xfc, 0xb, 0xff,
    0xff, 0xff, 0xff, 0xff, 0xc2, 0xf9, 0x0, 0x3e,
    0x0, 0x0, 0x0, 0x3e, 0x0, 0x3, 0xe0, 0x0,
    0x0, 0x7, 0xd0, 0x0, 0x3f, 0x0, 0x0, 0x0,
    0x7d, 0x0, 0xb, 0xf4, 0x0, 0x0, 0x3, 0xe0,
    0x1, 0xff, 0xc0, 0x0, 0x14, 0x3f, 0x91, 0xbd,
    0x3f, 0x90, 0x6f, 0x40, 0xff, 0xff, 0x40, 0xff,
    0xff, 0xf4, 0x2, 0xff, 0x80, 0x1, 0xbf, 0xe4,
    0x0,

    /* U+01E4 "Ǥ" */
    0x0, 0x6, 0xff, 0xe4, 0x0, 0x0, 0xf, 0xff,
    0xff, 0xe0, 0x0, 0x1f, 0xf9, 0x56, 0xff, 0x0,
    0x1f, 0xd0, 0x0, 0x7, 0xc0, 0xf, 0xd0, 0x0,
    0x0, 0x10, 0x7, 0xe0, 0x0, 0x0, 0x0, 0x3,
    0xf0, 0x0, 0x0, 0x0, 0x0, 0xfc, 0x0, 0x0,
    0x0, 0x0, 0x7e, 0x0, 0x0, 0x0, 0x0, 0x1f,
    0x80, 0x0, 0x55, 0x54, 0x7, 0xd0, 0x0, 0x3f,
    0xff, 0x41, 0xf8, 0x0, 0xf, 0xff, 0xd0, 0x7e,
    0x0, 0x0, 0x1, 0xf4, 0xf, 0xc0, 0x0, 0x0,
    0x7d, 0x3, 0xf0, 0x0, 0xf, 0xff, 0xf0, 0x7e,
    0x0, 0x0, 0x7, 0xe0, 0xf, 0xd0, 0x0, 0x1,
    0xf4, 0x1, 0xfd, 0x0, 0x0, 0x7d, 0x0, 0x1f,
    0xf9, 0x56, 0xff, 0x40, 0x1, 0xff, 0xff, 0xff,
    0x0, 0x0, 0x6, 0xff, 0xe4, 0x0, 0x0,

    /* U+01E5 "ǥ" */
    0x0, 0xbf, 0xd1, 0xf0, 0x0, 0xff, 0xfe, 0x7c,
    0x0, 0xfe, 0x46, 0xff, 0x0, 0xbd, 0x0, 0x2f,
    0xc0, 0x3f, 0x0, 0x3, 0xf0, 0xf, 0x40, 0x0,
    0xbc, 0x7, 0xd0, 0x0, 0x1f, 0x1, 0xf0, 0x0,
    0x7, 0xc0, 0x7c, 0x0, 0x1, 0xf0, 0x1f, 0x0,
    0x0, 0x7c, 0x3, 0xd0, 0x0, 0x2f, 0x0, 0xfc,
    0x0, 0xf, 0xc0, 0x2f, 0x40, 0xb, 0xf0, 0x3,
    0xf9, 0x1b, 0xfc, 0x0, 0x3f, 0xff, 0x9f, 0x0,
    0x2, 0xff, 0x47, 0xc0, 0x0, 0x0, 0x1, 0xf0,
    0x2, 0xff, 0xff, 0xff, 0xd0, 0x0, 0x0, 0x7d,
    0x0, 0x2d, 0x1, 0xbf, 0x0, 0xb, 0xff, 0xff,
    0x0, 0x0, 0x6f, 0xf9, 0x0, 0x0,

    /* U+01E6 "Ǧ" */
    0x0, 0x7, 0x80, 0xb4, 0x0, 0x0, 0xb, 0x87,
    0x80, 0x0, 0x0, 0xf, 0xbc, 0x0, 0x0, 0x0,
    0xf, 0xc0, 0x0, 0x0, 0x0, 0x0, 0x0, 0x0,
    0x0, 0x0, 0x0, 0x0, 0x0, 0x0, 0x6f, 0xfe,
    0x40, 0x0, 0xf, 0xff, 0xff, 0xe0, 0x1, 0xff,
    0x95, 0x6f, 0xf0, 0x1f, 0xd0, 0x0, 0x7, 0xc0,
    0xfd, 0x0, 0x0, 0x1, 0x7, 0xe0, 0x0, 0x0,
    0x0, 0x3f, 0x0, 0x0, 0x0, 0x0, 0xfc, 0x0,
    0x0, 0x0, 0x7, 0xe0, 0x0, 0x0, 0x0, 0x1f,
    0x80, 0x0, 0x55, 0x54, 0x7d, 0x0, 0x3, 0xff,
    0xf5, 0xf8, 0x0, 0xf, 0xff, 0xd7, 0xe0, 0x0,
    0x0, 0x1f, 0x4f, 0xc0, 0x0, 0x0, 0x7d, 0x3f,
    0x0, 0x0, 0x1, 0xf4, 0x7e, 0x0, 0x0, 0x7,
    0xd0, 0xfd, 0x0, 0x0, 0x1f, 0x41, 0xfd, 0x0,
    0x0, 0x7d, 0x1, 0xff, 0x95, 0x6f, 0xf4, 0x1,
    0xff, 0xff, 0xff, 0x0, 0x0, 0x6f, 0xfe, 0x40,
    0x0,

    /* U+01E7 "ǧ" */
    0x2, 0x40, 0x18, 0x0, 0xb, 0x41, 0xe0, 0x0,
    0xf, 0xf, 0x0, 0x0, 0x1f, 0xf4, 0x0, 0x0,
    0x2f, 0x80, 0x0, 0x0, 0x28, 0x0, 0x0, 0x0,
    0x0, 0x0, 0x0, 0x2f, 0xf4, 0x7c, 0x3, 0xff,
    0xf9, 0xf0, 0x3f, 0x91, 0xbf, 0xc2, 0xf4, 0x0,
    0xbf, 0xf, 0xc0, 0x0, 0xfc, 0x3d, 0x0, 0x2,
    0xf1, 0xf4, 0x0, 0x7, 0xc7, 0xc0, 0x0, 0x1f,
    0x1f, 0x0, 0x0, 0x7c, 0x7c, 0x0, 0x1, 0xf0,
    0xf4, 0x0, 0xb, 0xc3, 0xf0, 0x0, 0x3f, 0xb,
    0xd0, 0x2, 0xfc, 0xf, 0xe4, 0x6f, 0xf0, 0xf,
    0xff, 0xe7, 0xc0, 0xb, 0xfd, 0x1f, 0x0, 0x0,
    0x0, 0xbc, 0x0, 0x0, 0x3, 0xf0, 0x0, 0x0,
    0x2f, 0x40, 0xb4, 0x6, 0xfc, 0x2, 0xff, 0xff,
    0xc0, 0x1, 0xbf, 0xe4, 0x0,

    /* U+01E8 "Ǩ" */
    0x1, 0x40, 0x14, 0x0, 0x0, 0x3c, 0x1e, 0x0,
    0x0, 0x7, 0xde, 0x0, 0x0, 0x0, 0x7f, 0x0,
    0x0, 0x0, 0x0, 0x0, 0x0, 0x0, 0x0, 0x0,
    0x0, 0x7, 0xe0, 0x0, 0xf, 0xe1, 0xf8, 0x0,
    0xf, 0xe0, 0x7e, 0x0, 0xf, 0xe0, 0x1f, 0x80,
    0xf, 0xe0, 0x7, 0xe0, 0xf, 0xe0, 0x1, 0xf8,
    0xf, 0xe0, 0x0, 0x7e, 0xf, 0xe0, 0x0, 0x1f,
    0x8f, 0xd0, 0x0, 0x7, 0xef, 0xd0, 0x0, 0x1,
    0xff, 0xd0, 0x0, 0x0, 0x7f, 0xf8, 0x0, 0x0,
    0x1f, 0xbf, 0x80, 0x0, 0x7, 0xe3, 0xf8, 0x0,
    0x1, 0xf8, 0x3f, 0x80, 0x0, 0x7e, 0x3, 0xf8,
    0x0, 0x1f, 0x80, 0x3f, 0x80, 0x7, 0xe0, 0x3,
    0xf8, 0x1, 0xf8, 0x0, 0x3f, 0x80, 0x7e, 0x0,
    0x3, 0xf8, 0x1f, 0x80, 0x0, 0x3f, 0x47, 0xe0,
    0x0, 0x3, 0xf4,

    /* U+01E9 "ǩ" */
    0x14, 0x1, 0x40, 0x0, 0x1, 0xe0, 0xf0, 0x0,
    0x0, 0xb, 0xbd, 0x0, 0x0, 0x0, 0x3f, 0x80,
    0x0, 0x0, 0x0, 0x0, 0x0, 0x0, 0x0, 0x1f,
    0x0, 0x0, 0x0, 0x1, 0xf0, 0x0, 0x0, 0x0,
    0x1f, 0x0, 0x0, 0x0, 0x1, 0xf0, 0x0, 0x0,
    0x0, 0x1f, 0x0, 0x0, 0x0, 0x1, 0xf0, 0x0,
    0x0, 0x0, 0x1f, 0x0, 0x3, 0xf4, 0x1, 0xf0,
    0x0, 0xfc, 0x0, 0x1f, 0x0, 0x3f, 0x0, 0x1,
    0xf0, 0x1f, 0xc0, 0x0, 0x1f, 0x7, 0xf0, 0x0,
    0x1, 0xf1, 0xfc, 0x0, 0x0, 0x1f, 0xbe, 0x0,
    0x0, 0x1, 0xff, 0xc0, 0x0, 0x0, 0x1f, 0xbe,
    0x0, 0x0, 0x1, 0xf2, 0xf8, 0x0, 0x0, 0x1f,
    0xb, 0xe0, 0x0, 0x1, 0xf0, 0x2f, 0x80, 0x0,
    0x1f, 0x0, 0xbe, 0x0, 0x1, 0xf0, 0x2, 0xf8,
    0x0, 0x1f, 0x0, 0xb, 0xe0, 0x1, 0xf0, 0x0,
    0x2f, 0x80,

    /* U+01EA "Ǫ" */
    0x0, 0x6, 0xff, 0x90, 0x0, 0x0, 0x7f, 0xff,
    0xfd, 0x0, 0x1, 0xff, 0x55, 0xff, 0x40, 0x7,
    0xf4, 0x0, 0x1f, 0xd0, 0xf, 0xd0, 0x0, 0x7,
    0xf0, 0x1f, 0x80, 0x0, 0x2, 0xf8, 0x3f, 0x0,
    0x0, 0x0, 0xfc, 0x3f, 0x0, 0x0, 0x0, 0xfc,
    0x7e, 0x0, 0x0, 0x0, 0xbd, 0x7e, 0x0, 0x0,
    0x0, 0xbd, 0x7d, 0x0, 0x0, 0x0, 0x7d, 0x7e,
    0x0, 0x0, 0x0, 0xbd, 0x7e, 0x0, 0x0, 0x0,
    0xbd, 0x3f, 0x0, 0x0, 0x0, 0xfc, 0x3f, 0x0,
    0x0, 0x0, 0xfc, 0x1f, 0x80, 0x0, 0x2, 0xf8,
    0xf, 0xd0, 0x0, 0x3, 0xf0, 0x7, 0xf4, 0x0,
    0x1f, 0xd0, 0x1, 0xff, 0x55, 0xff, 0x40, 0x0,
    0x7f, 0xff, 0xfd, 0x0, 0x0, 0x6, 0xff, 0x90,
    0x0, 0x0, 0x0, 0x74, 0x0, 0x0, 0x0, 0x0,
    0xf0, 0x0, 0x0, 0x0, 0x0, 0xe0, 0x0, 0x0,
    0x0, 0x0, 0xf0, 0x0, 0x0, 0x0, 0x0, 0xff,
    0xc0, 0x0, 0x0, 0x0, 0x3f, 0x80, 0x0,

    /* U+01EB "ǫ" */
    0x0, 0x6f, 0xf4, 0x0, 0xf, 0xff, 0xfc, 0x0,
    0xff, 0x46, 0xfc, 0x7, 0xe0, 0x2, 0xf8, 0x3f,
    0x0, 0x3, 0xf0, 0xf8, 0x0, 0x7, 0xd7, 0xd0,
    0x0, 0xf, 0x5f, 0x0, 0x0, 0x3e, 0x7c, 0x0,
    0x0, 0xf9, 0xf4, 0x0, 0x3, 0xd3, 0xe0, 0x0,
    0x1f, 0x4f, 0xc0, 0x0, 0xfc, 0x1f, 0x80, 0x7,
    0xe0, 0x3f, 0x91, 0xbf, 0x0, 0x3f, 0xff, 0xf0,
    0x0, 0x1b, 0xfd, 0x0, 0x0, 0xf, 0x0, 0x0,
    0x0, 0x74, 0x0, 0x0, 0x2, 0xc0, 0x0, 0x0,
    0xb, 0x40, 0x0, 0x0, 0x1f, 0xf4, 0x0, 0x0,
    0x2f, 0xd0, 0x0,

    /* U+01EC "Ǭ" */
    0x0, 0x0, 0x0, 0x0, 0x0, 0x0, 0xf, 0xff,
    0xf0, 0x0, 0x0, 0xf, 0xff, 0xf0, 0x0, 0x0,
    0x0, 0x0, 0x0, 0x0, 0x0, 0x0, 0x0, 0x0,
    0x0, 0x0, 0x6, 0xff, 0x90, 0x0, 0x0, 0x7f,
    0xff, 0xfd, 0x0, 0x1, 0xff, 0x55, 0xff, 0x40,
    0x7, 0xf4, 0x0, 0x1f, 0xd0, 0xf, 0xd0, 0x0,
    0x7, 0xf0, 0x1f, 0x80, 0x0, 0x2, 0xf8, 0x3f,
    0x0, 0x0, 0x0, 0xfc, 0x3f, 0x0, 0x0, 0x0,
    0xfc, 0x7e, 0x0, 0x0, 0x0, 0xbd, 0x7e, 0x0,
    0x0, 0x0, 0xbd, 0x7d, 0x0, 0x0, 0x0, 0x7d,
    0x7e, 0x0, 0x0, 0x0, 0xbd, 0x7e, 0x0, 0x0,
    0x0, 0xbd, 0x3f, 0x0, 0x0, 0x0, 0xfc, 0x3f,
    0x0, 0x0, 0x0, 0xfc, 0x1f, 0x80, 0x0, 0x2,
    0xf8, 0xf, 0xd0, 0x0, 0x3, 0xf0, 0x7, 0xf4,
    0x0, 0x1f, 0xd0, 0x1, 0xff, 0x55, 0xff, 0x40,
    0x0, 0x7f, 0xff, 0xfd, 0x0, 0x0, 0x6, 0xff,
    0x90, 0x0, 0x0, 0x0, 0x74, 0x0, 0x0, 0x0,
    0x0, 0xf0, 0x0, 0x0, 0x0, 0x0, 0xe0, 0x0,
    0x0, 0x0, 0x0, 0xf0, 0x0, 0x0, 0x0, 0x0,
    0xff, 0xc0, 0x0, 0x0, 0x0, 0x3f, 0x80, 0x0,

    /* U+01ED "ǭ" */
    0x2, 0xff, 0xfe, 0x0, 0xb, 0xff, 0xf8, 0x0,
    0x0, 0x0, 0x0, 0x0, 0x0, 0x0, 0x0, 0x0,
    0x0, 0x0, 0x0, 0x0, 0x0, 0x0, 0x0, 0x6,
    0xff, 0x40, 0x0, 0xff, 0xff, 0xc0, 0xf, 0xf4,
    0x6f, 0xc0, 0x7e, 0x0, 0x2f, 0x83, 0xf0, 0x0,
    0x3f, 0xf, 0x80, 0x0, 0x7d, 0x7d, 0x0, 0x0,
    0xf5, 0xf0, 0x0, 0x3, 0xe7, 0xc0, 0x0, 0xf,
    0x9f, 0x40, 0x0, 0x3d, 0x3e, 0x0, 0x1, 0xf4,
    0xfc, 0x0, 0xf, 0xc1, 0xf8, 0x0, 0x7e, 0x3,
    0xf9, 0x1b, 0xf0, 0x3, 0xff, 0xff, 0x0, 0x1,
    0xbf, 0xd0, 0x0, 0x0, 0xf0, 0x0, 0x0, 0x7,
    0x40, 0x0, 0x0, 0x2c, 0x0, 0x0, 0x0, 0xb4,
    0x0, 0x0, 0x1, 0xff, 0x40, 0x0, 0x2, 0xfd,
    0x0,

    /* U+01EE "Ǯ" */
    0x0, 0x90, 0x9, 0x0, 0x0, 0xf0, 0x3c, 0x0,
    0x0, 0x3c, 0xf4, 0x0, 0x0, 0x1f, 0xe0, 0x0,
    0x0, 0x6, 0x40, 0x0, 0x0, 0x0, 0x0, 0x0,
    0x0, 0x0, 0x0, 0x0, 0xff, 0xff, 0xff, 0xf0,
    0xff, 0xff, 0xff, 0xf0, 0x55, 0x55, 0x5b, 0xf0,
    0x0, 0x0, 0x1f, 0xc0, 0x0, 0x0, 0x3f, 0x0,
    0x0, 0x0, 0xfc, 0x0, 0x0, 0x3, 0xf0, 0x0,
    0x0, 0xf, 0xc0, 0x0, 0x0, 0x1f, 0xf9, 0x0,
    0x0, 0x2f, 0xff, 0x80, 0x0, 0x5, 0x6f, 0xf0,
    0x0, 0x0, 0x2, 0xf8, 0x0, 0x0, 0x0, 0xfc,
    0x0, 0x0, 0x0, 0x7d, 0x0, 0x0, 0x0, 0x7d,
    0x0, 0x0, 0x0, 0x7d, 0x0, 0x0, 0x0, 0xfc,
    0x50, 0x0, 0x2, 0xf8, 0x7f, 0x95, 0x6f, 0xf0,
    0x7f, 0xff, 0xff, 0xc0, 0x6, 0xff, 0xf9, 0x0,

    /* U+01EF "ǯ" */
    0xb, 0x40, 0xb4, 0x0, 0x3c, 0xf, 0x0, 0x1,
    0xe3, 0xc0, 0x0, 0xf, 0xf8, 0x0, 0x0, 0x7f,
    0x0, 0x0, 0x1, 0x90, 0x0, 0x0, 0x0, 0x0,
    0xb, 0xff, 0xff, 0xf4, 0xbf, 0xff, 0xff, 0x40,
    0x0, 0x3, 0xf4, 0x0, 0x0, 0xbd, 0x0, 0x0,
    0x1f, 0x80, 0x0, 0x7, 0xf0, 0x0, 0x0, 0xfc,
    0x0, 0x0, 0x3f, 0x0, 0x0, 0xf, 0xd0, 0x0,
    0x1, 0xff, 0x90, 0x0, 0x1f, 0xff, 0xc0, 0x0,
    0x55, 0xff, 0x0, 0x0, 0x1, 0xfc, 0x0, 0x0,
    0xb, 0xd0, 0x0, 0x0, 0x3e, 0x0, 0x0, 0x3,
    0xe0, 0x0, 0x0, 0x3e, 0x0, 0x0, 0xb, 0xd4,
    0x0, 0x1, 0xfc, 0xfe, 0x56, 0xff, 0x4f, 0xff,
    0xff, 0xd0, 0x1b, 0xff, 0x90, 0x0,

    /* U+01F0 "ǰ" */
    0x3c, 0x3, 0xc1, 0xe0, 0xb4, 0xf, 0x5f, 0x0,
    0x3f, 0xc0, 0x2, 0xf8, 0x0, 0xa, 0x0, 0x0,
    0x0, 0x0, 0x1f, 0x0, 0x1, 0xf0, 0x0, 0x1f,
    0x0, 0x1, 0xf0, 0x0, 0x1f, 0x0, 0x1, 0xf0,
    0x0, 0x1f, 0x0, 0x1, 0xf0, 0x0, 0x1f, 0x0,
    0x1, 0xf0, 0x0, 0x1f, 0x0, 0x1, 0xf0, 0x0,
    0x1f, 0x0, 0x1, 0xf0, 0x0, 0x1f, 0x0, 0x1,
    0xf0, 0x0, 0x1f, 0x0, 0x1, 0xf0, 0x0, 0x2f,
    0x0, 0x7, 0xe0, 0xb, 0xfc, 0x0, 0xbe, 0x0,
    0x0,

    /* U+01F1 "Ǳ" */
    0x7f, 0xff, 0xf9, 0x0, 0x2, 0xff, 0xff, 0xff,
    0xfe, 0x7f, 0xff, 0xff, 0xe0, 0x2, 0xff, 0xff,
    0xff, 0xfe, 0x7e, 0x55, 0x6f, 0xfc, 0x0, 0x55,
    0x55, 0x55, 0xfd, 0x7e, 0x0, 0x1, 0xff, 0x0,
    0x0, 0x0, 0x3, 0xf4, 0x7e, 0x0, 0x0, 0x3f,
    0x80, 0x0, 0x0, 0xb, 0xe0, 0x7e, 0x0, 0x0,
    0xf, 0xc0, 0x0, 0x0, 0x1f, 0xc0, 0x7e, 0x0,
    0x0, 0xb, 0xd0, 0x0, 0x0, 0x3f, 0x0, 0x7e,
    0x0, 0x0, 0x7, 0xe0, 0x0, 0x0, 0xfd, 0x0,
    0x7e, 0x0, 0x0, 0x3, 0xf0, 0x0, 0x2, 0xf8,
    0x0, 0x7e, 0x0, 0x0, 0x3, 0xf0, 0x0, 0xb,
    0xf0, 0x0, 0x7e, 0x0, 0x0, 0x3, 0xf0, 0x0,
    0x1f, 0xc0, 0x0, 0x7e, 0x0, 0x0, 0x3, 0xf0,
    0x0, 0x3f, 0x0, 0x0, 0x7e, 0x0, 0x0, 0x3,
    0xf0, 0x0, 0xfd, 0x0, 0x0, 0x7e, 0x0, 0x0,
    0x7, 0xe0, 0x2, 0xf8, 0x0, 0x0, 0x7e, 0x0,
    0x0, 0xb, 0xd0, 0x7, 0xf0, 0x0, 0x0, 0x7e,
    0x0, 0x0, 0xf, 0xc0, 0xf, 0xc0, 0x0, 0x0,
    0x7e, 0x0, 0x0, 0x3f, 0x80, 0x3f, 0x40, 0x0,
    0x0, 0x7e, 0x0, 0x1, 0xff, 0x0, 0xfe, 0x0,
    0x0, 0x0, 0x7e, 0x55, 0x6f, 0xfc, 0x2, 0xfd,
    0x55, 0x55, 0x55, 0x7f, 0xff, 0xff, 0xe0, 0x3,
    0xff, 0xff, 0xff, 0xff, 0x7f, 0xff, 0xf9, 0x0,
    0x3, 0xff, 0xff, 0xff, 0xff,

    /* U+01F2 "ǲ" */
    0x7f, 0xff, 0xf9, 0x0, 0x0, 0x0, 0x0, 0x0,
    0x7f, 0xff, 0xff, 0xe0, 0x0, 0x0, 0x0, 0x0,
    0x7e, 0x55, 0x6f, 0xfc, 0x0, 0x0, 0x0, 0x0,
    0x7e, 0x0, 0x0, 0xff, 0x0, 0x0, 0x0, 0x0,
    0x7e, 0x0, 0x0, 0x3f, 0x80, 0x0, 0x0, 0x0,
    0x7e, 0x0, 0x0, 0xf, 0xc0, 0xff, 0xff, 0xff,
    0x7e, 0x0, 0x0, 0xb, 0xd0, 0xff, 0xff, 0xff,
    0x7e, 0x0, 0x0, 0x7, 0xe0, 0x0, 0x0, 0x7e,
    0x7e, 0x0, 0x0, 0x3, 0xf0, 0x0, 0x0, 0xfc,
    0x7e, 0x0, 0x0, 0x3, 0xf0, 0x0, 0x3, 0xf0,
    0x7e, 0x0, 0x0, 0x3, 0xf0, 0x0, 0xb, 0xd0,
    0x7e, 0x0, 0x0, 0x3, 0xf0, 0x0, 0x2f, 0x80,
    0x7e, 0x0, 0x0, 0x3, 0xf0, 0x0, 0x7e, 0x0,
    0x7e, 0x0, 0x0, 0x7, 0xe0, 0x0, 0xfc, 0x0,
    0x7e, 0x0, 0x0, 0xb, 0xd0, 0x3, 0xf0, 0x0,
    0x7e, 0x0, 0x0, 0xf, 0xc0, 0xf, 0xd0, 0x0,
    0x7e, 0x0, 0x0, 0x3f, 0x80, 0x2f, 0x40, 0x0,
    0x7e, 0x0, 0x0, 0xff, 0x0, 0x7e, 0x0, 0x0,
    0x7e, 0x55, 0x6f, 0xfc, 0x0, 0xfc, 0x0, 0x0,
    0x7f, 0xff, 0xff, 0xe0, 0x1, 0xff, 0xff, 0xff,
    0x7f, 0xff, 0xf9, 0x0, 0x1, 0xff, 0xff, 0xff,

    /* U+01F3 "ǳ" */
    0x0, 0x0, 0x1, 0xf0, 0x0, 0x0, 0x0, 0x0,
    0x0, 0x0, 0x7c, 0x0, 0x0, 0x0, 0x0, 0x0,
    0x0, 0x1f, 0x0, 0x0, 0x0, 0x0, 0x0, 0x0,
    0x7, 0xc0, 0x0, 0x0, 0x0, 0x0, 0x0, 0x1,
    0xf0, 0x0, 0x0, 0x0, 0x0, 0x0, 0x0, 0x7c,
    0x0, 0x0, 0x0, 0x0, 0xb, 0xfd, 0x1f, 0x3,
    0xff, 0xff, 0xfc, 0xf, 0xff, 0xf7, 0xc0, 0xff,
    0xff, 0xff, 0xf, 0xe4, 0x6f, 0xf0, 0x0, 0x0,
    0x1f, 0xc7, 0xd0, 0x2, 0xfc, 0x0, 0x0, 0xf,
    0xc3, 0xf0, 0x0, 0x3f, 0x0, 0x0, 0xf, 0xd0,
    0xf4, 0x0, 0xb, 0xc0, 0x0, 0xb, 0xd0, 0x7d,
    0x0, 0x1, 0xf0, 0x0, 0x7, 0xe0, 0x1f, 0x0,
    0x0, 0x7c, 0x0, 0x7, 0xf0, 0x7, 0xc0, 0x0,
    0x1f, 0x0, 0x3, 0xf0, 0x1, 0xf4, 0x0, 0x7,
    0xc0, 0x3, 0xf0, 0x0, 0x3d, 0x0, 0x2, 0xf0,
    0x2, 0xf4, 0x0, 0xf, 0xc0, 0x0, 0xfc, 0x2,
    0xf8, 0x0, 0x2, 0xf4, 0x0, 0xbf, 0x1, 0xf8,
    0x0, 0x0, 0x3f, 0x91, 0xbf, 0xc0, 0xfc, 0x0,
    0x0, 0x3, 0xff, 0xfd, 0xf0, 0x7f, 0xff, 0xff,
    0xc0, 0x2f, 0xf4, 0x7c, 0x1f, 0xff, 0xff, 0xf0,

    /* U+01F4 "Ǵ" */
    0x0, 0x0, 0xb, 0xc0, 0x0, 0x0, 0x0, 0x7c,
    0x0, 0x0, 0x0, 0x3, 0xc0, 0x0, 0x0, 0x0,
    0x2d, 0x0, 0x0, 0x0, 0x0, 0x0, 0x0, 0x0,
    0x0, 0x0, 0x0, 0x0, 0x0, 0x0, 0x6f, 0xfe,
    0x40, 0x0, 0xf, 0xff, 0xff, 0xe0, 0x1, 0xff,
    0x95, 0x6f, 0xf0, 0x1f, 0xd0, 0x0, 0x7, 0xc0,
    0xfd, 0x0, 0x0, 0x1, 0x7, 0xe0, 0x0, 0x0,
    0x0, 0x3f, 0x0, 0x0, 0x0, 0x0, 0xfc, 0x0,
    0x0, 0x0, 0x7, 0xe0, 0x0, 0x0, 0x0, 0x1f,
    0x80, 0x0, 0x55, 0x54, 0x7d, 0x0, 0x3, 0xff,
    0xf5, 0xf8, 0x0, 0xf, 0xff, 0xd7, 0xe0, 0x0,
    0x0, 0x1f, 0x4f, 0xc0, 0x0, 0x0, 0x7d, 0x3f,
    0x0, 0x0, 0x1, 0xf4, 0x7e, 0x0, 0x0, 0x7,
    0xd0, 0xfd, 0x0, 0x0, 0x1f, 0x41, 0xfd, 0x0,
    0x0, 0x7d, 0x1, 0xff, 0x95, 0x6f, 0xf4, 0x1,
    0xff, 0xff, 0xff, 0x0, 0x0, 0x6f, 0xfe, 0x40,
    0x0,

    /* U+01F5 "ǵ" */
    0x0, 0x0, 0x64, 0x0, 0x0, 0xb, 0xc0, 0x0,
    0x0, 0x7c, 0x0, 0x0, 0x3, 0xd0, 0x0, 0x0,
    0x3d, 0x0, 0x0, 0x0, 0x90, 0x0, 0x0, 0x0,
    0x0, 0x0, 0x0, 0x2f, 0xf4, 0x7c, 0x3, 0xff,
    0xf9, 0xf0, 0x3f, 0x91, 0xbf, 0xc2, 0xf4, 0x0,
    0xbf, 0xf, 0xc0, 0x0, 0xfc, 0x3d, 0x0, 0x2,
    0xf1, 0xf4, 0x0, 0x7, 0xc7, 0xc0, 0x0, 0x1f,
    0x1f, 0x0, 0x0, 0x7c, 0x7c, 0x0, 0x1, 0xf0,
    0xf4, 0x0, 0xb, 0xc3, 0xf0, 0x0, 0x3f, 0xb,
    0xd0, 0x2, 0xfc, 0xf, 0xe4, 0x6f, 0xf0, 0xf,
    0xff, 0xe7, 0xc0, 0xb, 0xfd, 0x1f, 0x0, 0x0,
    0x0, 0xbc, 0x0, 0x0, 0x3, 0xf0, 0x0, 0x0,
    0x2f, 0x40, 0xb4, 0x6, 0xfc, 0x2, 0xff, 0xff,
    0xc0, 0x1, 0xbf, 0xe4, 0x0,

    /* U+01F6 "Ƕ" */
    0x7e, 0x0, 0x0, 0x1f, 0x40, 0x0, 0x1, 0xf8,
    0x0, 0x0, 0x7d, 0x0, 0x0, 0x7, 0xe0, 0x0,
    0x1, 0xf4, 0x0, 0x0, 0x1f, 0x80, 0x0, 0x7,
    0xd0, 0x0, 0x0, 0x7e, 0x0, 0x0, 0x1f, 0x40,
    0x0, 0x1, 0xf8, 0x0, 0x0, 0x7d, 0x0, 0x3,
    0xe7, 0xe0, 0x0, 0x1, 0xf4, 0x0, 0xf, 0x9f,
    0x80, 0x0, 0x7, 0xd0, 0x0, 0x3e, 0x7f, 0xff,
    0xff, 0xff, 0x40, 0x0, 0xf9, 0xff, 0xff, 0xff,
    0xfd, 0x0, 0x3, 0xe7, 0xe5, 0x55, 0x56, 0xf4,
    0x0, 0xf, 0x9f, 0x80, 0x0, 0x7, 0xd0, 0x0,
    0x3e, 0x7e, 0x0, 0x0, 0x1f, 0x40, 0x0, 0xf9,
    0xf8, 0x0, 0x0, 0x7d, 0x0, 0x3, 0xe7, 0xe0,
    0x0, 0x1, 0xf4, 0x0, 0xf, 0x9f, 0x80, 0x0,
    0x7, 0xd0, 0x0, 0x3e, 0x7e, 0x0, 0x0, 0xf,
    0x80, 0x1, 0xf5, 0xf8, 0x0, 0x0, 0x3f, 0x0,
    0xf, 0xc7, 0xe0, 0x0, 0x0, 0xbf, 0x55, 0xfe,
    0x1f, 0x80, 0x0, 0x0, 0xff, 0xff, 0xf0, 0x7e,
    0x0, 0x0, 0x0, 0x6f, 0xfd, 0x0,

    /* U+01F7 "Ƿ" */
    0x7e, 0x6, 0xff, 0x80, 0x7e, 0x3f, 0xff, 0xf0,
    0x7e, 0xff, 0xaf, 0xfc, 0x7f, 0xf4, 0x1, 0xfc,
    0x7f, 0xc0, 0x0, 0xbd, 0x7f, 0x0, 0x0, 0x7e,
    0x7e, 0x0, 0x0, 0x7d, 0x7e, 0x0, 0x0, 0x7c,
    0x7e, 0x0, 0x0, 0xfc, 0x7e, 0x0, 0x1, 0xf4,
    0x7e, 0x0, 0x7, 0xf0, 0x7e, 0x0, 0x1f, 0xc0,
    0x7e, 0x0, 0x7f, 0x0, 0x7e, 0x2, 0xfc, 0x0,
    0x7e, 0xf, 0xf0, 0x0, 0x7e, 0x7f, 0x80, 0x0,
    0x7f, 0xfd, 0x0, 0x0, 0x7f, 0xe0, 0x0, 0x0,
    0x7f, 0x40, 0x0, 0x0, 0x7e, 0x0, 0x0, 0x0,
    0x7e, 0x0, 0x0, 0x0, 0x7e, 0x0, 0x0, 0x0,
    0x7e, 0x0, 0x0, 0x0, 0x7e, 0x0, 0x0, 0x0,
    0x7e, 0x0, 0x0, 0x0, 0x7e, 0x0, 0x0, 0x0,
    0x7e, 0x0, 0x0, 0x0,

    /* U+01F8 "Ǹ" */
    0x0, 0x6, 0x0, 0x0, 0x0, 0x2, 0xf0, 0x0,
    0x0, 0x0, 0x2e, 0x0, 0x0, 0x0, 0x2, 0xd0,
    0x0, 0x0, 0x0, 0x0, 0x0, 0x0, 0x0, 0x0,
    0x0, 0x7, 0xf8, 0x0, 0x1, 0xf1, 0xff, 0x0,
    0x0, 0x7c, 0x7f, 0xf0, 0x0, 0x1f, 0x1f, 0xfd,
    0x0, 0x7, 0xc7, 0xef, 0xc0, 0x1, 0xf1, 0xf6,
    0xf4, 0x0, 0x7c, 0x7d, 0x3f, 0x0, 0x1f, 0x1f,
    0x47, 0xd0, 0x7, 0xc7, 0xd0, 0xfc, 0x1, 0xf1,
    0xf4, 0x1f, 0x40, 0x7c, 0x7d, 0x3, 0xf0, 0x1f,
    0x1f, 0x40, 0x7d, 0x7, 0xc7, 0xd0, 0xf, 0xc1,
    0xf1, 0xf4, 0x1, 0xf4, 0x7c, 0x7d, 0x0, 0x3f,
    0x1f, 0x1f, 0x40, 0x7, 0xd7, 0xc7, 0xd0, 0x0,
    0xfe, 0xf1, 0xf4, 0x0, 0x1f, 0xfc, 0x7d, 0x0,
    0x3, 0xff, 0x1f, 0x40, 0x0, 0x7f, 0xc7, 0xd0,
    0x0, 0xf, 0xf0,

    /* U+01F9 "ǹ" */
    0x0, 0x7c, 0x0, 0x0, 0x2, 0xf0, 0x0, 0x0,
    0xf, 0x80, 0x0, 0x0, 0x3d, 0x0, 0x0, 0x0,
    0xf0, 0x0, 0x0, 0x6, 0x40, 0x0, 0x0, 0x0,
    0x7, 0xc1, 0xff, 0x40, 0x7c, 0xff, 0xff, 0x7,
    0xee, 0x57, 0xf8, 0x7f, 0x40, 0xf, 0xc7, 0xe0,
    0x0, 0x7c, 0x7d, 0x0, 0x3, 0xd7, 0xc0, 0x0,
    0x3d, 0x7c, 0x0, 0x3, 0xd7, 0xc0, 0x0, 0x3d,
    0x7c, 0x0, 0x3, 0xd7, 0xc0, 0x0, 0x3d, 0x7c,
    0x0, 0x3, 0xd7, 0xc0, 0x0, 0x3d, 0x7c, 0x0,
    0x3, 0xd7, 0xc0, 0x0, 0x3d, 0x7c, 0x0, 0x3,
    0xd0,

    /* U+01FA "Ǻ" */
    0x0, 0x0, 0xa8, 0x0, 0xa0, 0x0, 0xf, 0xfd,
    0xf, 0x40, 0x0, 0xf4, 0x7c, 0xb8, 0x0, 0x3,
    0x80, 0x7b, 0x80, 0x0, 0xe, 0x1, 0xd0, 0x0,
    0x0, 0x3d, 0x1f, 0x0, 0x0, 0x0, 0x7f, 0xf8,
    0x0, 0x0, 0x0, 0xbf, 0xc0, 0x0, 0x0, 0x3,
    0xff, 0x0, 0x0, 0x0, 0x1f, 0x7d, 0x0, 0x0,
    0x0, 0xbc, 0xfc, 0x0, 0x0, 0x3, 0xe1, 0xf0,
    0x0, 0x0, 0x1f, 0x3, 0xe0, 0x0, 0x0, 0xfc,
    0xb, 0xc0, 0x0, 0x3, 0xd0, 0x1f, 0x40, 0x0,
    0x2f, 0x0, 0x3e, 0x0, 0x0, 0xfc, 0x0, 0xbc,
    0x0, 0x7, 0xd0, 0x0, 0xf4, 0x0, 0x2f, 0x0,
    0x3, 0xf0, 0x0, 0xff, 0xff, 0xff, 0xc0, 0x7,
    0xff, 0xff, 0xff, 0x80, 0x2f, 0x55, 0x55, 0x7f,
    0x0, 0xf8, 0x0, 0x0, 0x7d, 0x7, 0xd0, 0x0,
    0x0, 0xf8, 0x3f, 0x0, 0x0, 0x3, 0xf0, 0xf8,
    0x0, 0x0, 0x7, 0xdb, 0xd0, 0x0, 0x0, 0xf,
    0x80,

    /* U+01FB "ǻ" */
    0x0, 0x0, 0x0, 0x3e, 0x0, 0x6, 0x90, 0x2e,
    0x0, 0xb, 0xff, 0x1e, 0x0, 0x7, 0xc2, 0xe5,
    0x0, 0x2, 0xc0, 0x3c, 0x0, 0x0, 0xb0, 0xf,
    0x0, 0x0, 0x1e, 0x7, 0x80, 0x0, 0x3, 0xff,
    0xc0, 0x0, 0x0, 0x2f, 0x80, 0x0, 0x0, 0x0,
    0x0, 0x0, 0x0, 0x0, 0x0, 0x0, 0x0, 0x6,
    0xff, 0x90, 0x0, 0xf, 0xff, 0xfe, 0x0, 0x3,
    0x94, 0x5f, 0xd0, 0x0, 0x0, 0x0, 0xbc, 0x0,
    0x0, 0x0, 0xf, 0x40, 0x0, 0x0, 0x3, 0xd0,
    0x0, 0x6f, 0xff, 0xf8, 0x0, 0xbf, 0xff, 0xfe,
    0x0, 0xbe, 0x40, 0xf, 0x80, 0x3e, 0x0, 0x3,
    0xe0, 0x1f, 0x40, 0x0, 0xf8, 0x7, 0xd0, 0x0,
    0xbe, 0x0, 0xf8, 0x0, 0x7f, 0x80, 0x3f, 0x91,
    0xbf, 0xe0, 0x3, 0xff, 0xfc, 0xf8, 0x0, 0x2f,
    0xf4, 0x3e, 0x0,

    /* U+01FC "Ǽ" */
    0x0, 0x0, 0x0, 0x0, 0x60, 0x0, 0x0, 0x0,
    0x0, 0x0, 0x2e, 0x0, 0x0, 0x0, 0x0, 0x0,
    0xb, 0x80, 0x0, 0x0, 0x0, 0x0, 0x1, 0xf0,
    0x0, 0x0, 0x0, 0x0, 0x0, 0x0, 0x0, 0x0,
    0x0, 0x0, 0x0, 0x0, 0x0, 0x0, 0x0, 0x0,
    0x0, 0xbf, 0xff, 0xff, 0xff, 0xc0, 0x0, 0xf,
    0xff, 0xff, 0xff, 0xfc, 0x0, 0x1, 0xf9, 0xfd,
    0x55, 0x55, 0x40, 0x0, 0x3f, 0xb, 0xc0, 0x0,
    0x0, 0x0, 0x3, 0xe0, 0xbc, 0x0, 0x0, 0x0,
    0x0, 0xbc, 0xb, 0xc0, 0x0, 0x0, 0x0, 0xf,
    0xc0, 0xbc, 0x0, 0x0, 0x0, 0x1, 0xf4, 0xb,
    0xc0, 0x0, 0x0, 0x0, 0x3f, 0x0, 0xbd, 0x55,
    0x55, 0x40, 0x3, 0xe0, 0xb, 0xff, 0xff, 0xfc,
    0x0, 0xbc, 0x0, 0xbf, 0xff, 0xff, 0xc0, 0xf,
    0x80, 0xb, 0xc0, 0x0, 0x0, 0x1, 0xf4, 0x0,
    0xbc, 0x0, 0x0, 0x0, 0x3f, 0xff, 0xff, 0xc0,
    0x0, 0x0, 0x3, 0xff, 0xff, 0xfc, 0x0, 0x0,
    0x0, 0xbd, 0x55, 0x5f, 0xc0, 0x0, 0x0, 0xf,
    0x80, 0x0, 0xbc, 0x0, 0x0, 0x1, 0xf4, 0x0,
    0xb, 0xc0, 0x0, 0x0, 0x3f, 0x0, 0x0, 0xbd,
    0x55, 0x55, 0x47, 0xd0, 0x0, 0xb, 0xff, 0xff,
    0xfd, 0xbc, 0x0, 0x0, 0xbf, 0xff, 0xff, 0xd0,

    /* U+01FD "ǽ" */
    0x0, 0x0, 0x0, 0xbc, 0x0, 0x0, 0x0, 0x0,
    0x0, 0x1f, 0x0, 0x0, 0x0, 0x0, 0x0, 0x3,
    0xd0, 0x0, 0x0, 0x0, 0x0, 0x0, 0xf4, 0x0,
    0x0, 0x0, 0x0, 0x0, 0x2d, 0x0, 0x0, 0x0,
    0x0, 0x0, 0x0, 0x0, 0x0, 0x0, 0x0, 0x0,
    0x0, 0x0, 0x0, 0x0, 0x0, 0x0, 0x1b, 0xfe,
    0x0, 0x1f, 0xf9, 0x0, 0xf, 0xff, 0xfe, 0x1f,
    0xff, 0xf8, 0x0, 0xe5, 0x17, 0xfb, 0xf5, 0x1b,
    0xe0, 0x0, 0x0, 0xb, 0xf8, 0x0, 0x1f, 0x40,
    0x0, 0x0, 0x3f, 0x0, 0x0, 0xf8, 0x0, 0x0,
    0x3, 0xe0, 0x0, 0xb, 0xc0, 0x1b, 0xff, 0xff,
    0xff, 0xff, 0xfc, 0xb, 0xff, 0xff, 0xff, 0xff,
    0xff, 0xc2, 0xf9, 0x0, 0x3e, 0x0, 0x0, 0x0,
    0x3e, 0x0, 0x3, 0xe0, 0x0, 0x0, 0x7, 0xd0,
    0x0, 0x3f, 0x0, 0x0, 0x0, 0x7d, 0x0, 0xb,
    0xf4, 0x0, 0x0, 0x3, 0xe0, 0x1, 0xff, 0xc0,
    0x0, 0x14, 0x3f, 0x91, 0xbd, 0x3f, 0x90, 0x6f,
    0x40, 0xff, 0xff, 0x40, 0xff, 0xff, 0xf4, 0x2,
    0xff, 0x80, 0x1, 0xbf, 0xe4, 0x0,

    /* U+01FE "Ǿ" */
    0x0, 0x0, 0xf, 0x40, 0x0, 0x0, 0x0, 0x3e,
    0x0, 0x0, 0x0, 0x0, 0x7c, 0x0, 0x0, 0x0,
    0x0, 0xf0, 0x0, 0x0, 0x0, 0x0, 0x0, 0x0,
    0x0, 0x0, 0x0, 0x0, 0x0, 0x4, 0x0, 0x6,
    0xff, 0x90, 0x2d, 0x0, 0x7f, 0xff, 0xfd, 0xbc,
    0x1, 0xff, 0x55, 0xff, 0xf0, 0x7, 0xf4, 0x0,
    0x1f, 0xd0, 0xf, 0xd0, 0x0, 0xf, 0xf0, 0x1f,
    0x80, 0x0, 0x3e, 0xf4, 0x3f, 0x0, 0x0, 0xb4,
    0xfc, 0x3f, 0x0, 0x2, 0xe0, 0xbc, 0x7e, 0x0,
    0x7, 0x80, 0xbd, 0x7e, 0x0, 0x1f, 0x0, 0x7d,
    0x7d, 0x0, 0x3c, 0x0, 0x7d, 0x7e, 0x0, 0xf0,
    0x0, 0xbd, 0x7e, 0x3, 0xd0, 0x0, 0xbd, 0x3f,
    0xb, 0x80, 0x0, 0xfc, 0x3f, 0x2e, 0x0, 0x0,
    0xfc, 0x1f, 0xfc, 0x0, 0x2, 0xf8, 0xf, 0xf0,
    0x0, 0x7, 0xf0, 0x7, 0xf4, 0x0, 0x1f, 0xd0,
    0xf, 0xff, 0x55, 0xff, 0x80, 0x3e, 0x7f, 0xff,
    0xfd, 0x0, 0x78, 0x6, 0xff, 0x90, 0x0, 0x10,
    0x0, 0x0, 0x0, 0x0,

    /* U+01FF "ǿ" */
    0x0, 0x0, 0x3e, 0x0, 0x0, 0x0, 0x3e, 0x0,
    0x0, 0x0, 0x2e, 0x0, 0x0, 0x0, 0x1f, 0x0,
    0x0, 0x0, 0xf, 0x0, 0x0, 0x0, 0x0, 0x0,
    0x0, 0x0, 0x0, 0x0, 0x0, 0x90, 0x0, 0x6f,
    0xe4, 0x7c, 0x0, 0xff, 0xff, 0xfc, 0x0, 0xfe,
    0x46, 0xfd, 0x0, 0x7e, 0x0, 0x3f, 0x80, 0x3f,
    0x0, 0x2f, 0xf0, 0xf, 0x80, 0x1e, 0x7d, 0x7,
    0xd0, 0x1e, 0xf, 0x41, 0xf0, 0xf, 0x3, 0xe0,
    0x7c, 0xf, 0x0, 0xf8, 0x1f, 0x4f, 0x40, 0x3d,
    0x3, 0xeb, 0x80, 0x1f, 0x40, 0xff, 0x80, 0xf,
    0xc0, 0x1f, 0xc0, 0xb, 0xe0, 0x3, 0xf9, 0x1b,
    0xf0, 0x3, 0xff, 0xff, 0xf0, 0x2, 0xd1, 0xbf,
    0xd0, 0x0, 0x60, 0x0, 0x0, 0x0,

    /* U+0200 "Ȁ" */
    0x0, 0x68, 0x29, 0x0, 0x0, 0x0, 0xf8, 0x7c,
    0x0, 0x0, 0x0, 0xf4, 0x7c, 0x0, 0x0, 0x0,
    0xf0, 0xb8, 0x0, 0x0, 0x0, 0x0, 0x0, 0x0,
    0x0, 0x0, 0x0, 0x0, 0x0, 0x0, 0xf, 0xd0,
    0x0, 0x0, 0x0, 0xbf, 0x80, 0x0, 0x0, 0x3,
    0xff, 0x0, 0x0, 0x0, 0x1f, 0x7d, 0x0, 0x0,
    0x0, 0xbc, 0xfc, 0x0, 0x0, 0x3, 0xe1, 0xf0,
    0x0, 0x0, 0x1f, 0x3, 0xe0, 0x0, 0x0, 0xfc,
    0xb, 0xc0, 0x0, 0x3, 0xd0, 0x1f, 0x40, 0x0,
    0x2f, 0x0, 0x3e, 0x0, 0x0, 0xf8, 0x0, 0xbc,
    0x0, 0x7, 0xd0, 0x0, 0xf4, 0x0, 0x2f, 0x0,
    0x3, 0xf0, 0x0, 0xff, 0xff, 0xff, 0xc0, 0x7,
    0xff, 0xff, 0xff, 0x80, 0x2f, 0x55, 0x55, 0x7f,
    0x0, 0xf8, 0x0, 0x0, 0x7d, 0x7, 0xd0, 0x0,
    0x0, 0xf8, 0x3f, 0x0, 0x0, 0x3, 0xf0, 0xf8,
    0x0, 0x0, 0x7, 0xdb, 0xd0, 0x0, 0x0, 0xf,
    0x80,

    /* U+0201 "ȁ" */
    0x1, 0x0, 0x40, 0x0, 0x3c, 0x2e, 0x0, 0x2,
    0xe0, 0xf0, 0x0, 0xf, 0x47, 0x80, 0x0, 0x3c,
    0x3c, 0x0, 0x2, 0xd0, 0xe0, 0x0, 0x0, 0x0,
    0x0, 0x0, 0x0, 0x0, 0x1, 0xbf, 0xe4, 0x0,
    0xff, 0xff, 0xe0, 0xe, 0x51, 0x7f, 0x40, 0x0,
    0x0, 0xbc, 0x0, 0x0, 0x3, 0xd0, 0x0, 0x0,
    0x3d, 0x1, 0xbf, 0xff, 0xe0, 0xbf, 0xff, 0xfe,
    0x2f, 0x90, 0x3, 0xe3, 0xe0, 0x0, 0x3e, 0x7d,
    0x0, 0x3, 0xe7, 0xd0, 0x0, 0xbe, 0x3e, 0x0,
    0x1f, 0xe3, 0xf9, 0x1b, 0xfe, 0xf, 0xff, 0xf3,
    0xe0, 0x2f, 0xf4, 0x3e,

    /* U+0202 "Ȃ" */
    0x0, 0x1, 0xba, 0x0, 0x0, 0x0, 0x3f, 0xff,
    0x0, 0x0, 0x1, 0xe0, 0x2e, 0x0, 0x0, 0x5,
    0x0, 0x14, 0x0, 0x0, 0x0, 0x0, 0x0, 0x0,
    0x0, 0x3, 0xf4, 0x0, 0x0, 0x0, 0x2f, 0xe0,
    0x0, 0x0, 0x0, 0xff, 0xc0, 0x0, 0x0, 0x7,
    0xdf, 0x40, 0x0, 0x0, 0x2f, 0x3f, 0x0, 0x0,
    0x0, 0xf8, 0x7c, 0x0, 0x0, 0x7, 0xc0, 0xf8,
    0x0, 0x0, 0x3f, 0x2, 0xf0, 0x0, 0x0, 0xf4,
    0x7, 0xd0, 0x0, 0xb, 0xc0, 0xf, 0x80, 0x0,
    0x3e, 0x0, 0x2f, 0x0, 0x1, 0xf4, 0x0, 0x3d,
    0x0, 0xb, 0xc0, 0x0, 0xfc, 0x0, 0x3f, 0xff,
    0xff, 0xf0, 0x1, 0xff, 0xff, 0xff, 0xe0, 0xb,
    0xd5, 0x55, 0x5f, 0xc0, 0x3e, 0x0, 0x0, 0x1f,
    0x41, 0xf4, 0x0, 0x0, 0x3e, 0xf, 0xc0, 0x0,
    0x0, 0xfc, 0x3e, 0x0, 0x0, 0x1, 0xf6, 0xf4,
    0x0, 0x0, 0x3, 0xe0,

    /* U+0203 "ȃ" */
    0x0, 0x2f, 0xd0, 0x0, 0xf, 0xff, 0x80, 0x2,
    0xe0, 0x7c, 0x0, 0x3c, 0x1, 0xd0, 0x1, 0x0,
    0x4, 0x0, 0x0, 0x0, 0x0, 0x0, 0x0, 0x0,
    0x0, 0x1b, 0xfe, 0x40, 0xf, 0xff, 0xfe, 0x0,
    0xe5, 0x17, 0xf4, 0x0, 0x0, 0xb, 0xc0, 0x0,
    0x0, 0x3d, 0x0, 0x0, 0x3, 0xd0, 0x1b, 0xff,
    0xfe, 0xb, 0xff, 0xff, 0xe2, 0xf9, 0x0, 0x3e,
    0x3e, 0x0, 0x3, 0xe7, 0xd0, 0x0, 0x3e, 0x7d,
    0x0, 0xb, 0xe3, 0xe0, 0x1, 0xfe, 0x3f, 0x91,
    0xbf, 0xe0, 0xff, 0xff, 0x3e, 0x2, 0xff, 0x43,
    0xe0,

    /* U+0204 "Ȅ" */
    0x1a, 0xa, 0x40, 0x0, 0xb8, 0x3d, 0x0, 0x3,
    0xd1, 0xf0, 0x0, 0xf, 0x7, 0x80, 0x0, 0x0,
    0x0, 0x0, 0x0, 0x0, 0x0, 0x7f, 0xff, 0xff,
    0xe7, 0xff, 0xff, 0xfe, 0x7e, 0x55, 0x55, 0x47,
    0xe0, 0x0, 0x0, 0x7e, 0x0, 0x0, 0x7, 0xe0,
    0x0, 0x0, 0x7e, 0x0, 0x0, 0x7, 0xe0, 0x0,
    0x0, 0x7e, 0x55, 0x55, 0x47, 0xff, 0xff, 0xfc,
    0x7f, 0xff, 0xff, 0xc7, 0xe0, 0x0, 0x0, 0x7e,
    0x0, 0x0, 0x7, 0xe0, 0x0, 0x0, 0x7e, 0x0,
    0x0, 0x7, 0xe0, 0x0, 0x0, 0x7e, 0x0, 0x0,
    0x7, 0xe0, 0x0, 0x0, 0x7e, 0x55, 0x55, 0x57,
    0xff, 0xff, 0xff, 0x7f, 0xff, 0xff, 0xf0,

    /* U+0205 "ȅ" */
    0x0, 0x0, 0x0, 0x0, 0xb, 0x83, 0xc0, 0x0,
    0xf, 0xb, 0x80, 0x0, 0x1e, 0xf, 0x0, 0x0,
    0x3c, 0x1e, 0x0, 0x0, 0x3c, 0x2c, 0x0, 0x0,
    0x0, 0x0, 0x0, 0x0, 0x0, 0x0, 0x0, 0x2f,
    0xf8, 0x0, 0xb, 0xff, 0xfe, 0x0, 0xbf, 0x51,
    0xfd, 0x7, 0xd0, 0x0, 0xbc, 0x3e, 0x0, 0x0,
    0xf4, 0xf4, 0x0, 0x3, 0xe7, 0xff, 0xff, 0xff,
    0x9f, 0xff, 0xff, 0xfe, 0x7c, 0x0, 0x0, 0x1,
    0xf4, 0x0, 0x0, 0x3, 0xe0, 0x0, 0x0, 0xf,
    0xc0, 0x0, 0x0, 0x1f, 0xc0, 0x0, 0x10, 0x2f,
    0xe4, 0x1b, 0xc0, 0x2f, 0xff, 0xff, 0x0, 0xb,
    0xff, 0x90,

    /* U+0206 "Ȇ" */
    0x0, 0x2b, 0x90, 0x0, 0xf, 0xff, 0x80, 0x3,
    0xd0, 0x2d, 0x0, 0x14, 0x0, 0x80, 0x0, 0x0,
    0x0, 0x7, 0xff, 0xff, 0xfe, 0x7f, 0xff, 0xff,
    0xe7, 0xe5, 0x55, 0x54, 0x7e, 0x0, 0x0, 0x7,
    0xe0, 0x0, 0x0, 0x7e, 0x0, 0x0, 0x7, 0xe0,
    0x0, 0x0, 0x7e, 0x0, 0x0, 0x7, 0xe5, 0x55,
    0x54, 0x7f, 0xff, 0xff, 0xc7, 0xff, 0xff, 0xfc,
    0x7e, 0x0, 0x0, 0x7, 0xe0, 0x0, 0x0, 0x7e,
    0x0, 0x0, 0x7, 0xe0, 0x0, 0x0, 0x7e, 0x0,
    0x0, 0x7, 0xe0, 0x0, 0x0, 0x7e, 0x0, 0x0,
    0x7, 0xe5, 0x55, 0x55, 0x7f, 0xff, 0xff, 0xf7,
    0xff, 0xff, 0xff,

    /* U+0207 "ȇ" */
    0x0, 0xb, 0xf4, 0x0, 0x0, 0xff, 0xf8, 0x0,
    0xb, 0x81, 0xf0, 0x0, 0x3c, 0x1, 0xd0, 0x0,
    0x40, 0x1, 0x0, 0x0, 0x0, 0x0, 0x0, 0x0,
    0x0, 0x0, 0x0, 0xb, 0xfe, 0x0, 0x2, 0xff,
    0xff, 0x80, 0x2f, 0xd4, 0x7f, 0x41, 0xf4, 0x0,
    0x2f, 0xf, 0x80, 0x0, 0x3d, 0x3d, 0x0, 0x0,
    0xf9, 0xff, 0xff, 0xff, 0xe7, 0xff, 0xff, 0xff,
    0x9f, 0x0, 0x0, 0x0, 0x7d, 0x0, 0x0, 0x0,
    0xf8, 0x0, 0x0, 0x3, 0xf0, 0x0, 0x0, 0x7,
    0xf0, 0x0, 0x4, 0xb, 0xf9, 0x6, 0xf0, 0xb,
    0xff, 0xff, 0xc0, 0x2, 0xff, 0xe4, 0x0,

    /* U+0208 "Ȉ" */
    0x29, 0xa, 0x0, 0x3c, 0x2e, 0x0, 0x7c, 0x3d,
    0x0, 0xb8, 0x3c, 0x0, 0x0, 0x0, 0x0, 0x0,
    0x0, 0x7, 0xe0, 0x0, 0x1f, 0x80, 0x0, 0x7e,
    0x0, 0x1, 0xf8, 0x0, 0x7, 0xe0, 0x0, 0x1f,
    0x80, 0x0, 0x7e, 0x0, 0x1, 0xf8, 0x0, 0x7,
    0xe0, 0x0, 0x1f, 0x80, 0x0, 0x7e, 0x0, 0x1,
    0xf8, 0x0, 0x7, 0xe0, 0x0, 0x1f, 0x80, 0x0,
    0x7e, 0x0, 0x1, 0xf8, 0x0, 0x7, 0xe0, 0x0,
    0x1f, 0x80, 0x0, 0x7e, 0x0, 0x1, 0xf8, 0x0,
    0x7, 0xe0, 0x0,

    /* U+0209 "ȉ" */
    0xbc, 0x3d, 0x3, 0xd1, 0xf0, 0xf, 0xb, 0x40,
    0xb4, 0x3c, 0x3, 0xc2, 0xd0, 0x0, 0x0, 0x0,
    0x0, 0x0, 0x1f, 0x0, 0x1, 0xf0, 0x0, 0x1f,
    0x0, 0x1, 0xf0, 0x0, 0x1f, 0x0, 0x1, 0xf0,
    0x0, 0x1f, 0x0, 0x1, 0xf0, 0x0, 0x1f, 0x0,
    0x1, 0xf0, 0x0, 0x1f, 0x0, 0x1, 0xf0, 0x0,
    0x1f, 0x0, 0x1, 0xf0, 0x0, 0x1f, 0x0, 0x1,
    0xf0, 0x0,

    /* U+020A "Ȋ" */
    0xa, 0xe4, 0xf, 0xff, 0xcb, 0x40, 0xb5, 0x40,
    0x5, 0x0, 0x0, 0x1, 0xf8, 0x0, 0x7e, 0x0,
    0x1f, 0x80, 0x7, 0xe0, 0x1, 0xf8, 0x0, 0x7e,
    0x0, 0x1f, 0x80, 0x7, 0xe0, 0x1, 0xf8, 0x0,
    0x7e, 0x0, 0x1f, 0x80, 0x7, 0xe0, 0x1, 0xf8,
    0x0, 0x7e, 0x0, 0x1f, 0x80, 0x7, 0xe0, 0x1,
    0xf8, 0x0, 0x7e, 0x0, 0x1f, 0x80, 0x7, 0xe0,
    0x1, 0xf8, 0x0,

    /* U+020B "ȋ" */
    0x7, 0xfd, 0x2, 0xff, 0xf4, 0x3c, 0x7, 0xc2,
    0x0, 0x18, 0x0, 0x0, 0x0, 0x0, 0x0, 0x1,
    0xf0, 0x0, 0x1f, 0x0, 0x1, 0xf0, 0x0, 0x1f,
    0x0, 0x1, 0xf0, 0x0, 0x1f, 0x0, 0x1, 0xf0,
    0x0, 0x1f, 0x0, 0x1, 0xf0, 0x0, 0x1f, 0x0,
    0x1, 0xf0, 0x0, 0x1f, 0x0, 0x1, 0xf0, 0x0,
    0x1f, 0x0, 0x1, 0xf0, 0x0, 0x1f, 0x0,

    /* U+020C "Ȍ" */
    0x0, 0x3d, 0x2f, 0x0, 0x0, 0x0, 0x1f, 0xb,
    0x80, 0x0, 0x0, 0x7, 0xc3, 0xd0, 0x0, 0x0,
    0x1, 0x90, 0xa0, 0x0, 0x0, 0x0, 0x0, 0x0,
    0x0, 0x0, 0x0, 0x0, 0x0, 0x0, 0x0, 0x6,
    0xff, 0x90, 0x0, 0x0, 0x7f, 0xff, 0xfd, 0x0,
    0x1, 0xff, 0x55, 0xff, 0x40, 0x7, 0xf4, 0x0,
    0x1f, 0xd0, 0xf, 0xd0, 0x0, 0x7, 0xf0, 0x1f,
    0x80, 0x0, 0x2, 0xf8, 0x3f, 0x0, 0x0, 0x0,
    0xfc, 0x3f, 0x0, 0x0, 0x0, 0xfc, 0x7e, 0x0,
    0x0, 0x0, 0xbd, 0x7e, 0x0, 0x0, 0x0, 0xbd,
    0x7d, 0x0, 0x0, 0x0, 0x7d, 0x7e, 0x0, 0x0,
    0x0, 0xbd, 0x7e, 0x0, 0x0, 0x0, 0xbd, 0x3f,
    0x0, 0x0, 0x0, 0xfc, 0x3f, 0x0, 0x0, 0x0,
    0xfc, 0x1f, 0x80, 0x0, 0x2, 0xf8, 0xf, 0xd0,
    0x0, 0x3, 0xf0, 0x7, 0xf4, 0x0, 0x1f, 0xd0,
    0x1, 0xff, 0x55, 0xff, 0x40, 0x0, 0x7f, 0xff,
    0xfd, 0x0, 0x0, 0x6, 0xff, 0x90, 0x0,

    /* U+020D "ȍ" */
    0x1, 0x0, 0x40, 0x0, 0xf, 0x47, 0xc0, 0x0,
    0x1f, 0xf, 0x40, 0x0, 0x3d, 0x1f, 0x0, 0x0,
    0x3c, 0x2d, 0x0, 0x0, 0x74, 0x3c, 0x0, 0x0,
    0x0, 0x0, 0x0, 0x0, 0x0, 0x0, 0x0, 0x6f,
    0xf4, 0x0, 0xf, 0xff, 0xfc, 0x0, 0xff, 0x46,
    0xfc, 0x7, 0xe0, 0x2, 0xf8, 0x3f, 0x0, 0x3,
    0xf0, 0xf8, 0x0, 0x7, 0xd7, 0xd0, 0x0, 0xf,
    0x5f, 0x0, 0x0, 0x3e, 0x7c, 0x0, 0x0, 0xf9,
    0xf4, 0x0, 0x3, 0xd3, 0xe0, 0x0, 0x1f, 0x4f,
    0xc0, 0x0, 0xfc, 0x1f, 0x80, 0x7, 0xe0, 0x3f,
    0x91, 0xbf, 0x0, 0x3f, 0xff, 0xf0, 0x0, 0x1b,
    0xfd, 0x0,

    /* U+020E "Ȏ" */
    0x0, 0x1, 0xff, 0x40, 0x0, 0x0, 0xb, 0xff,
    0xd0, 0x0, 0x0, 0xf, 0x0, 0xf0, 0x0, 0x0,
    0x8, 0x0, 0x60, 0x0, 0x0, 0x0, 0x0, 0x0,
    0x0, 0x0, 0x6, 0xff, 0x90, 0x0, 0x0, 0x7f,
    0xff, 0xfd, 0x0, 0x1, 0xff, 0x55, 0xff, 0x40,
    0x7, 0xf4, 0x0, 0x1f, 0xd0, 0xf, 0xd0, 0x0,
    0x7, 0xf0, 0x1f, 0x80, 0x0, 0x2, 0xf8, 0x3f,
    0x0, 0x0, 0x0, 0xfc, 0x3f, 0x0, 0x0, 0x0,
    0xfc, 0x7e, 0x0, 0x0, 0x0, 0xbd, 0x7e, 0x0,
    0x0, 0x0, 0xbd, 0x7d, 0x0, 0x0, 0x0, 0x7d,
    0x7e, 0x0, 0x0, 0x0, 0xbd, 0x7e, 0x0, 0x0,
    0x0, 0xbd, 0x3f, 0x0, 0x0, 0x0, 0xfc, 0x3f,
    0x0, 0x0, 0x0, 0xfc, 0x1f, 0x80, 0x0, 0x2,
    0xf8, 0xf, 0xd0, 0x0, 0x3, 0xf0, 0x7, 0xf4,
    0x0, 0x1f, 0xd0, 0x1, 0xff, 0x55, 0xff, 0x40,
    0x0, 0x7f, 0xff, 0xfd, 0x0, 0x0, 0x6, 0xff,
    0x90, 0x0,

    /* U+020F "ȏ" */
    0x0, 0x1b, 0xe0, 0x0, 0x1, 0xff, 0xf4, 0x0,
    0xf, 0x41, 0xf0, 0x0, 0x38, 0x2, 0xc0, 0x0,
    0x40, 0x1, 0x0, 0x0, 0x0, 0x0, 0x0, 0x0,
    0x0, 0x0, 0x0, 0x1b, 0xfd, 0x0, 0x3, 0xff,
    0xff, 0x0, 0x3f, 0xd1, 0xbf, 0x1, 0xf8, 0x0,
    0xbe, 0xf, 0xc0, 0x0, 0xfc, 0x3e, 0x0, 0x1,
    0xf5, 0xf4, 0x0, 0x3, 0xd7, 0xc0, 0x0, 0xf,
    0x9f, 0x0, 0x0, 0x3e, 0x7d, 0x0, 0x0, 0xf4,
    0xf8, 0x0, 0x7, 0xd3, 0xf0, 0x0, 0x3f, 0x7,
    0xe0, 0x1, 0xf8, 0xf, 0xe4, 0x6f, 0xc0, 0xf,
    0xff, 0xfc, 0x0, 0x6, 0xff, 0x40, 0x0,

    /* U+0210 "Ȑ" */
    0x29, 0x1a, 0x0, 0x0, 0x7, 0xc2, 0xe0, 0x0,
    0x0, 0x7c, 0x3d, 0x0, 0x0, 0xb, 0x83, 0xc0,
    0x0, 0x0, 0x0, 0x0, 0x0, 0x0, 0x0, 0x0,
    0x0, 0x7, 0xff, 0xfe, 0x40, 0x1, 0xff, 0xff,
    0xfc, 0x0, 0x7e, 0x55, 0xbf, 0xc0, 0x1f, 0x80,
    0x3, 0xf4, 0x7, 0xe0, 0x0, 0x7f, 0x1, 0xf8,
    0x0, 0xf, 0xc0, 0x7e, 0x0, 0x3, 0xf0, 0x1f,
    0x80, 0x0, 0xf8, 0x7, 0xe0, 0x0, 0xbd, 0x1,
    0xf8, 0x0, 0xbf, 0x0, 0x7f, 0xff, 0xfe, 0x0,
    0x1f, 0xff, 0xff, 0x0, 0x7, 0xe5, 0x5b, 0xf0,
    0x1, 0xf8, 0x0, 0x7f, 0x0, 0x7e, 0x0, 0xb,
    0xd0, 0x1f, 0x80, 0x0, 0xfc, 0x7, 0xe0, 0x0,
    0x2f, 0x41, 0xf8, 0x0, 0x3, 0xf0, 0x7e, 0x0,
    0x0, 0xbd, 0x1f, 0x80, 0x0, 0xf, 0xc7, 0xe0,
    0x0, 0x2, 0xf4,

    /* U+0211 "ȑ" */
    0x3d, 0x1f, 0x0, 0x7c, 0x2e, 0x0, 0xb8, 0x3c,
    0x0, 0xf0, 0xb8, 0x1, 0xe0, 0xf0, 0x0, 0x0,
    0x0, 0x0, 0x0, 0x7, 0xc1, 0xfe, 0x1f, 0x3f,
    0xf8, 0x7f, 0xe5, 0x51, 0xfd, 0x0, 0x7, 0xe0,
    0x0, 0x1f, 0x40, 0x0, 0x7c, 0x0, 0x1, 0xf0,
    0x0, 0x7, 0xc0, 0x0, 0x1f, 0x0, 0x0, 0x7c,
    0x0, 0x1, 0xf0, 0x0, 0x7, 0xc0, 0x0, 0x1f,
    0x0, 0x0, 0x7c, 0x0, 0x1, 0xf0, 0x0, 0x0,

    /* U+0212 "Ȓ" */
    0x0, 0x6e, 0x80, 0x0, 0x0, 0xbf, 0xfc, 0x0,
    0x0, 0x7c, 0x7, 0xc0, 0x0, 0x8, 0x0, 0x50,
    0x0, 0x0, 0x0, 0x0, 0x0, 0x1f, 0xff, 0xf9,
    0x0, 0x7, 0xff, 0xff, 0xf0, 0x1, 0xf9, 0x56,
    0xff, 0x0, 0x7e, 0x0, 0xf, 0xd0, 0x1f, 0x80,
    0x1, 0xfc, 0x7, 0xe0, 0x0, 0x3f, 0x1, 0xf8,
    0x0, 0xf, 0xc0, 0x7e, 0x0, 0x3, 0xe0, 0x1f,
    0x80, 0x2, 0xf4, 0x7, 0xe0, 0x2, 0xfc, 0x1,
    0xff, 0xff, 0xf8, 0x0, 0x7f, 0xff, 0xfc, 0x0,
    0x1f, 0x95, 0x6f, 0xc0, 0x7, 0xe0, 0x1, 0xfc,
    0x1, 0xf8, 0x0, 0x2f, 0x40, 0x7e, 0x0, 0x3,
    0xf0, 0x1f, 0x80, 0x0, 0xbd, 0x7, 0xe0, 0x0,
    0xf, 0xc1, 0xf8, 0x0, 0x2, 0xf4, 0x7e, 0x0,
    0x0, 0x3f, 0x1f, 0x80, 0x0, 0xb, 0xd0,

    /* U+0213 "ȓ" */
    0x2, 0xfe, 0x0, 0xff, 0xfc, 0x1e, 0x2, 0xd2,
    0xc0, 0xe, 0x0, 0x0, 0x0, 0x0, 0x0, 0x7c,
    0x1f, 0xe7, 0xcf, 0xfe, 0x7f, 0xe5, 0x57, 0xf4,
    0x0, 0x7e, 0x0, 0x7, 0xd0, 0x0, 0x7c, 0x0,
    0x7, 0xc0, 0x0, 0x7c, 0x0, 0x7, 0xc0, 0x0,
    0x7c, 0x0, 0x7, 0xc0, 0x0, 0x7c, 0x0, 0x7,
    0xc0, 0x0, 0x7c, 0x0, 0x7, 0xc0, 0x0,

    /* U+0214 "Ȕ" */
    0x2, 0xe0, 0xf4, 0x0, 0x0, 0x3d, 0x1f, 0x0,
    0x0, 0x3, 0xc1, 0xf0, 0x0, 0x0, 0x28, 0x19,
    0x0, 0x0, 0x0, 0x0, 0x0, 0x0, 0x0, 0x0,
    0x0, 0xb, 0xc0, 0x0, 0x2, 0xf2, 0xf0, 0x0,
    0x0, 0xbc, 0xbc, 0x0, 0x0, 0x2f, 0x2f, 0x0,
    0x0, 0xb, 0xcb, 0xc0, 0x0, 0x2, 0xf2, 0xf0,
    0x0, 0x0, 0xbc, 0xbc, 0x0, 0x0, 0x2f, 0x2f,
    0x0, 0x0, 0xb, 0xcb, 0xc0, 0x0, 0x2, 0xf2,
    0xf0, 0x0, 0x0, 0xbc, 0xbc, 0x0, 0x0, 0x2f,
    0x2f, 0x0, 0x0, 0xb, 0xcb, 0xc0, 0x0, 0x2,
    0xf2, 0xf4, 0x0, 0x0, 0xfc, 0x7d, 0x0, 0x0,
    0x3f, 0x1f, 0x80, 0x0, 0xf, 0xc3, 0xf0, 0x0,
    0x7, 0xe0, 0xbe, 0x0, 0x3, 0xf0, 0xf, 0xf9,
    0x5b, 0xf4, 0x0, 0xff, 0xff, 0xf4, 0x0, 0x6,
    0xff, 0xe0, 0x0,

    /* U+0215 "ȕ" */
    0x1, 0x1, 0x40, 0x0, 0x7c, 0x2e, 0x0, 0x2,
    0xe0, 0xf0, 0x0, 0xf, 0xb, 0x80, 0x0, 0x78,
    0x3c, 0x0, 0x3, 0xc1, 0xe0, 0x0, 0x0, 0x0,
    0x0, 0x0, 0x0, 0x0, 0xbc, 0x0, 0x7, 0xcb,
    0xc0, 0x0, 0x7c, 0xbc, 0x0, 0x7, 0xcb, 0xc0,
    0x0, 0x7c, 0xbc, 0x0, 0x7, 0xcb, 0xc0, 0x0,
    0x7c, 0xbc, 0x0, 0x7, 0xcb, 0xc0, 0x0, 0x7c,
    0xbc, 0x0, 0x7, 0xcb, 0xc0, 0x0, 0x7c, 0xbc,
    0x0, 0xb, 0xc7, 0xc0, 0x0, 0xfc, 0x3e, 0x0,
    0x2f, 0xc3, 0xf9, 0x5f, 0xbc, 0xf, 0xff, 0xe7,
    0xc0, 0x2f, 0xe4, 0x7c,

    /* U+0216 "Ȗ" */
    0x0, 0x1b, 0xf8, 0x0, 0x0, 0x1f, 0xff, 0xc0,
    0x0, 0xf, 0x0, 0xb4, 0x0, 0x1, 0x40, 0x4,
    0x0, 0x0, 0x0, 0x0, 0x0, 0x2f, 0x0, 0x0,
    0xb, 0xcb, 0xc0, 0x0, 0x2, 0xf2, 0xf0, 0x0,
    0x0, 0xbc, 0xbc, 0x0, 0x0, 0x2f, 0x2f, 0x0,
    0x0, 0xb, 0xcb, 0xc0, 0x0, 0x2, 0xf2, 0xf0,
    0x0, 0x0, 0xbc, 0xbc, 0x0, 0x0, 0x2f, 0x2f,
    0x0, 0x0, 0xb, 0xcb, 0xc0, 0x0, 0x2, 0xf2,
    0xf0, 0x0, 0x0, 0xbc, 0xbc, 0x0, 0x0, 0x2f,
    0x2f, 0x0, 0x0, 0xb, 0xcb, 0xd0, 0x0, 0x3,
    0xf1, 0xf4, 0x0, 0x0, 0xfc, 0x7e, 0x0, 0x0,
    0x3f, 0xf, 0xc0, 0x0, 0x1f, 0x82, 0xf8, 0x0,
    0xf, 0xc0, 0x3f, 0xe5, 0x6f, 0xd0, 0x3, 0xff,
    0xff, 0xd0, 0x0, 0x1b, 0xff, 0x80, 0x0,

    /* U+0217 "ȗ" */
    0x0, 0x2f, 0xd0, 0x0, 0xf, 0xff, 0x80, 0x2,
    0xe0, 0x7c, 0x0, 0x3c, 0x1, 0xd0, 0x0, 0x0,
    0x0, 0x0, 0x0, 0x0, 0x0, 0x0, 0x0, 0x0,
    0xb, 0xc0, 0x0, 0x7c, 0xbc, 0x0, 0x7, 0xcb,
    0xc0, 0x0, 0x7c, 0xbc, 0x0, 0x7, 0xcb, 0xc0,
    0x0, 0x7c, 0xbc, 0x0, 0x7, 0xcb, 0xc0, 0x0,
    0x7c, 0xbc, 0x0, 0x7, 0xcb, 0xc0, 0x0, 0x7c,
    0xbc, 0x0, 0x7, 0xcb, 0xc0, 0x0, 0xbc, 0x7c,
    0x0, 0xf, 0xc3, 0xe0, 0x2, 0xfc, 0x3f, 0x95,
    0xfb, 0xc0, 0xff, 0xfe, 0x7c, 0x2, 0xfe, 0x47,
    0xc0,

    /* U+0218 "Ș" */
    0x0, 0x6f, 0xfe, 0x40, 0x3, 0xff, 0xff, 0xf0,
    0xf, 0xf5, 0x5b, 0xf0, 0x2f, 0x40, 0x0, 0x20,
    0x3f, 0x0, 0x0, 0x0, 0x3e, 0x0, 0x0, 0x0,
    0x3f, 0x0, 0x0, 0x0, 0x3f, 0x40, 0x0, 0x0,
    0x1f, 0xf5, 0x0, 0x0, 0xb, 0xff, 0xf9, 0x0,
    0x0, 0xbf, 0xff, 0xc0, 0x0, 0x1, 0xbf, 0xf0,
    0x0, 0x0, 0x7, 0xf8, 0x0, 0x0, 0x0, 0xfc,
    0x0, 0x0, 0x0, 0xfc, 0x0, 0x0, 0x0, 0xbc,
    0x0, 0x0, 0x0, 0xfc, 0x34, 0x0, 0x2, 0xf8,
    0x3f, 0x95, 0x6f, 0xf0, 0x3f, 0xff, 0xff, 0xc0,
    0x1, 0xbf, 0xf9, 0x0, 0x0, 0x0, 0x0, 0x0,
    0x0, 0x0, 0x0, 0x0, 0x0, 0x7, 0xd0, 0x0,
    0x0, 0xb, 0xc0, 0x0, 0x0, 0xf, 0x40, 0x0,
    0x0, 0xf, 0x0, 0x0, 0x0, 0x4, 0x0, 0x0,

    /* U+0219 "ș" */
    0x2, 0xff, 0xe4, 0x3, 0xff, 0xff, 0x43, 0xf9,
    0x6, 0xd1, 0xf4, 0x0, 0x0, 0x7c, 0x0, 0x0,
    0x1f, 0x80, 0x0, 0x3, 0xfe, 0x40, 0x0, 0x3f,
    0xff, 0x40, 0x1, 0xbf, 0xfc, 0x0, 0x0, 0x6f,
    0xc0, 0x0, 0x2, 0xf0, 0x0, 0x0, 0x7c, 0x0,
    0x0, 0x2f, 0x1f, 0x50, 0x6f, 0x87, 0xff, 0xff,
    0x80, 0x6f, 0xfe, 0x40, 0x0, 0x0, 0x0, 0x0,
    0x0, 0x0, 0x0, 0x1, 0xf4, 0x0, 0x0, 0xbc,
    0x0, 0x0, 0x3d, 0x0, 0x0, 0xf, 0x0, 0x0,
    0x1, 0x0, 0x0,

    /* U+021A "Ț" */
    0x3f, 0xff, 0xff, 0xff, 0xf0, 0xff, 0xff, 0xff,
    0xff, 0xc1, 0x55, 0x5f, 0xd5, 0x55, 0x0, 0x0,
    0x3f, 0x0, 0x0, 0x0, 0x0, 0xfc, 0x0, 0x0,
    0x0, 0x3, 0xf0, 0x0, 0x0, 0x0, 0xf, 0xc0,
    0x0, 0x0, 0x0, 0x3f, 0x0, 0x0, 0x0, 0x0,
    0xfc, 0x0, 0x0, 0x0, 0x3, 0xf0, 0x0, 0x0,
    0x0, 0xf, 0xc0, 0x0, 0x0, 0x0, 0x3f, 0x0,
    0x0, 0x0, 0x0, 0xfc, 0x0, 0x0, 0x0, 0x3,
    0xf0, 0x0, 0x0, 0x0, 0xf, 0xc0, 0x0, 0x0,
    0x0, 0x3f, 0x0, 0x0, 0x0, 0x0, 0xfc, 0x0,
    0x0, 0x0, 0x3, 0xf0, 0x0, 0x0, 0x0, 0xf,
    0xc0, 0x0, 0x0, 0x0, 0x3f, 0x0, 0x0, 0x0,
    0x0, 0xfc, 0x0, 0x0, 0x0, 0x0, 0x0, 0x0,
    0x0, 0x0, 0x0, 0x0, 0x0, 0x0, 0x0, 0x15,
    0x0, 0x0, 0x0, 0x0, 0xf8, 0x0, 0x0, 0x0,
    0x7, 0xc0, 0x0, 0x0, 0x0, 0x2e, 0x0, 0x0,
    0x0, 0x0, 0xf0, 0x0, 0x0,

    /* U+021B "ț" */
    0x7, 0xc0, 0x0, 0x1f, 0x0, 0x0, 0x7c, 0x0,
    0x1, 0xf0, 0x0, 0x7f, 0xff, 0xf5, 0xff, 0xff,
    0xd0, 0x7c, 0x0, 0x1, 0xf0, 0x0, 0x7, 0xc0,
    0x0, 0x1f, 0x0, 0x0, 0x7c, 0x0, 0x1, 0xf0,
    0x0, 0x7, 0xc0, 0x0, 0x1f, 0x0, 0x0, 0x7c,
    0x0, 0x1, 0xf0, 0x0, 0x7, 0xd0, 0x0, 0xf,
    0xd0, 0x0, 0x2f, 0xff, 0x40, 0x1f, 0xfd, 0x0,
    0x0, 0x0, 0x0, 0x0, 0x0, 0x0, 0x54, 0x0,
    0x3, 0xd0, 0x0, 0x1f, 0x0, 0x0, 0xb4, 0x0,
    0x3, 0xc0, 0x0,

    /* U+021C "Ȝ" */
    0x0, 0xbf, 0xe0, 0x0, 0xff, 0xff, 0xd0, 0x3f,
    0xe5, 0xff, 0x7, 0x80, 0x1, 0xf8, 0x10, 0x0,
    0xf, 0xc0, 0x0, 0x0, 0xbc, 0x0, 0x0, 0xf,
    0xc0, 0x0, 0x0, 0xfc, 0x0, 0x0, 0x2f, 0x40,
    0x0, 0x7, 0xe0, 0x0, 0x2, 0xfc, 0x0, 0x2,
    0xff, 0x0, 0x2, 0xff, 0xfd, 0x0, 0xbf, 0x9b,
    0xf8, 0x6, 0x0, 0xf, 0xc0, 0x0, 0x0, 0x7d,
    0x0, 0x0, 0x3, 0xe0, 0x0, 0x0, 0x7d, 0x0,
    0x0, 0xb, 0xd0, 0x0, 0x1, 0xfc, 0x0, 0x0,
    0x7f, 0x40, 0x0, 0x1f, 0xd0, 0x0, 0x1f, 0xf4,
    0x0, 0x1f, 0xfc, 0x0, 0x6f, 0xfd, 0x0, 0xf,
    0xf9, 0x0, 0x0, 0xa4, 0x0, 0x0, 0x0,

    /* U+021D "ȝ" */
    0x0, 0x6f, 0xe0, 0x0, 0xbf, 0xff, 0xd0, 0x1f,
    0x40, 0x7f, 0x1, 0x40, 0x0, 0xf4, 0x0, 0x0,
    0xf, 0x80, 0x0, 0x0, 0xf4, 0x0, 0x0, 0x1f,
    0x0, 0x0, 0x3, 0xe0, 0x0, 0x1, 0xf8, 0x0,
    0x1, 0xfe, 0x0, 0x2, 0xff, 0xfd, 0x0, 0x3e,
    0x2, 0xf4, 0x1, 0x0, 0xb, 0xc0, 0x0, 0x0,
    0x7c, 0x0, 0x0, 0xb, 0xc0, 0x0, 0x0, 0xf8,
    0x0, 0x0, 0x2f, 0x0, 0x0, 0xf, 0xd0, 0x0,
    0x1b, 0xf4, 0x0, 0x1f, 0xf4, 0x0, 0x3f, 0xf4,
    0x0, 0x3, 0xe0, 0x0, 0x0, 0x0, 0x0, 0x0,
    0x0,

    /* U+021E "Ȟ" */
    0x0, 0x24, 0x2, 0x40, 0x0, 0xf, 0x43, 0xc0,
    0x0, 0x0, 0xf7, 0xc0, 0x0, 0x0, 0xf, 0xd0,
    0x0, 0x0, 0x0, 0x0, 0x0, 0x0, 0x0, 0x0,
    0x0, 0x7, 0xe0, 0x0, 0x1, 0xf5, 0xf8, 0x0,
    0x0, 0x7d, 0x7e, 0x0, 0x0, 0x1f, 0x5f, 0x80,
    0x0, 0x7, 0xd7, 0xe0, 0x0, 0x1, 0xf5, 0xf8,
    0x0, 0x0, 0x7d, 0x7e, 0x0, 0x0, 0x1f, 0x5f,
    0x80, 0x0, 0x7, 0xd7, 0xe5, 0x55, 0x56, 0xf5,
    0xff, 0xff, 0xff, 0xfd, 0x7f, 0xff, 0xff, 0xff,
    0x5f, 0x80, 0x0, 0x7, 0xd7, 0xe0, 0x0, 0x1,
    0xf5, 0xf8, 0x0, 0x0, 0x7d, 0x7e, 0x0, 0x0,
    0x1f, 0x5f, 0x80, 0x0, 0x7, 0xd7, 0xe0, 0x0,
    0x1, 0xf5, 0xf8, 0x0, 0x0, 0x7d, 0x7e, 0x0,
    0x0, 0x1f, 0x5f, 0x80, 0x0, 0x7, 0xd7, 0xe0,
    0x0, 0x1, 0xf4,

    /* U+021F "ȟ" */
    0x14, 0x1, 0x40, 0x0, 0x7, 0x82, 0xd0, 0x0,
    0x0, 0xba, 0xd0, 0x0, 0x0, 0xb, 0xe0, 0x0,
    0x0, 0x0, 0x0, 0x0, 0x0, 0x0, 0x7c, 0x0,
    0x0, 0x0, 0x1f, 0x0, 0x0, 0x0, 0x7, 0xc0,
    0x0, 0x0, 0x1, 0xf0, 0x0, 0x0, 0x0, 0x7c,
    0x0, 0x0, 0x0, 0x1f, 0x0, 0x0, 0x0, 0x7,
    0xc1, 0xff, 0x40, 0x1, 0xf3, 0xff, 0xfc, 0x0,
    0x7e, 0xe5, 0x7f, 0x80, 0x1f, 0xd0, 0x3, 0xf0,
    0x7, 0xe0, 0x0, 0x7c, 0x1, 0xf4, 0x0, 0xf,
    0x40, 0x7c, 0x0, 0x3, 0xd0, 0x1f, 0x0, 0x0,
    0xf4, 0x7, 0xc0, 0x0, 0x3d, 0x1, 0xf0, 0x0,
    0xf, 0x40, 0x7c, 0x0, 0x3, 0xd0, 0x1f, 0x0,
    0x0, 0xf4, 0x7, 0xc0, 0x0, 0x3d, 0x1, 0xf0,
    0x0, 0xf, 0x40, 0x7c, 0x0, 0x3, 0xd0, 0x1f,
    0x0, 0x0, 0xf4,

    /* U+0220 "Ƞ" */
    0x7e, 0x6, 0xfe, 0x40, 0x7e, 0x2f, 0xff, 0xe0,
    0x7e, 0xbf, 0xff, 0xf4, 0x7f, 0xf4, 0x2, 0xfc,
    0x7f, 0xc0, 0x0, 0xfd, 0x7f, 0x40, 0x0, 0x7e,
    0x7f, 0x0, 0x0, 0x3e, 0x7e, 0x0, 0x0, 0x3f,
    0x7e, 0x0, 0x0, 0x3f, 0x7e, 0x0, 0x0, 0x3f,
    0x7e, 0x0, 0x0, 0x3f, 0x7e, 0x0, 0x0, 0x3f,
    0x7e, 0x0, 0x0, 0x3f, 0x7e, 0x0, 0x0, 0x3f,
    0x7e, 0x0, 0x0, 0x3f, 0x7e, 0x0, 0x0, 0x3f,
    0x7e, 0x0, 0x0, 0x3f, 0x7e, 0x0, 0x0, 0x3f,
    0x7e, 0x0, 0x0, 0x3f, 0x7e, 0x0, 0x0, 0x3f,
    0x7e, 0x0, 0x0, 0x3f, 0x0, 0x0, 0x0, 0x3f,
    0x0, 0x0, 0x0, 0x3f, 0x0, 0x0, 0x0, 0x3f,
    0x0, 0x0, 0x0, 0x3f, 0x0, 0x0, 0x0, 0x3f,
    0x0, 0x0, 0x0, 0x3f,

    /* U+0221 "ȡ" */
    0x0, 0x0, 0x1, 0xf0, 0x0, 0x0, 0x0, 0x0,
    0x7c, 0x0, 0x0, 0x0, 0x0, 0x1f, 0x0, 0x0,
    0x0, 0x0, 0x7, 0xc0, 0x0, 0x0, 0x0, 0x1,
    0xf0, 0x0, 0x0, 0x0, 0x0, 0x7c, 0x0, 0x0,
    0xb, 0xfd, 0x1f, 0x0, 0x0, 0xf, 0xff, 0xe7,
    0xc0, 0x0, 0xf, 0xe4, 0x6f, 0xf0, 0x0, 0xb,
    0xd0, 0x2, 0xfc, 0x0, 0x3, 0xf0, 0x0, 0x3f,
    0x0, 0x0, 0xf4, 0x0, 0xb, 0xc0, 0x0, 0x7d,
    0x0, 0x1, 0xf0, 0x0, 0x1f, 0x0, 0x0, 0x7c,
    0x0, 0x7, 0xc0, 0x0, 0x1f, 0x0, 0x1, 0xf4,
    0x0, 0x7, 0xc3, 0xf8, 0x3d, 0x0, 0x2, 0xf7,
    0xff, 0x8f, 0xc0, 0x0, 0xff, 0xf2, 0xf2, 0xf4,
    0x0, 0xbf, 0xf4, 0xbc, 0x3f, 0x91, 0xbb, 0xfc,
    0xbe, 0x3, 0xff, 0xf8, 0xff, 0xff, 0x0, 0x2f,
    0xf4, 0x3f, 0xfe, 0x0, 0x0, 0x0, 0x2f, 0x0,
    0x0, 0x0, 0x0, 0x6, 0x40, 0x0,

    /* U+0222 "Ȣ" */
    0x0, 0x0, 0x2f, 0x80, 0x0, 0x0, 0x6, 0xfe,
    0x0, 0x1b, 0xf0, 0x7, 0xe0, 0x2f, 0xe4, 0x0,
    0xbc, 0x2f, 0x80, 0x0, 0x1f, 0x4f, 0xc0, 0x0,
    0x7, 0xd3, 0xf0, 0x0, 0x2, 0xf0, 0x7e, 0x0,
    0x0, 0xfc, 0xb, 0xe5, 0x16, 0xf8, 0x0, 0x2f,
    0xff, 0xe4, 0x0, 0x2f, 0xff, 0xff, 0x40, 0x3f,
    0x90, 0x7, 0xf8, 0x3f, 0x40, 0x0, 0x2f, 0x4f,
    0x80, 0x0, 0x3, 0xf7, 0xd0, 0x0, 0x0, 0xfd,
    0xf4, 0x0, 0x0, 0x3f, 0x3e, 0x0, 0x0, 0xf,
    0xcf, 0xe0, 0x0, 0xf, 0xd1, 0xff, 0x95, 0x6f,
    0xf0, 0x1f, 0xff, 0xff, 0xe0, 0x0, 0x6f, 0xff,
    0x80, 0x0,

    /* U+0223 "ȣ" */
    0x6, 0x0, 0x2, 0x80, 0x7c, 0x0, 0xf, 0x82,
    0xf0, 0x0, 0x2e, 0xb, 0xc0, 0x0, 0xbc, 0x2f,
    0x0, 0x3, 0xe0, 0x3e, 0x0, 0x1f, 0x40, 0xbe,
    0x56, 0xf8, 0x0, 0x7f, 0xff, 0x40, 0x2, 0xff,
    0xff, 0x0, 0x3f, 0x40, 0x7f, 0x43, 0xf0, 0x0,
    0x3f, 0x1f, 0x80, 0x0, 0x7d, 0x7d, 0x0, 0x1,
    0xf9, 0xf4, 0x0, 0x7, 0xd7, 0xe0, 0x0, 0x2f,
    0x4f, 0xd0, 0x0, 0xfc, 0x1f, 0xe5, 0x6f, 0xe0,
    0x1f, 0xff, 0xfe, 0x0, 0xb, 0xff, 0x80, 0x0,

    /* U+0224 "Ȥ" */
    0x7f, 0xff, 0xff, 0xff, 0x9f, 0xff, 0xff, 0xff,
    0xe1, 0x55, 0x55, 0x57, 0xf4, 0x0, 0x0, 0x2,
    0xf8, 0x0, 0x0, 0x2, 0xf8, 0x0, 0x0, 0x1,
    0xfc, 0x0, 0x0, 0x0, 0xfc, 0x0, 0x0, 0x0,
    0xfd, 0x0, 0x0, 0x0, 0xbe, 0x0, 0x0, 0x0,
    0x7f, 0x0, 0x0, 0x0, 0x3f, 0x0, 0x0, 0x0,
    0x3f, 0x40, 0x0, 0x0, 0x3f, 0x40, 0x0, 0x0,
    0x2f, 0x80, 0x0, 0x0, 0x1f, 0xc0, 0x0, 0x0,
    0xf, 0xc0, 0x0, 0x0, 0xf, 0xd0, 0x0, 0x0,
    0xb, 0xe0, 0x0, 0x0, 0x7, 0xf5, 0x55, 0x55,
    0x56, 0xff, 0xff, 0xff, 0xff, 0xbf, 0xff, 0xff,
    0xff, 0xc0, 0x0, 0x0, 0x2, 0xf0, 0x0, 0x0,
    0x0, 0xbc, 0x0, 0x0, 0x0, 0x3e, 0x0, 0x0,
    0x0, 0x6f, 0x40, 0x0, 0x1f, 0xff, 0xc0, 0x0,
    0x7, 0xff, 0x80,

    /* U+0225 "ȥ" */
    0x7f, 0xff, 0xff, 0x9f, 0xff, 0xff, 0xe0, 0x0,
    0x2, 0xf4, 0x0, 0x2, 0xf8, 0x0, 0x1, 0xf8,
    0x0, 0x0, 0xfc, 0x0, 0x0, 0xfc, 0x0, 0x0,
    0xfd, 0x0, 0x0, 0xbd, 0x0, 0x0, 0x7e, 0x0,
    0x0, 0x3f, 0x0, 0x0, 0x3f, 0x0, 0x0, 0x3f,
    0x0, 0x0, 0x2f, 0x40, 0x0, 0xf, 0xff, 0xff,
    0xfb, 0xff, 0xff, 0xfe, 0x0, 0x0, 0xf, 0x40,
    0x0, 0x3, 0xd0, 0x0, 0x1, 0xf4, 0x0, 0x1,
    0xfc, 0x0, 0xbf, 0xfd, 0x0, 0x2f, 0xfd, 0x0,

    /* U+0226 "Ȧ" */
    0x0, 0x0, 0xfc, 0x0, 0x0, 0x0, 0x3, 0xf0,
    0x0, 0x0, 0x0, 0xb, 0xc0, 0x0, 0x0, 0x0,
    0x0, 0x0, 0x0, 0x0, 0x0, 0x0, 0x0, 0x0,
    0x0, 0x3, 0xf4, 0x0, 0x0, 0x0, 0x2f, 0xe0,
    0x0, 0x0, 0x0, 0xff, 0xc0, 0x0, 0x0, 0x7,
    0xdf, 0x40, 0x0, 0x0, 0x2f, 0x3f, 0x0, 0x0,
    0x0, 0xf8, 0x7c, 0x0, 0x0, 0x7, 0xc0, 0xf8,
    0x0, 0x0, 0x3f, 0x2, 0xf0, 0x0, 0x0, 0xf4,
    0x7, 0xd0, 0x0, 0xb, 0xc0, 0xf, 0x80, 0x0,
    0x3e, 0x0, 0x2f, 0x0, 0x1, 0xf4, 0x0, 0x3d,
    0x0, 0xb, 0xc0, 0x0, 0xfc, 0x0, 0x3f, 0xff,
    0xff, 0xf0, 0x1, 0xff, 0xff, 0xff, 0xe0, 0xb,
    0xd5, 0x55, 0x5f, 0xc0, 0x3e, 0x0, 0x0, 0x1f,
    0x41, 0xf4, 0x0, 0x0, 0x3e, 0xf, 0xc0, 0x0,
    0x0, 0xfc, 0x3e, 0x0, 0x0, 0x1, 0xf6, 0xf4,
    0x0, 0x0, 0x3, 0xe0,

    /* U+0227 "ȧ" */
    0x0, 0x1f, 0x40, 0x0, 0x1, 0xf4, 0x0, 0x0,
    0x1f, 0x40, 0x0, 0x0, 0x50, 0x0, 0x0, 0x0,
    0x0, 0x0, 0x0, 0x0, 0x0, 0x1, 0xbf, 0xe4,
    0x0, 0xff, 0xff, 0xe0, 0xe, 0x51, 0x7f, 0x40,
    0x0, 0x0, 0xbc, 0x0, 0x0, 0x3, 0xd0, 0x0,
    0x0, 0x3d, 0x1, 0xbf, 0xff, 0xe0, 0xbf, 0xff,
    0xfe, 0x2f, 0x90, 0x3, 0xe3, 0xe0, 0x0, 0x3e,
    0x7d, 0x0, 0x3, 0xe7, 0xd0, 0x0, 0xbe, 0x3e,
    0x0, 0x1f, 0xe3, 0xf9, 0x1b, 0xfe, 0xf, 0xff,
    0xf3, 0xe0, 0x2f, 0xf4, 0x3e,

    /* U+0228 "Ȩ" */
    0x7f, 0xff, 0xff, 0xe7, 0xff, 0xff, 0xfe, 0x7e,
    0x55, 0x55, 0x47, 0xe0, 0x0, 0x0, 0x7e, 0x0,
    0x0, 0x7, 0xe0, 0x0, 0x0, 0x7e, 0x0, 0x0,
    0x7, 0xe0, 0x0, 0x0, 0x7e, 0x0, 0x0, 0x7,
    0xff, 0xff, 0xfc, 0x7f, 0xff, 0xff, 0xc7, 0xe5,
    0x55, 0x54, 0x7e, 0x0, 0x0, 0x7, 0xe0, 0x0,
    0x0, 0x7e, 0x0, 0x0, 0x7, 0xe0, 0x0, 0x0,
    0x7e, 0x0, 0x0, 0x7, 0xe0, 0x0, 0x0, 0x7e,
    0x55, 0x55, 0x57, 0xff, 0xff, 0xff, 0x7f, 0xff,
    0xff, 0xf0, 0x0, 0x38, 0x0, 0x0, 0x1, 0xd0,
    0x0, 0x0, 0xe, 0x0, 0x0, 0x1, 0xf0, 0x0,
    0xf, 0xfe, 0x0, 0x0, 0xbf, 0x80, 0x0,

    /* U+0229 "ȩ" */
    0x0, 0x2f, 0xf8, 0x0, 0xb, 0xff, 0xfd, 0x0,
    0xbf, 0x41, 0xfc, 0x7, 0xe0, 0x0, 0xfc, 0x3f,
    0x0, 0x1, 0xf4, 0xf8, 0x0, 0x3, 0xe7, 0xd0,
    0x0, 0xf, 0x9f, 0xff, 0xff, 0xfe, 0x7f, 0xff,
    0xff, 0xf9, 0xf0, 0x0, 0x0, 0x3, 0xd0, 0x0,
    0x0, 0xf, 0xc0, 0x0, 0x0, 0x1f, 0x80, 0x0,
    0x0, 0x2f, 0xd4, 0x1b, 0xc0, 0x2f, 0xff, 0xff,
    0x0, 0xb, 0xff, 0x90, 0x0, 0x1, 0xd0, 0x0,
    0x0, 0x3, 0xc0, 0x0, 0x0, 0xb, 0x40, 0x0,
    0x0, 0x3d, 0x0, 0x0, 0x7f, 0xf0, 0x0, 0x0,
    0xff, 0x0, 0x0,

    /* U+022A "Ȫ" */
    0x0, 0xf, 0xff, 0xf0, 0x0, 0x0, 0xf, 0xff,
    0xf0, 0x0, 0x0, 0x0, 0x0, 0x0, 0x0, 0x0,
    0x0, 0x0, 0x0, 0x0, 0x0, 0xf, 0x83, 0xf0,
    0x0, 0x0, 0xf, 0x83, 0xf0, 0x0, 0x0, 0xf,
    0x82, 0xf0, 0x0, 0x0, 0x0, 0x0, 0x0, 0x0,
    0x0, 0x0, 0x0, 0x0, 0x0, 0x0, 0x6, 0xff,
    0x90, 0x0, 0x0, 0x7f, 0xff, 0xfd, 0x0, 0x1,
    0xff, 0x55, 0xff, 0x40, 0x7, 0xf4, 0x0, 0x1f,
    0xd0, 0xf, 0xd0, 0x0, 0x7, 0xf0, 0x1f, 0x80,
    0x0, 0x2, 0xf8, 0x3f, 0x0, 0x0, 0x0, 0xfc,
    0x3f, 0x0, 0x0, 0x0, 0xfc, 0x7e, 0x0, 0x0,
    0x0, 0xbd, 0x7e, 0x0, 0x0, 0x0, 0xbd, 0x7d,
    0x0, 0x0, 0x0, 0x7d, 0x7e, 0x0, 0x0, 0x0,
    0xbd, 0x7e, 0x0, 0x0, 0x0, 0xbd, 0x3f, 0x0,
    0x0, 0x0, 0xfc, 0x3f, 0x0, 0x0, 0x0, 0xfc,
    0x1f, 0x80, 0x0, 0x2, 0xf8, 0xf, 0xd0, 0x0,
    0x3, 0xf0, 0x7, 0xf4, 0x0, 0x1f, 0xd0, 0x1,
    0xff, 0x55, 0xff, 0x40, 0x0, 0x7f, 0xff, 0xfd,
    0x0, 0x0, 0x6, 0xff, 0x90, 0x0,

    /* U+022B "ȫ" */
    0x0, 0x0, 0x0, 0x0, 0xb, 0xff, 0xf8, 0x0,
    0x2f, 0xff, 0xe0, 0x0, 0x0, 0x0, 0x0, 0x0,
    0x0, 0x0, 0x0, 0x7, 0xd0, 0xf8, 0x0, 0x1f,
    0x43, 0xe0, 0x0, 0x7c, 0xf, 0x80, 0x0, 0x0,
    0x0, 0x0, 0x0, 0x0, 0x0, 0x0, 0x0, 0x0,
    0x0, 0x0, 0x1b, 0xfd, 0x0, 0x3, 0xff, 0xff,
    0x0, 0x3f, 0xd1, 0xbf, 0x1, 0xf8, 0x0, 0xbe,
    0xf, 0xc0, 0x0, 0xfc, 0x3e, 0x0, 0x1, 0xf5,
    0xf4, 0x0, 0x3, 0xd7, 0xc0, 0x0, 0xf, 0x9f,
    0x0, 0x0, 0x3e, 0x7d, 0x0, 0x0, 0xf4, 0xf8,
    0x0, 0x7, 0xd3, 0xf0, 0x0, 0x3f, 0x7, 0xe0,
    0x1, 0xf8, 0xf, 0xe4, 0x6f, 0xc0, 0xf, 0xff,
    0xfc, 0x0, 0x6, 0xff, 0x40, 0x0,

    /* U+022C "Ȭ" */
    0x0, 0xf, 0xff, 0xf0, 0x0, 0x0, 0xf, 0xff,
    0xf0, 0x0, 0x0, 0x0, 0x0, 0x0, 0x0, 0x0,
    0x2, 0x90, 0x24, 0x0, 0x0, 0xf, 0xf8, 0x74,
    0x0, 0x0, 0x1e, 0x2f, 0xf0, 0x0, 0x0, 0x18,
    0x2, 0x80, 0x0, 0x0, 0x0, 0x0, 0x0, 0x0,
    0x0, 0x0, 0x0, 0x0, 0x0, 0x0, 0x6, 0xff,
    0x90, 0x0, 0x0, 0x7f, 0xff, 0xfd, 0x0, 0x1,
    0xff, 0x55, 0xff, 0x40, 0x7, 0xf4, 0x0, 0x1f,
    0xd0, 0xf, 0xd0, 0x0, 0x7, 0xf0, 0x1f, 0x80,
    0x0, 0x2, 0xf8, 0x3f, 0x0, 0x0, 0x0, 0xfc,
    0x3f, 0x0, 0x0, 0x0, 0xfc, 0x7e, 0x0, 0x0,
    0x0, 0xbd, 0x7e, 0x0, 0x0, 0x0, 0xbd, 0x7d,
    0x0, 0x0, 0x0, 0x7d, 0x7e, 0x0, 0x0, 0x0,
    0xbd, 0x7e, 0x0, 0x0, 0x0, 0xbd, 0x3f, 0x0,
    0x0, 0x0, 0xfc, 0x3f, 0x0, 0x0, 0x0, 0xfc,
    0x1f, 0x80, 0x0, 0x2, 0xf8, 0xf, 0xd0, 0x0,
    0x3, 0xf0, 0x7, 0xf4, 0x0, 0x1f, 0xd0, 0x1,
    0xff, 0x55, 0xff, 0x40, 0x0, 0x7f, 0xff, 0xfd,
    0x0, 0x0, 0x6, 0xff, 0x90, 0x0,

    /* U+022D "ȭ" */
    0x0, 0x0, 0x0, 0x0, 0xb, 0xff, 0xf8, 0x0,
    0x2f, 0xff, 0xe0, 0x0, 0x0, 0x0, 0x0, 0x0,
    0x0, 0x0, 0x0, 0x3, 0xfe, 0xbc, 0x0, 0x3e,
    0xbf, 0xd0, 0x0, 0x0, 0x0, 0x0, 0x0, 0x0,
    0x0, 0x0, 0x0, 0x0, 0x0, 0x0, 0x6, 0xff,
    0x40, 0x0, 0xff, 0xff, 0xc0, 0xf, 0xf4, 0x6f,
    0xc0, 0x7e, 0x0, 0x2f, 0x83, 0xf0, 0x0, 0x3f,
    0xf, 0x80, 0x0, 0x7d, 0x7d, 0x0, 0x0, 0xf5,
    0xf0, 0x0, 0x3, 0xe7, 0xc0, 0x0, 0xf, 0x9f,
    0x40, 0x0, 0x3d, 0x3e, 0x0, 0x1, 0xf4, 0xfc,
    0x0, 0xf, 0xc1, 0xf8, 0x0, 0x7e, 0x3, 0xf9,
    0x1b, 0xf0, 0x3, 0xff, 0xff, 0x0, 0x1, 0xbf,
    0xd0, 0x0,

    /* U+022E "Ȯ" */
    0x0, 0x0, 0x7d, 0x0, 0x0, 0x0, 0x0, 0x7d,
    0x0, 0x0, 0x0, 0x0, 0x7d, 0x0, 0x0, 0x0,
    0x0, 0x0, 0x0, 0x0, 0x0, 0x0, 0x0, 0x0,
    0x0, 0x0, 0x0, 0x0, 0x0, 0x0, 0x0, 0x6,
    0xff, 0x90, 0x0, 0x0, 0x7f, 0xff, 0xfd, 0x0,
    0x1, 0xff, 0x55, 0xff, 0x40, 0x7, 0xf4, 0x0,
    0x1f, 0xd0, 0xf, 0xd0, 0x0, 0x7, 0xf0, 0x1f,
    0x80, 0x0, 0x2, 0xf8, 0x3f, 0x0, 0x0, 0x0,
    0xfc, 0x3f, 0x0, 0x0, 0x0, 0xfc, 0x7e, 0x0,
    0x0, 0x0, 0xbd, 0x7e, 0x0, 0x0, 0x0, 0xbd,
    0x7d, 0x0, 0x0, 0x0, 0x7d, 0x7e, 0x0, 0x0,
    0x0, 0xbd, 0x7e, 0x0, 0x0, 0x0, 0xbd, 0x3f,
    0x0, 0x0, 0x0, 0xfc, 0x3f, 0x0, 0x0, 0x0,
    0xfc, 0x1f, 0x80, 0x0, 0x2, 0xf8, 0xf, 0xd0,
    0x0, 0x3, 0xf0, 0x7, 0xf4, 0x0, 0x1f, 0xd0,
    0x1, 0xff, 0x55, 0xff, 0x40, 0x0, 0x7f, 0xff,
    0xfd, 0x0, 0x0, 0x6, 0xff, 0x90, 0x0,

    /* U+022F "ȯ" */
    0x0, 0xb, 0xc0, 0x0, 0x0, 0x2f, 0x0, 0x0,
    0x0, 0xbc, 0x0, 0x0, 0x0, 0x40, 0x0, 0x0,
    0x0, 0x0, 0x0, 0x0, 0x0, 0x0, 0x0, 0x6,
    0xff, 0x40, 0x0, 0xff, 0xff, 0xc0, 0xf, 0xf4,
    0x6f, 0xc0, 0x7e, 0x0, 0x2f, 0x83, 0xf0, 0x0,
    0x3f, 0xf, 0x80, 0x0, 0x7d, 0x7d, 0x0, 0x0,
    0xf5, 0xf0, 0x0, 0x3, 0xe7, 0xc0, 0x0, 0xf,
    0x9f, 0x40, 0x0, 0x3d, 0x3e, 0x0, 0x1, 0xf4,
    0xfc, 0x0, 0xf, 0xc1, 0xf8, 0x0, 0x7e, 0x3,
    0xf9, 0x1b, 0xf0, 0x3, 0xff, 0xff, 0x0, 0x1,
    0xbf, 0xd0, 0x0,

    /* U+0230 "Ȱ" */
    0x0, 0xf, 0xff, 0xf0, 0x0, 0x0, 0xf, 0xff,
    0xf0, 0x0, 0x0, 0x0, 0x0, 0x0, 0x0, 0x0,
    0x0, 0x0, 0x0, 0x0, 0x0, 0x0, 0x7d, 0x0,
    0x0, 0x0, 0x0, 0x7d, 0x0, 0x0, 0x0, 0x0,
    0x7d, 0x0, 0x0, 0x0, 0x0, 0x0, 0x0, 0x0,
    0x0, 0x0, 0x0, 0x0, 0x0, 0x0, 0x6, 0xff,
    0x90, 0x0, 0x0, 0x7f, 0xff, 0xfd, 0x0, 0x1,
    0xff, 0x55, 0xff, 0x40, 0x7, 0xf4, 0x0, 0x1f,
    0xd0, 0xf, 0xd0, 0x0, 0x7, 0xf0, 0x1f, 0x80,
    0x0, 0x2, 0xf8, 0x3f, 0x0, 0x0, 0x0, 0xfc,
    0x3f, 0x0, 0x0, 0x0, 0xfc, 0x7e, 0x0, 0x0,
    0x0, 0xbd, 0x7e, 0x0, 0x0, 0x0, 0xbd, 0x7d,
    0x0, 0x0, 0x0, 0x7d, 0x7e, 0x0, 0x0, 0x0,
    0xbd, 0x7e, 0x0, 0x0, 0x0, 0xbd, 0x3f, 0x0,
    0x0, 0x0, 0xfc, 0x3f, 0x0, 0x0, 0x0, 0xfc,
    0x1f, 0x80, 0x0, 0x2, 0xf8, 0xf, 0xd0, 0x0,
    0x3, 0xf0, 0x7, 0xf4, 0x0, 0x1f, 0xd0, 0x1,
    0xff, 0x55, 0xff, 0x40, 0x0, 0x7f, 0xff, 0xfd,
    0x0, 0x0, 0x6, 0xff, 0x90, 0x0,

    /* U+0231 "ȱ" */
    0x0, 0x0, 0x0, 0x0, 0xb, 0xff, 0xf8, 0x0,
    0x2f, 0xff, 0xe0, 0x0, 0x0, 0x0, 0x0, 0x0,
    0x0, 0x0, 0x0, 0x0, 0x2f, 0x0, 0x0, 0x0,
    0xbc, 0x0, 0x0, 0x2, 0xf0, 0x0, 0x0, 0x1,
    0x0, 0x0, 0x0, 0x0, 0x0, 0x0, 0x0, 0x0,
    0x0, 0x0, 0x1b, 0xfd, 0x0, 0x3, 0xff, 0xff,
    0x0, 0x3f, 0xd1, 0xbf, 0x1, 0xf8, 0x0, 0xbe,
    0xf, 0xc0, 0x0, 0xfc, 0x3e, 0x0, 0x1, 0xf5,
    0xf4, 0x0, 0x3, 0xd7, 0xc0, 0x0, 0xf, 0x9f,
    0x0, 0x0, 0x3e, 0x7d, 0x0, 0x0, 0xf4, 0xf8,
    0x0, 0x7, 0xd3, 0xf0, 0x0, 0x3f, 0x7, 0xe0,
    0x1, 0xf8, 0xf, 0xe4, 0x6f, 0xc0, 0xf, 0xff,
    0xfc, 0x0, 0x6, 0xff, 0x40, 0x0,

    /* U+0232 "Ȳ" */
    0x0, 0x2f, 0xff, 0xe0, 0x0, 0x0, 0xbf, 0xff,
    0x80, 0x0, 0x0, 0x0, 0x0, 0x0, 0x0, 0x0,
    0x0, 0x0, 0x0, 0x0, 0x0, 0x0, 0x0, 0x0,
    0xbc, 0x0, 0x0, 0xf, 0xc0, 0xfc, 0x0, 0x0,
    0xfc, 0x1, 0xf8, 0x0, 0x7, 0xe0, 0x3, 0xf0,
    0x0, 0x3f, 0x0, 0x3, 0xf0, 0x2, 0xf0, 0x0,
    0x7, 0xe0, 0x1f, 0x80, 0x0, 0xf, 0xc0, 0xfc,
    0x0, 0x0, 0xf, 0xcb, 0xc0, 0x0, 0x0, 0x1f,
    0xbe, 0x0, 0x0, 0x0, 0x3f, 0xf0, 0x0, 0x0,
    0x0, 0x3f, 0x40, 0x0, 0x0, 0x0, 0xfc, 0x0,
    0x0, 0x0, 0x3, 0xf0, 0x0, 0x0, 0x0, 0xf,
    0xc0, 0x0, 0x0, 0x0, 0x3f, 0x0, 0x0, 0x0,
    0x0, 0xfc, 0x0, 0x0, 0x0, 0x3, 0xf0, 0x0,
    0x0, 0x0, 0xf, 0xc0, 0x0, 0x0, 0x0, 0x3f,
    0x0, 0x0, 0x0, 0x0, 0xfc, 0x0, 0x0, 0x0,
    0x3, 0xf0, 0x0, 0x0,

    /* U+0233 "ȳ" */
    0x0, 0xff, 0xff, 0x40, 0x0, 0xff, 0xff, 0x40,
    0x0, 0x0, 0x0, 0x0, 0x0, 0x0, 0x0, 0x0,
    0x0, 0x0, 0x0, 0x0, 0x0, 0x0, 0x0, 0x0,
    0x3e, 0x0, 0x0, 0x3e, 0x2f, 0x0, 0x0, 0xbc,
    0xf, 0x40, 0x0, 0xfc, 0xf, 0xc0, 0x1, 0xf4,
    0x7, 0xc0, 0x2, 0xf0, 0x3, 0xe0, 0x3, 0xe0,
    0x2, 0xf0, 0x7, 0xc0, 0x0, 0xf4, 0xf, 0xc0,
    0x0, 0xfc, 0xf, 0x40, 0x0, 0x7c, 0x2f, 0x0,
    0x0, 0x3e, 0x3e, 0x0, 0x0, 0x2f, 0x7d, 0x0,
    0x0, 0xf, 0xfc, 0x0, 0x0, 0xf, 0xf8, 0x0,
    0x0, 0x7, 0xf0, 0x0, 0x0, 0x3, 0xf0, 0x0,
    0x0, 0x7, 0xd0, 0x0, 0x0, 0xb, 0xc0, 0x0,
    0x0, 0xf, 0x80, 0x0, 0x0, 0x7f, 0x0, 0x0,
    0xf, 0xfd, 0x0, 0x0, 0xf, 0xf4, 0x0, 0x0,

    /* U+0234 "ȴ" */
    0x1f, 0x0, 0x0, 0x7c, 0x0, 0x1, 0xf0, 0x0,
    0x7, 0xc0, 0x0, 0x1f, 0x0, 0x0, 0x7c, 0x0,
    0x1, 0xf0, 0x0, 0x7, 0xc0, 0x0, 0x1f, 0x0,
    0x0, 0x7c, 0x0, 0x1, 0xf0, 0x0, 0x7, 0xc0,
    0x0, 0x1f, 0x0, 0x0, 0x7c, 0x0, 0x1, 0xf0,
    0x0, 0x7, 0xc7, 0xf8, 0x1f, 0x7f, 0xf8, 0x7f,
    0xf3, 0xe1, 0xff, 0xf, 0x87, 0xf8, 0xbd, 0xf,
    0xff, 0xf0, 0x3f, 0xfe, 0x2, 0xf0, 0x0, 0x6,
    0x40, 0x0,

    /* U+0235 "ȵ" */
    0x7c, 0x1f, 0xf4, 0x0, 0x0, 0x1f, 0x3f, 0xff,
    0xc0, 0x0, 0x7, 0xee, 0x57, 0xf8, 0x0, 0x1,
    0xfd, 0x0, 0x3f, 0x0, 0x0, 0x7e, 0x0, 0x7,
    0xc0, 0x0, 0x1f, 0x40, 0x0, 0xf4, 0x0, 0x7,
    0xc0, 0x0, 0x3d, 0x0, 0x1, 0xf0, 0x0, 0xf,
    0x40, 0x0, 0x7c, 0x0, 0x3, 0xd0, 0x0, 0x1f,
    0x0, 0x0, 0xf4, 0xff, 0x7, 0xc0, 0x0, 0x3d,
    0xff, 0xf1, 0xf0, 0x0, 0xf, 0xfc, 0xbc, 0x7c,
    0x0, 0x3, 0xfd, 0x2f, 0x1f, 0x0, 0x0, 0xff,
    0x1f, 0xc7, 0xc0, 0x0, 0x2f, 0xff, 0xc1, 0xf0,
    0x0, 0xf, 0xff, 0x80, 0x0, 0x0, 0x7, 0xd0,
    0x0, 0x0, 0x0, 0x1, 0x90, 0x0, 0x0,

    /* U+0236 "ȶ" */
    0x2, 0x80, 0x0, 0x7, 0xc0, 0x0, 0x7, 0xc0,
    0x0, 0x7, 0xc0, 0x0, 0x7, 0xc0, 0x0, 0x7f,
    0xff, 0xf4, 0x7f, 0xff, 0xf4, 0x7, 0xc0, 0x0,
    0x7, 0xc0, 0x0, 0x7, 0xc0, 0x0, 0x7, 0xc0,
    0x0, 0x7, 0xc0, 0x0, 0x7, 0xc0, 0x0, 0x7,
    0xc0, 0x0, 0x7, 0xc7, 0xf8, 0x7, 0xdf, 0xfe,
    0x7, 0xff, 0x3f, 0x7, 0xfc, 0x3f, 0x3, 0xf8,
    0xbe, 0x3, 0xff, 0xfc, 0x3, 0xff, 0xe0, 0xb,
    0xc0, 0x0, 0x6, 0x40, 0x0,

    /* U+0237 "ȷ" */
    0x1, 0xf0, 0x7, 0xc0, 0x1f, 0x0, 0x7c, 0x1,
    0xf0, 0x7, 0xc0, 0x1f, 0x0, 0x7c, 0x1, 0xf0,
    0x7, 0xc0, 0x1f, 0x0, 0x7c, 0x1, 0xf0, 0x7,
    0xc0, 0x1f, 0x0, 0x7c, 0x1, 0xf0, 0x7, 0xc0,
    0x2f, 0x1, 0xf8, 0xbf, 0xc2, 0xf8, 0x0,

    /* U+0238 "ȸ" */
    0x0, 0x0, 0x1, 0xf4, 0x0, 0x0, 0x0, 0x0,
    0x0, 0x1f, 0x40, 0x0, 0x0, 0x0, 0x0, 0x1,
    0xf4, 0x0, 0x0, 0x0, 0x0, 0x0, 0x1f, 0x40,
    0x0, 0x0, 0x0, 0x0, 0x1, 0xf4, 0x0, 0x0,
    0x0, 0x0, 0x0, 0x1f, 0x40, 0x0, 0x0, 0x0,
    0xbf, 0xd1, 0xf4, 0x7f, 0xd0, 0x0, 0x3f, 0xff,
    0x9f, 0x6f, 0xff, 0xc0, 0xf, 0xe4, 0x6f, 0xff,
    0x91, 0xbf, 0x2, 0xf4, 0x0, 0xbf, 0xe0, 0x2,
    0xf4, 0x3f, 0x0, 0x3, 0xfc, 0x0, 0xf, 0xc3,
    0xd0, 0x0, 0x2f, 0x80, 0x0, 0xbc, 0x7d, 0x0,
    0x1, 0xf4, 0x0, 0x7, 0xd7, 0xc0, 0x0, 0x1f,
    0x40, 0x0, 0x3d, 0x7c, 0x0, 0x1, 0xf4, 0x0,
    0x3, 0xd7, 0xd0, 0x0, 0x1f, 0x40, 0x0, 0x7d,
    0x3d, 0x0, 0x2, 0xf8, 0x0, 0xb, 0xc3, 0xf0,
    0x0, 0x3f, 0xc0, 0x0, 0xfc, 0x2f, 0x40, 0xb,
    0xfe, 0x0, 0x2f, 0x40, 0xfe, 0x46, 0xff, 0xf9,
    0x1b, 0xf0, 0x3, 0xff, 0xf9, 0xf6, 0xff, 0xfc,
    0x0, 0xb, 0xfd, 0x1f, 0x47, 0xfd, 0x0,

    /* U+0239 "ȹ" */
    0x0, 0xbf, 0xd1, 0xf4, 0x7f, 0xd0, 0x0, 0x3f,
    0xff, 0x9f, 0x6f, 0xff, 0xc0, 0xf, 0xe4, 0x6f,
    0xff, 0x91, 0xbf, 0x2, 0xf4, 0x0, 0xbf, 0xe0,
    0x2, 0xf4, 0x3f, 0x0, 0x3, 0xfc, 0x0, 0xf,
    0xc3, 0xd0, 0x0, 0x2f, 0x80, 0x0, 0xbc, 0x7d,
    0x0, 0x1, 0xf4, 0x0, 0x7, 0xd7, 0xc0, 0x0,
    0x1f, 0x40, 0x0, 0x3d, 0x7c, 0x0, 0x1, 0xf4,
    0x0, 0x3, 0xd7, 0xd0, 0x0, 0x1f, 0x40, 0x0,
    0x7d, 0x3d, 0x0, 0x2, 0xf8, 0x0, 0xb, 0xc3,
    0xf0, 0x0, 0x3f, 0xc0, 0x0, 0xfc, 0x2f, 0x40,
    0xb, 0xfe, 0x0, 0x2f, 0x40, 0xfe, 0x46, 0xff,
    0xf9, 0x1b, 0xf0, 0x3, 0xff, 0xf9, 0xf6, 0xff,
    0xfc, 0x0, 0xb, 0xfd, 0x1f, 0x47, 0xfd, 0x0,
    0x0, 0x0, 0x1, 0xf4, 0x0, 0x0, 0x0, 0x0,
    0x0, 0x1f, 0x40, 0x0, 0x0, 0x0, 0x0, 0x1,
    0xf4, 0x0, 0x0, 0x0, 0x0, 0x0, 0x1f, 0x40,
    0x0, 0x0, 0x0, 0x0, 0x1, 0xf4, 0x0, 0x0,
    0x0, 0x0, 0x0, 0x1f, 0x40, 0x0, 0x0,

    /* U+023A "Ⱥ" */
    0x0, 0x0, 0x0, 0x0, 0x9, 0x0, 0x0, 0xf,
    0xd0, 0x7, 0xc0, 0x0, 0xb, 0xf8, 0x7, 0xc0,
    0x0, 0x3, 0xff, 0x3, 0xd0, 0x0, 0x1, 0xf7,
    0xd3, 0xe0, 0x0, 0x0, 0xbc, 0xfe, 0xe0, 0x0,
    0x0, 0x3e, 0x1f, 0xf0, 0x0, 0x0, 0x1f, 0x3,
    0xf0, 0x0, 0x0, 0xf, 0xc1, 0xfc, 0x0, 0x0,
    0x3, 0xd0, 0xff, 0x40, 0x0, 0x2, 0xf0, 0xfb,
    0xe0, 0x0, 0x0, 0xf8, 0xf8, 0xbc, 0x0, 0x0,
    0x7d, 0xbc, 0xf, 0x40, 0x0, 0x2f, 0xbc, 0x3,
    0xf0, 0x0, 0xf, 0xff, 0xff, 0xfc, 0x0, 0x7,
    0xff, 0xff, 0xff, 0x80, 0x2, 0xfe, 0x55, 0x57,
    0xf0, 0x0, 0xfe, 0x0, 0x0, 0x7d, 0x0, 0x7f,
    0x0, 0x0, 0xf, 0x80, 0x3f, 0x0, 0x0, 0x3,
    0xf0, 0xf, 0x80, 0x0, 0x0, 0x7d, 0xf, 0xd0,
    0x0, 0x0, 0xf, 0x80, 0x80, 0x0, 0x0, 0x0,
    0x0,

    /* U+023B "Ȼ" */
    0x0, 0x0, 0x0, 0x0, 0x0, 0x0, 0x1, 0xbf,
    0xf9, 0x3c, 0x0, 0x1f, 0xff, 0xff, 0xf8, 0x0,
    0x7f, 0xe5, 0x6f, 0xf0, 0x1, 0xfd, 0x0, 0x7,
    0xf0, 0x3, 0xf4, 0x0, 0xf, 0x10, 0x7, 0xe0,
    0x0, 0x3d, 0x0, 0xf, 0xc0, 0x0, 0xf4, 0x0,
    0xf, 0xc0, 0x2, 0xe0, 0x0, 0x1f, 0x80, 0xb,
    0x80, 0x0, 0x1f, 0x80, 0x1f, 0x0, 0x0, 0x1f,
    0x80, 0x3c, 0x0, 0x0, 0x1f, 0x80, 0xf0, 0x0,
    0x0, 0x1f, 0x83, 0xd0, 0x0, 0x0, 0xf, 0xcb,
    0x40, 0x0, 0x0, 0xf, 0xee, 0x0, 0x0, 0x0,
    0x7, 0xf8, 0x0, 0x0, 0x0, 0x3, 0xf4, 0x0,
    0x0, 0x10, 0x7, 0xfd, 0x0, 0x0, 0xb0, 0x1f,
    0xbf, 0xe5, 0x6f, 0xf0, 0x3d, 0xf, 0xff, 0xff,
    0xd0, 0xb4, 0x1, 0xbf, 0xf9, 0x0, 0x10, 0x0,
    0x0, 0x0, 0x0,

    /* U+023C "ȼ" */
    0x0, 0x0, 0x0, 0x14, 0x0, 0xb, 0xfe, 0xbc,
    0x0, 0xbf, 0xff, 0xf0, 0x2, 0xfd, 0x47, 0xe0,
    0x7, 0xf0, 0xb, 0x80, 0xf, 0xc0, 0x1e, 0x0,
    0xf, 0x80, 0x3c, 0x0, 0x1f, 0x40, 0xf0, 0x0,
    0x1f, 0x3, 0xc0, 0x0, 0x1f, 0xb, 0x40, 0x0,
    0x1f, 0x5e, 0x0, 0x0, 0xf, 0xb8, 0x0, 0x0,
    0xf, 0xf0, 0x0, 0x0, 0x7, 0xe0, 0x0, 0x0,
    0xf, 0xfd, 0x5, 0xe0, 0x3d, 0xbf, 0xff, 0xe0,
    0xb8, 0xb, 0xfe, 0x40, 0x20, 0x0, 0x0, 0x0,

    /* U+023D "Ƚ" */
    0x7, 0xe0, 0x0, 0x0, 0x7, 0xe0, 0x0, 0x0,
    0x7, 0xe0, 0x0, 0x0, 0x7, 0xe0, 0x0, 0x0,
    0x7, 0xe0, 0x0, 0x0, 0x7, 0xe0, 0x0, 0x0,
    0x7, 0xe0, 0x0, 0x0, 0x7, 0xe0, 0x0, 0x0,
    0x7, 0xe0, 0x0, 0x0, 0xff, 0xff, 0x0, 0x0,
    0xff, 0xff, 0x0, 0x0, 0x7, 0xe0, 0x0, 0x0,
    0x7, 0xe0, 0x0, 0x0, 0x7, 0xe0, 0x0, 0x0,
    0x7, 0xe0, 0x0, 0x0, 0x7, 0xe0, 0x0, 0x0,
    0x7, 0xe0, 0x0, 0x0, 0x7, 0xe0, 0x0, 0x0,
    0x7, 0xe5, 0x55, 0x54, 0x7, 0xff, 0xff, 0xfd,
    0x7, 0xff, 0xff, 0xfd,

    /* U+023E "Ⱦ" */
    0x0, 0x0, 0x0, 0x0, 0x9, 0x3, 0xff, 0xff,
    0xff, 0xff, 0xc0, 0xff, 0xff, 0xff, 0xff, 0xd0,
    0x15, 0x55, 0xfd, 0x5b, 0xd0, 0x0, 0x0, 0x3f,
    0x3, 0xe0, 0x0, 0x0, 0xf, 0xc2, 0xe0, 0x0,
    0x0, 0x3, 0xf2, 0xf0, 0x0, 0x0, 0x0, 0xfd,
    0xf0, 0x0, 0x0, 0x0, 0x3f, 0xf4, 0x0, 0x0,
    0x0, 0xf, 0xf4, 0x0, 0x0, 0x0, 0x3, 0xf8,
    0x0, 0x0, 0x0, 0x0, 0xfc, 0x0, 0x0, 0x0,
    0x0, 0x7f, 0x0, 0x0, 0x0, 0x0, 0x7f, 0xc0,
    0x0, 0x0, 0x0, 0x3f, 0xf0, 0x0, 0x0, 0x0,
    0x3e, 0xfc, 0x0, 0x0, 0x0, 0x2e, 0x3f, 0x0,
    0x0, 0x0, 0x2f, 0xf, 0xc0, 0x0, 0x0, 0x1f,
    0x3, 0xf0, 0x0, 0x0, 0xf, 0x0, 0xfc, 0x0,
    0x0, 0xf, 0x40, 0x3f, 0x0, 0x0, 0xf, 0x80,
    0xf, 0xc0, 0x0, 0x1, 0x80, 0x0, 0x0, 0x0,
    0x0,

    /* U+023F "ȿ" */
    0x2, 0xff, 0xe4, 0x0, 0xff, 0xff, 0xd0, 0x3f,
    0x90, 0x6d, 0x3, 0xd0, 0x0, 0x0, 0x7c, 0x0,
    0x0, 0x7, 0xd0, 0x0, 0x0, 0x3f, 0x90, 0x0,
    0x1, 0xff, 0xf8, 0x0, 0x2, 0xff, 0xf8, 0x0,
    0x0, 0x6f, 0xe0, 0x0, 0x0, 0x3f, 0x0, 0x0,
    0x1, 0xf0, 0x0, 0x0, 0x1f, 0x6, 0x40, 0x7,
    0xf0, 0x7f, 0xef, 0xfc, 0x6, 0xff, 0xff, 0x0,
    0x1, 0xff, 0x0, 0x0, 0x2, 0xf8, 0x0, 0x0,
    0xf, 0xe0, 0x0, 0x0, 0x3f, 0x80, 0x0, 0x0,
    0xff, 0x40, 0x0, 0x2, 0xfd, 0x0, 0x0, 0x6,
    0xd0,

    /* U+0240 "ɀ" */
    0x7f, 0xff, 0xff, 0x87, 0xff, 0xff, 0xf8, 0x0,
    0x0, 0x2f, 0x40, 0x0, 0xb, 0xe0, 0x0, 0x1,
    0xf8, 0x0, 0x0, 0x3f, 0x0, 0x0, 0xf, 0xc0,
    0x0, 0x3, 0xf4, 0x0, 0x0, 0xbd, 0x0, 0x0,
    0x1f, 0x80, 0x0, 0x7, 0xf0, 0x0, 0x0, 0xfc,
    0x0, 0x0, 0x3f, 0x0, 0x0, 0xb, 0xd0, 0x0,
    0x0, 0xff, 0x80, 0x0, 0xf, 0xfe, 0x0, 0x0,
    0x3, 0xf8, 0x0, 0x0, 0xf, 0xe0, 0x0, 0x0,
    0x3f, 0x80, 0x0, 0x0, 0xfe, 0x0, 0x0, 0x3,
    0xfd, 0x0, 0x0, 0xf, 0xfe, 0x0, 0x0, 0x1f,
    0xe0,

    /* U+0241 "Ɂ" */
    0x2f, 0xff, 0xf9, 0x3, 0xff, 0xff, 0xff, 0xf,
    0x95, 0x56, 0xff, 0x10, 0x0, 0x0, 0xfd, 0x0,
    0x0, 0x1, 0xf8, 0x0, 0x0, 0x3, 0xf0, 0x0,
    0x0, 0xf, 0xc0, 0x0, 0x0, 0x3f, 0x0, 0x0,
    0x2, 0xf8, 0x0, 0x0, 0x2f, 0xc0, 0x7, 0xff,
    0xfd, 0x0, 0x1f, 0xff, 0x80, 0x0, 0x7e, 0x40,
    0x0, 0x1, 0xf4, 0x0, 0x0, 0x7, 0xd0, 0x0,
    0x0, 0x1f, 0x40, 0x0, 0x0, 0x7d, 0x0, 0x0,
    0x1, 0xf4, 0x0, 0x0, 0x7, 0xd0, 0x0, 0x0,
    0x1f, 0x40, 0x0, 0x0, 0x7d, 0x0, 0x0,

    /* U+0242 "ɂ" */
    0x2f, 0xfe, 0x0, 0xff, 0xff, 0xe0, 0xf9, 0x5f,
    0xf4, 0x40, 0x1, 0xfc, 0x0, 0x0, 0xbd, 0x0,
    0x0, 0xbd, 0x0, 0x0, 0x7d, 0x0, 0x0, 0xbd,
    0x0, 0x0, 0xfc, 0x0, 0x7, 0xfc, 0x3, 0xff,
    0xf0, 0x3, 0xff, 0x80, 0x3, 0xf0, 0x0, 0x3,
    0xf0, 0x0, 0x3, 0xf0, 0x0, 0x3, 0xf0, 0x0,

    /* U+0243 "Ƀ" */
    0x7, 0xff, 0xff, 0x90, 0x0, 0x7f, 0xff, 0xff,
    0x80, 0x7, 0xe5, 0x56, 0xfe, 0x0, 0x7e, 0x0,
    0x3, 0xf0, 0x7, 0xe0, 0x0, 0x2f, 0x40, 0x7e,
    0x0, 0x1, 0xf4, 0x7, 0xe0, 0x0, 0x2f, 0x0,
    0x7e, 0x0, 0x3, 0xf0, 0x7, 0xe5, 0x56, 0xfd,
    0x0, 0x7f, 0xff, 0xfe, 0x0, 0x7, 0xff, 0xff,
    0xf8, 0x0, 0x7e, 0x0, 0x7, 0xf0, 0x7, 0xe0,
    0x0, 0x1f, 0x80, 0x7e, 0x0, 0x0, 0xfc, 0xff,
    0xff, 0xf4, 0xb, 0xcf, 0xff, 0xff, 0x40, 0xbc,
    0x7, 0xe0, 0x0, 0xf, 0xc0, 0x7e, 0x0, 0x2,
    0xfc, 0x7, 0xe5, 0x55, 0xff, 0x0, 0x7f, 0xff,
    0xff, 0xd0, 0x7, 0xff, 0xff, 0x90, 0x0,

    /* U+0244 "Ʉ" */
    0xb, 0xc0, 0x0, 0x2, 0xf0, 0x2, 0xf0, 0x0,
    0x0, 0xbc, 0x0, 0xbc, 0x0, 0x0, 0x2f, 0x0,
    0x2f, 0x0, 0x0, 0xb, 0xc0, 0xb, 0xc0, 0x0,
    0x2, 0xf0, 0x2, 0xf0, 0x0, 0x0, 0xbc, 0x0,
    0xbc, 0x0, 0x0, 0x2f, 0x0, 0x2f, 0x0, 0x0,
    0xb, 0xc0, 0x1b, 0xd5, 0x55, 0x57, 0xf5, 0x3f,
    0xff, 0xff, 0xff, 0xff, 0xdf, 0xff, 0xff, 0xff,
    0xff, 0xf4, 0x2f, 0x0, 0x0, 0xb, 0xc0, 0xb,
    0xc0, 0x0, 0x2, 0xf0, 0x2, 0xf0, 0x0, 0x0,
    0xfc, 0x0, 0x7d, 0x0, 0x0, 0x3f, 0x0, 0x1f,
    0x80, 0x0, 0xf, 0xc0, 0x3, 0xf0, 0x0, 0x7,
    0xe0, 0x0, 0xbe, 0x0, 0x3, 0xf0, 0x0, 0xf,
    0xf5, 0x5b, 0xf4, 0x0, 0x0, 0xff, 0xff, 0xf4,
    0x0, 0x0, 0x6, 0xff, 0xe0, 0x0, 0x0,

    /* U+0245 "Ʌ" */
    0x0, 0x0, 0xfd, 0x0, 0x0, 0x0, 0xb, 0xf8,
    0x0, 0x0, 0x0, 0x3f, 0xf0, 0x0, 0x0, 0x1,
    0xfb, 0xd0, 0x0, 0x0, 0xb, 0xcf, 0xc0, 0x0,
    0x0, 0x3e, 0x1f, 0x0, 0x0, 0x1, 0xf4, 0x3e,
    0x0, 0x0, 0xf, 0xc0, 0xfc, 0x0, 0x0, 0x3e,
    0x1, 0xf4, 0x0, 0x2, 0xf0, 0x3, 0xe0, 0x0,
    0xf, 0xc0, 0xb, 0xc0, 0x0, 0x7d, 0x0, 0x1f,
    0x40, 0x2, 0xf0, 0x0, 0x3f, 0x0, 0xf, 0xc0,
    0x0, 0xbc, 0x0, 0x7d, 0x0, 0x1, 0xf8, 0x2,
    0xf0, 0x0, 0x3, 0xf0, 0xf, 0x80, 0x0, 0xb,
    0xd0, 0x7d, 0x0, 0x0, 0xf, 0x83, 0xf0, 0x0,
    0x0, 0x3f, 0xf, 0x80, 0x0, 0x0, 0x7d, 0xbd,
    0x0, 0x0, 0x0, 0xf8,

    /* U+0246 "Ɇ" */
    0x0, 0x0, 0x1, 0x80, 0x0, 0x0, 0x7c, 0x0,
    0x0, 0xb, 0x87, 0xff, 0xff, 0xfe, 0x7f, 0xff,
    0xff, 0xe7, 0xe5, 0x57, 0xe4, 0x7e, 0x0, 0x3d,
    0x7, 0xe0, 0x7, 0xc0, 0x7e, 0x0, 0xb8, 0x7,
    0xe0, 0xf, 0x40, 0x7e, 0x1, 0xf0, 0x7, 0xe5,
    0x7f, 0x54, 0x7f, 0xff, 0xff, 0xc7, 0xff, 0xff,
    0xfc, 0x7e, 0xb, 0x80, 0x7, 0xe0, 0xf4, 0x0,
    0x7e, 0x1f, 0x0, 0x7, 0xe2, 0xe0, 0x0, 0x7e,
    0x3d, 0x0, 0x7, 0xe7, 0xc0, 0x0, 0x7e, 0xb8,
    0x0, 0x7, 0xef, 0x95, 0x55, 0x7f, 0xff, 0xff,
    0xf7, 0xff, 0xff, 0xff, 0x3, 0xd0, 0x0, 0x0,
    0x7c, 0x0, 0x0, 0x6, 0x40, 0x0, 0x0,

    /* U+0247 "ɇ" */
    0x0, 0x0, 0x6, 0x40, 0x0, 0x0, 0x3d, 0x0,
    0x0, 0x1, 0xf0, 0x0, 0xb, 0xff, 0x80, 0x2,
    0xff, 0xff, 0x40, 0x2f, 0xd6, 0xff, 0x41, 0xf4,
    0xf, 0x6f, 0xf, 0x80, 0x7c, 0x3d, 0x3d, 0x3,
    0xd0, 0xf9, 0xff, 0xff, 0xff, 0xe7, 0xff, 0xff,
    0xff, 0x9f, 0x3, 0xc0, 0x0, 0x7d, 0x2f, 0x0,
    0x0, 0xf8, 0xf4, 0x0, 0x3, 0xfb, 0xc0, 0x0,
    0x7, 0xfe, 0x0, 0x4, 0xb, 0xf9, 0x6, 0xf0,
    0xb, 0xff, 0xff, 0xc0, 0x3e, 0xff, 0xe4, 0x1,
    0xf0, 0x0, 0x0, 0xf, 0x80, 0x0, 0x0,

    /* U+0248 "Ɉ" */
    0x0, 0x7e, 0x0, 0x1, 0xf8, 0x0, 0x7, 0xe0,
    0x0, 0x1f, 0x80, 0x0, 0x7e, 0x0, 0x1, 0xf8,
    0x0, 0x7, 0xe0, 0x0, 0x1f, 0x80, 0x0, 0x7e,
    0x0, 0x1, 0xf8, 0x0, 0xff, 0xff, 0x3, 0xff,
    0xfc, 0x5, 0x7e, 0x50, 0x1, 0xf8, 0x0, 0x7,
    0xe0, 0x0, 0x1f, 0x80, 0x0, 0x7e, 0x0, 0x1,
    0xf8, 0x0, 0x7, 0xe0, 0x0, 0x1f, 0x80, 0x0,
    0x7d, 0x0, 0x1, 0xf4, 0x0, 0xb, 0xd0, 0x0,
    0x3f, 0x0, 0x1b, 0xf8, 0x1, 0xff, 0xc0, 0x7,
    0xf4, 0x0, 0x0,

    /* U+0249 "ɉ" */
    0x1, 0xf0, 0x0, 0x7c, 0x0, 0x1f, 0x0, 0x1,
    0x40, 0x0, 0x0, 0x0, 0x0, 0x0, 0x1f, 0x0,
    0x7, 0xc0, 0x1, 0xf0, 0x0, 0x7c, 0x0, 0x1f,
    0x0, 0x7, 0xc0, 0x1, 0xf0, 0x1, 0xbd, 0x43,
    0xff, 0xf4, 0xff, 0xfd, 0x1, 0xf0, 0x0, 0x7c,
    0x0, 0x1f, 0x0, 0x7, 0xc0, 0x1, 0xf0, 0x0,
    0x7c, 0x0, 0x1f, 0x0, 0x7, 0xc0, 0x2, 0xf0,
    0x1, 0xf8, 0xb, 0xfc, 0x2, 0xf8, 0x0,

    /* U+024A "Ɋ" */
    0x0, 0xb, 0xfe, 0x2, 0xf0, 0x0, 0x2, 0xff,
    0xff, 0x8b, 0xc0, 0x0, 0x2f, 0xe5, 0x6f, 0xaf,
    0x0, 0x2, 0xfc, 0x0, 0xf, 0xfc, 0x0, 0xf,
    0xc0, 0x0, 0xf, 0xf0, 0x0, 0xbd, 0x0, 0x0,
    0x2f, 0xc0, 0x3, 0xf0, 0x0, 0x0, 0x3f, 0x0,
    0xf, 0xc0, 0x0, 0x0, 0xfc, 0x0, 0x7e, 0x0,
    0x0, 0x2, 0xf0, 0x1, 0xf4, 0x0, 0x0, 0xb,
    0xc0, 0x7, 0xd0, 0x0, 0x0, 0x2f, 0x0, 0x1f,
    0x40, 0x0, 0x0, 0xbc, 0x0, 0x7e, 0x0, 0x0,
    0x2, 0xf0, 0x0, 0xfc, 0x0, 0x0, 0xf, 0xc0,
    0x3, 0xf0, 0x0, 0x0, 0x3f, 0x0, 0xb, 0xd0,
    0x0, 0x2, 0xfc, 0x0, 0xf, 0xc0, 0x0, 0xf,
    0xf0, 0x0, 0x2f, 0xc0, 0x0, 0xff, 0xc0, 0x0,
    0x2f, 0xe5, 0x6f, 0xaf, 0x0, 0x0, 0x2f, 0xff,
    0xf8, 0xbc, 0x0, 0x0, 0xb, 0xfe, 0x1, 0xf0,
    0x0, 0x0, 0x0, 0x0, 0x7, 0xc0, 0x0, 0x0,
    0x0, 0x0, 0xf, 0x40, 0x0, 0x0, 0x0, 0x0,
    0x3f, 0x0, 0x0, 0x0, 0x0, 0x0, 0xbf, 0x50,
    0x0, 0x0, 0x0, 0x0, 0xff, 0xd0, 0x0, 0x0,
    0x0, 0x0, 0x7f, 0x40,

    /* U+024B "ɋ" */
    0x0, 0xbf, 0xd1, 0xf0, 0x0, 0x3f, 0xff, 0x9f,
    0x0, 0xf, 0xe4, 0x6f, 0xf0, 0x1, 0xf4, 0x0,
    0xbf, 0x0, 0x3f, 0x0, 0x3, 0xf0, 0x3, 0xd0,
    0x0, 0x2f, 0x0, 0x7d, 0x0, 0x1, 0xf0, 0x7,
    0xc0, 0x0, 0x1f, 0x0, 0x7c, 0x0, 0x1, 0xf0,
    0x7, 0xd0, 0x0, 0x1f, 0x0, 0x3d, 0x0, 0x2,
    0xf0, 0x3, 0xf0, 0x0, 0x3f, 0x0, 0x2f, 0x40,
    0xb, 0xf0, 0x0, 0xfe, 0x46, 0xff, 0x0, 0x3,
    0xff, 0xf9, 0xf0, 0x0, 0xb, 0xfd, 0x1f, 0x0,
    0x0, 0x0, 0x1, 0xf0, 0x0, 0x0, 0x0, 0xf,
    0x40, 0x0, 0x0, 0x0, 0xf4, 0x0, 0x0, 0x0,
    0xb, 0xd0, 0x0, 0x0, 0x0, 0x3f, 0xd0, 0x0,
    0x0, 0x0, 0xbd,

    /* U+024C "Ɍ" */
    0x7, 0xff, 0xfe, 0x40, 0x0, 0x1f, 0xff, 0xff,
    0xc0, 0x0, 0x7e, 0x55, 0xbf, 0xc0, 0x1, 0xf8,
    0x0, 0x3f, 0x40, 0x7, 0xe0, 0x0, 0x7f, 0x0,
    0x1f, 0x80, 0x0, 0xfc, 0x0, 0x7e, 0x0, 0x3,
    0xf0, 0x1, 0xf8, 0x0, 0xf, 0x80, 0x7, 0xe0,
    0x0, 0xbd, 0x0, 0x1f, 0x80, 0xb, 0xf0, 0xf,
    0xff, 0xff, 0xfe, 0x0, 0x3f, 0xff, 0xff, 0xf0,
    0x0, 0x57, 0xe5, 0x5b, 0xf0, 0x0, 0x1f, 0x80,
    0x7, 0xf0, 0x0, 0x7e, 0x0, 0xb, 0xd0, 0x1,
    0xf8, 0x0, 0xf, 0xc0, 0x7, 0xe0, 0x0, 0x2f,
    0x40, 0x1f, 0x80, 0x0, 0x3f, 0x0, 0x7e, 0x0,
    0x0, 0xbd, 0x1, 0xf8, 0x0, 0x0, 0xfc, 0x7,
    0xe0, 0x0, 0x2, 0xf4,

    /* U+024D "ɍ" */
    0x7, 0xc1, 0xfe, 0x7, 0xcf, 0xfe, 0x7, 0xef,
    0x55, 0x7, 0xf8, 0x0, 0x7, 0xf0, 0x0, 0x7,
    0xd0, 0x0, 0x7, 0xc0, 0x0, 0x1b, 0xd4, 0x0,
    0xff, 0xfd, 0x0, 0xff, 0xfd, 0x0, 0x7, 0xc0,
    0x0, 0x7, 0xc0, 0x0, 0x7, 0xc0, 0x0, 0x7,
    0xc0, 0x0, 0x7, 0xc0, 0x0, 0x7, 0xc0, 0x0,

    /* U+024E "Ɏ" */
    0x2f, 0x40, 0x0, 0x3, 0xf0, 0x3f, 0x0, 0x0,
    0x3f, 0x0, 0x7e, 0x0, 0x2, 0xf4, 0xf, 0xff,
    0xff, 0xff, 0xfc, 0x3f, 0xff, 0xff, 0xff, 0xf0,
    0x55, 0xfd, 0x5b, 0xe5, 0x40, 0x2, 0xf4, 0x3f,
    0x0, 0x0, 0x3, 0xf3, 0xf0, 0x0, 0x0, 0x7,
    0xff, 0x40, 0x0, 0x0, 0xb, 0xfc, 0x0, 0x0,
    0x0, 0xf, 0xc0, 0x0, 0x0, 0x0, 0x3f, 0x0,
    0x0, 0x0, 0x0, 0xfc, 0x0, 0x0, 0x0, 0x3,
    0xf0, 0x0, 0x0, 0x0, 0xf, 0xc0, 0x0, 0x0,
    0x0, 0x3f, 0x0, 0x0, 0x0, 0x0, 0xfc, 0x0,
    0x0, 0x0, 0x3, 0xf0, 0x0, 0x0, 0x0, 0xf,
    0xc0, 0x0, 0x0, 0x0, 0x3f, 0x0, 0x0, 0x0,
    0x0, 0xfc, 0x0, 0x0,

    /* U+024F "ɏ" */
    0x3e, 0x0, 0x0, 0x3e, 0xb, 0xc0, 0x0, 0x1f,
    0x0, 0xf4, 0x0, 0xf, 0xc0, 0x3f, 0x0, 0x3,
    0xd0, 0x7, 0xc0, 0x2, 0xf0, 0x0, 0xf4, 0x0,
    0xf8, 0x0, 0x3f, 0x0, 0x7d, 0x3, 0xff, 0xff,
    0xff, 0xfd, 0xff, 0xff, 0xff, 0xff, 0x40, 0x2f,
    0x7, 0xc0, 0x0, 0x3, 0xd3, 0xf0, 0x0, 0x0,
    0xfc, 0xf4, 0x0, 0x0, 0x1f, 0xfc, 0x0, 0x0,
    0x3, 0xfe, 0x0, 0x0, 0x0, 0xbf, 0x0, 0x0,
    0x0, 0xf, 0xc0, 0x0, 0x0, 0x3, 0xd0, 0x0,
    0x0, 0x2, 0xf0, 0x0, 0x0, 0x0, 0xf8, 0x0,
    0x0, 0x1, 0xfc, 0x0, 0x0, 0xf, 0xfd, 0x0,
    0x0, 0x3, 0xfd, 0x0, 0x0, 0x0,

    /* U+1EA0 "Ạ" */
    0x0, 0x0, 0xfd, 0x0, 0x0, 0x0, 0xb, 0xf8,
    0x0, 0x0, 0x0, 0x3f, 0xf0, 0x0, 0x0, 0x1,
    0xf7, 0xd0, 0x0, 0x0, 0xb, 0xcf, 0xc0, 0x0,
    0x0, 0x3e, 0x1f, 0x0, 0x0, 0x1, 0xf0, 0x3e,
    0x0, 0x0, 0xf, 0xc0, 0xbc, 0x0, 0x0, 0x3d,
    0x1, 0xf4, 0x0, 0x2, 0xf0, 0x3, 0xe0, 0x0,
    0xf, 0x80, 0xb, 0xc0, 0x0, 0x7d, 0x0, 0xf,
    0x40, 0x2, 0xf0, 0x0, 0x3f, 0x0, 0xf, 0xff,
    0xff, 0xfc, 0x0, 0x7f, 0xff, 0xff, 0xf8, 0x2,
    0xf5, 0x55, 0x57, 0xf0, 0xf, 0x80, 0x0, 0x7,
    0xd0, 0x7d, 0x0, 0x0, 0xf, 0x83, 0xf0, 0x0,
    0x0, 0x3f, 0xf, 0x80, 0x0, 0x0, 0x7d, 0xbd,
    0x0, 0x0, 0x0, 0xf8, 0x0, 0x0, 0x0, 0x0,
    0x0, 0x0, 0x0, 0x0, 0x0, 0x0, 0x0, 0x3e,
    0x0, 0x0, 0x0, 0x0, 0xf8, 0x0, 0x0, 0x0,
    0x3, 0xe0, 0x0, 0x0, 0x0, 0x1, 0x0, 0x0,
    0x0,

    /* U+1EA1 "ạ" */
    0x1, 0xbf, 0xe4, 0x0, 0xff, 0xff, 0xe0, 0xe,
    0x51, 0x7f, 0x40, 0x0, 0x0, 0xbc, 0x0, 0x0,
    0x3, 0xd0, 0x0, 0x0, 0x3d, 0x1, 0xbf, 0xff,
    0xe0, 0xbf, 0xff, 0xfe, 0x2f, 0x90, 0x3, 0xe3,
    0xe0, 0x0, 0x3e, 0x7d, 0x0, 0x3, 0xe7, 0xd0,
    0x0, 0xbe, 0x3e, 0x0, 0x1f, 0xe3, 0xf9, 0x1b,
    0xfe, 0xf, 0xff, 0xf3, 0xe0, 0x2f, 0xf4, 0x3e,
    0x0, 0x0, 0x0, 0x0, 0x0, 0x40, 0x0, 0x0,
    0x3e, 0x0, 0x0, 0x3, 0xe0, 0x0, 0x0, 0x3e,
    0x0, 0x0,

    /* U+1EA2 "Ả" */
    0x0, 0x2, 0xfe, 0x0, 0x0, 0x0, 0x9, 0x1f,
    0x0, 0x0, 0x0, 0x0, 0x3c, 0x0, 0x0, 0x0,
    0x7, 0xc0, 0x0, 0x0, 0x0, 0x38, 0x0, 0x0,
    0x0, 0x0, 0x0, 0x0, 0x0, 0x0, 0x0, 0x0,
    0x0, 0x0, 0x0, 0x3f, 0x40, 0x0, 0x0, 0x2,
    0xfe, 0x0, 0x0, 0x0, 0xf, 0xfc, 0x0, 0x0,
    0x0, 0x7d, 0xf4, 0x0, 0x0, 0x2, 0xf3, 0xf0,
    0x0, 0x0, 0xf, 0x87, 0xc0, 0x0, 0x0, 0x7c,
    0xf, 0x80, 0x0, 0x3, 0xf0, 0x2f, 0x0, 0x0,
    0xf, 0x40, 0x7d, 0x0, 0x0, 0xbc, 0x0, 0xf8,
    0x0, 0x3, 0xe0, 0x2, 0xf0, 0x0, 0x1f, 0x40,
    0x3, 0xd0, 0x0, 0xbc, 0x0, 0xf, 0xc0, 0x3,
    0xff, 0xff, 0xff, 0x0, 0x1f, 0xff, 0xff, 0xfe,
    0x0, 0xbd, 0x55, 0x55, 0xfc, 0x3, 0xe0, 0x0,
    0x1, 0xf4, 0x1f, 0x40, 0x0, 0x3, 0xe0, 0xfc,
    0x0, 0x0, 0xf, 0xc3, 0xe0, 0x0, 0x0, 0x1f,
    0x6f, 0x40, 0x0, 0x0, 0x3e,

    /* U+1EA3 "ả" */
    0x0, 0x2f, 0xd0, 0x0, 0xa, 0x4b, 0x40, 0x0,
    0x0, 0x74, 0x0, 0x0, 0xf, 0x0, 0x0, 0x3,
    0xc0, 0x0, 0x0, 0x70, 0x0, 0x0, 0x0, 0x0,
    0x0, 0x0, 0x0, 0x0, 0x1, 0xbf, 0xe4, 0x0,
    0xff, 0xff, 0xe0, 0xe, 0x51, 0x7f, 0x40, 0x0,
    0x0, 0xbc, 0x0, 0x0, 0x3, 0xd0, 0x0, 0x0,
    0x3d, 0x1, 0xbf, 0xff, 0xe0, 0xbf, 0xff, 0xfe,
    0x2f, 0x90, 0x3, 0xe3, 0xe0, 0x0, 0x3e, 0x7d,
    0x0, 0x3, 0xe7, 0xd0, 0x0, 0xbe, 0x3e, 0x0,
    0x1f, 0xe3, 0xf9, 0x1b, 0xfe, 0xf, 0xff, 0xf3,
    0xe0, 0x2f, 0xf4, 0x3e,

    /* U+1EA4 "Ấ" */
    0x0, 0x0, 0x0, 0x1, 0x90, 0x0, 0x0, 0x0,
    0x1f, 0x0, 0x0, 0x0, 0x0, 0xf4, 0x0, 0x0,
    0x19, 0xb, 0x40, 0x0, 0x2, 0xfe, 0x24, 0x0,
    0x0, 0x1f, 0x2e, 0x0, 0x0, 0x0, 0xf0, 0x2d,
    0x0, 0x0, 0x0, 0x0, 0x0, 0x0, 0x0, 0x0,
    0x0, 0x0, 0x0, 0x0, 0x3, 0xf4, 0x0, 0x0,
    0x0, 0x2f, 0xe0, 0x0, 0x0, 0x0, 0xff, 0xc0,
    0x0, 0x0, 0x7, 0xdf, 0x40, 0x0, 0x0, 0x2f,
    0x3f, 0x0, 0x0, 0x0, 0xf8, 0x7c, 0x0, 0x0,
    0x7, 0xc0, 0xf8, 0x0, 0x0, 0x3f, 0x2, 0xf0,
    0x0, 0x0, 0xf4, 0x7, 0xd0, 0x0, 0xb, 0xc0,
    0xf, 0x80, 0x0, 0x3e, 0x0, 0x2f, 0x0, 0x1,
    0xf4, 0x0, 0x3d, 0x0, 0xb, 0xc0, 0x0, 0xfc,
    0x0, 0x3f, 0xff, 0xff, 0xf0, 0x1, 0xff, 0xff,
    0xff, 0xe0, 0xb, 0xd5, 0x55, 0x5f, 0xc0, 0x3e,
    0x0, 0x0, 0x1f, 0x41, 0xf4, 0x0, 0x0, 0x3e,
    0xf, 0xc0, 0x0, 0x0, 0xfc, 0x3e, 0x0, 0x0,
    0x1, 0xf6, 0xf4, 0x0, 0x0, 0x3, 0xe0,

    /* U+1EA5 "ấ" */
    0x0, 0x0, 0x0, 0x24, 0x0, 0x0, 0x0, 0xf4,
    0x0, 0x0, 0x2, 0xe0, 0x0, 0x2f, 0xc7, 0x80,
    0x0, 0x3f, 0xd0, 0x0, 0x0, 0xf4, 0xf0, 0x0,
    0x2, 0xd0, 0x3c, 0x0, 0x0, 0x0, 0x0, 0x0,
    0x0, 0x0, 0x0, 0x0, 0x1, 0xbf, 0xe4, 0x0,
    0xf, 0xff, 0xfe, 0x0, 0xe, 0x51, 0x7f, 0x40,
    0x0, 0x0, 0xb, 0xc0, 0x0, 0x0, 0x3, 0xd0,
    0x0, 0x0, 0x3, 0xd0, 0x1, 0xbf, 0xff, 0xe0,
    0xb, 0xff, 0xff, 0xe0, 0x2f, 0x90, 0x3, 0xe0,
    0x3e, 0x0, 0x3, 0xe0, 0x7d, 0x0, 0x3, 0xe0,
    0x7d, 0x0, 0xb, 0xe0, 0x3e, 0x0, 0x1f, 0xe0,
    0x3f, 0x91, 0xbf, 0xe0, 0xf, 0xff, 0xf3, 0xe0,
    0x2, 0xff, 0x43, 0xe0,

    /* U+1EA6 "Ầ" */
    0x0, 0x0, 0x6, 0x80, 0x0, 0x0, 0x0, 0xf,
    0x80, 0x0, 0x0, 0x0, 0xf, 0x40, 0x0, 0x0,
    0x2a, 0xf, 0x0, 0x0, 0x2, 0xff, 0x0, 0x0,
    0x0, 0x1e, 0x2e, 0x0, 0x0, 0x0, 0xe0, 0x2d,
    0x0, 0x0, 0x0, 0x0, 0x0, 0x0, 0x0, 0x0,
    0x0, 0x0, 0x0, 0x0, 0x3, 0xf4, 0x0, 0x0,
    0x0, 0x2f, 0xe0, 0x0, 0x0, 0x0, 0xff, 0xc0,
    0x0, 0x0, 0x7, 0xdf, 0x40, 0x0, 0x0, 0x2f,
    0x3f, 0x0, 0x0, 0x0, 0xf8, 0x7c, 0x0, 0x0,
    0x7, 0xc0, 0xf8, 0x0, 0x0, 0x3f, 0x2, 0xf0,
    0x0, 0x0, 0xf4, 0x7, 0xd0, 0x0, 0xb, 0xc0,
    0xf, 0x80, 0x0, 0x3e, 0x0, 0x2f, 0x0, 0x1,
    0xf4, 0x0, 0x3d, 0x0, 0xb, 0xc0, 0x0, 0xfc,
    0x0, 0x3f, 0xff, 0xff, 0xf0, 0x1, 0xff, 0xff,
    0xff, 0xe0, 0xb, 0xd5, 0x55, 0x5f, 0xc0, 0x3e,
    0x0, 0x0, 0x1f, 0x41, 0xf4, 0x0, 0x0, 0x3e,
    0xf, 0xc0, 0x0, 0x0, 0xfc, 0x3e, 0x0, 0x0,
    0x1, 0xf6, 0xf4, 0x0, 0x0, 0x3, 0xe0,

    /* U+1EA7 "ầ" */
    0x0, 0x0, 0xa4, 0x0, 0x0, 0x7, 0xc0, 0x0,
    0x0, 0x1f, 0x0, 0x2, 0xf8, 0x78, 0x0, 0x7f,
    0xd0, 0x0, 0xf, 0xf, 0x0, 0x2, 0xd0, 0x3c,
    0x0, 0x0, 0x0, 0x0, 0x0, 0x0, 0x0, 0x0,
    0x1b, 0xfe, 0x40, 0xf, 0xff, 0xfe, 0x0, 0xe5,
    0x17, 0xf4, 0x0, 0x0, 0xb, 0xc0, 0x0, 0x0,
    0x3d, 0x0, 0x0, 0x3, 0xd0, 0x1b, 0xff, 0xfe,
    0xb, 0xff, 0xff, 0xe2, 0xf9, 0x0, 0x3e, 0x3e,
    0x0, 0x3, 0xe7, 0xd0, 0x0, 0x3e, 0x7d, 0x0,
    0xb, 0xe3, 0xe0, 0x1, 0xfe, 0x3f, 0x91, 0xbf,
    0xe0, 0xff, 0xff, 0x3e, 0x2, 0xff, 0x43, 0xe0,

    /* U+1EA8 "Ẩ" */
    0x0, 0x0, 0x0, 0xbf, 0x40, 0x0, 0x0, 0x5,
    0x4b, 0x40, 0x0, 0x0, 0x0, 0x1d, 0x0, 0x0,
    0x2a, 0x1, 0xe0, 0x0, 0x2, 0xff, 0x1e, 0x0,
    0x0, 0x1e, 0x2e, 0x10, 0x0, 0x0, 0xe0, 0x2d,
    0x0, 0x0, 0x0, 0x0, 0x0, 0x0, 0x0, 0x0,
    0x0, 0x0, 0x0, 0x0, 0x3, 0xf4, 0x0, 0x0,
    0x0, 0x2f, 0xe0, 0x0, 0x0, 0x0, 0xff, 0xc0,
    0x0, 0x0, 0x7, 0xdf, 0x40, 0x0, 0x0, 0x2f,
    0x3f, 0x0, 0x0, 0x0, 0xf8, 0x7c, 0x0, 0x0,
    0x7, 0xc0, 0xf8, 0x0, 0x0, 0x3f, 0x2, 0xf0,
    0x0, 0x0, 0xf4, 0x7, 0xd0, 0x0, 0xb, 0xc0,
    0xf, 0x80, 0x0, 0x3e, 0x0, 0x2f, 0x0, 0x1,
    0xf4, 0x0, 0x3d, 0x0, 0xb, 0xc0, 0x0, 0xfc,
    0x0, 0x3f, 0xff, 0xff, 0xf0, 0x1, 0xff, 0xff,
    0xff, 0xe0, 0xb, 0xd5, 0x55, 0x5f, 0xc0, 0x3e,
    0x0, 0x0, 0x1f, 0x41, 0xf4, 0x0, 0x0, 0x3e,
    0xf, 0xc0, 0x0, 0x0, 0xfc, 0x3e, 0x0, 0x0,
    0x1, 0xf6, 0xf4, 0x0, 0x0, 0x3, 0xe0,

    /* U+1EA9 "ẩ" */
    0x0, 0x0, 0x1f, 0xe0, 0x0, 0x0, 0x24, 0x7c,
    0x0, 0x0, 0x0, 0x3c, 0x0, 0x2f, 0x80, 0xf4,
    0x0, 0x3f, 0xd2, 0xc0, 0x0, 0xf0, 0xf1, 0x40,
    0x2, 0xd0, 0x3c, 0x0, 0x0, 0x0, 0x0, 0x0,
    0x0, 0x0, 0x0, 0x0, 0x1, 0xbf, 0xe4, 0x0,
    0xf, 0xff, 0xfe, 0x0, 0xe, 0x51, 0x7f, 0x40,
    0x0, 0x0, 0xb, 0xc0, 0x0, 0x0, 0x3, 0xd0,
    0x0, 0x0, 0x3, 0xd0, 0x1, 0xbf, 0xff, 0xe0,
    0xb, 0xff, 0xff, 0xe0, 0x2f, 0x90, 0x3, 0xe0,
    0x3e, 0x0, 0x3, 0xe0, 0x7d, 0x0, 0x3, 0xe0,
    0x7d, 0x0, 0xb, 0xe0, 0x3e, 0x0, 0x1f, 0xe0,
    0x3f, 0x91, 0xbf, 0xe0, 0xf, 0xff, 0xf3, 0xe0,
    0x2, 0xff, 0x43, 0xe0,

    /* U+1EAA "Ẫ" */
    0x0, 0xb, 0xe0, 0xf0, 0x0, 0x0, 0xbb, 0xff,
    0x80, 0x0, 0x2, 0x80, 0xa4, 0x0, 0x0, 0x0,
    0x2a, 0x0, 0x0, 0x0, 0x2, 0xff, 0x0, 0x0,
    0x0, 0x1e, 0x2e, 0x0, 0x0, 0x0, 0xe0, 0x2d,
    0x0, 0x0, 0x0, 0x0, 0x0, 0x0, 0x0, 0x0,
    0x0, 0x0, 0x0, 0x0, 0x3, 0xf4, 0x0, 0x0,
    0x0, 0x2f, 0xe0, 0x0, 0x0, 0x0, 0xff, 0xc0,
    0x0, 0x0, 0x7, 0xdf, 0x40, 0x0, 0x0, 0x2f,
    0x3f, 0x0, 0x0, 0x0, 0xf8, 0x7c, 0x0, 0x0,
    0x7, 0xc0, 0xf8, 0x0, 0x0, 0x3f, 0x2, 0xf0,
    0x0, 0x0, 0xf4, 0x7, 0xd0, 0x0, 0xb, 0xc0,
    0xf, 0x80, 0x0, 0x3e, 0x0, 0x2f, 0x0, 0x1,
    0xf4, 0x0, 0x3d, 0x0, 0xb, 0xc0, 0x0, 0xfc,
    0x0, 0x3f, 0xff, 0xff, 0xf0, 0x1, 0xff, 0xff,
    0xff, 0xe0, 0xb, 0xd5, 0x55, 0x5f, 0xc0, 0x3e,
    0x0, 0x0, 0x1f, 0x41, 0xf4, 0x0, 0x0, 0x3e,
    0xf, 0xc0, 0x0, 0x0, 0xfc, 0x3e, 0x0, 0x0,
    0x1, 0xf6, 0xf4, 0x0, 0x0, 0x3, 0xe0,

    /* U+1EAB "ẫ" */
    0x0, 0x64, 0x9, 0x0, 0x2f, 0xe1, 0xe0, 0x3,
    0x8b, 0xfc, 0x0, 0x24, 0xa, 0x0, 0x0, 0x2f,
    0x80, 0x0, 0x3, 0xfd, 0x0, 0x0, 0xf0, 0xf0,
    0x0, 0x2d, 0x3, 0xc0, 0x0, 0x0, 0x0, 0x0,
    0x0, 0x0, 0x0, 0x1, 0xbf, 0xe4, 0x0, 0xff,
    0xff, 0xe0, 0xe, 0x51, 0x7f, 0x40, 0x0, 0x0,
    0xbc, 0x0, 0x0, 0x3, 0xd0, 0x0, 0x0, 0x3d,
    0x1, 0xbf, 0xff, 0xe0, 0xbf, 0xff, 0xfe, 0x2f,
    0x90, 0x3, 0xe3, 0xe0, 0x0, 0x3e, 0x7d, 0x0,
    0x3, 0xe7, 0xd0, 0x0, 0xbe, 0x3e, 0x0, 0x1f,
    0xe3, 0xf9, 0x1b, 0xfe, 0xf, 0xff, 0xf3, 0xe0,
    0x2f, 0xf4, 0x3e,

    /* U+1EAC "Ậ" */
    0x0, 0x0, 0x64, 0x0, 0x0, 0x0, 0xb, 0xf8,
    0x0, 0x0, 0x0, 0x78, 0xb8, 0x0, 0x0, 0x3,
    0x80, 0xb4, 0x0, 0x0, 0x0, 0x0, 0x0, 0x0,
    0x0, 0x0, 0x0, 0x0, 0x0, 0x0, 0xf, 0xd0,
    0x0, 0x0, 0x0, 0xbf, 0x80, 0x0, 0x0, 0x3,
    0xff, 0x0, 0x0, 0x0, 0x1f, 0x7d, 0x0, 0x0,
    0x0, 0xbc, 0xfc, 0x0, 0x0, 0x3, 0xe1, 0xf0,
    0x0, 0x0, 0x1f, 0x3, 0xe0, 0x0, 0x0, 0xfc,
    0xb, 0xc0, 0x0, 0x3, 0xd0, 0x1f, 0x40, 0x0,
    0x2f, 0x0, 0x3e, 0x0, 0x0, 0xf8, 0x0, 0xbc,
    0x0, 0x7, 0xd0, 0x0, 0xf4, 0x0, 0x2f, 0x0,
    0x3, 0xf0, 0x0, 0xff, 0xff, 0xff, 0xc0, 0x7,
    0xff, 0xff, 0xff, 0x80, 0x2f, 0x55, 0x55, 0x7f,
    0x0, 0xf8, 0x0, 0x0, 0x7d, 0x7, 0xd0, 0x0,
    0x0, 0xf8, 0x3f, 0x0, 0x0, 0x3, 0xf0, 0xf8,
    0x0, 0x0, 0x7, 0xdb, 0xd0, 0x0, 0x0, 0xf,
    0x80, 0x0, 0x0, 0x0, 0x0, 0x0, 0x0, 0x0,
    0x0, 0x0, 0x0, 0x3, 0xe0, 0x0, 0x0, 0x0,
    0xf, 0x80, 0x0, 0x0, 0x0, 0x3e, 0x0, 0x0,
    0x0, 0x0, 0x10, 0x0, 0x0,

    /* U+1EAD "ậ" */
    0x0, 0x6, 0x0, 0x0, 0x2, 0xf8, 0x0, 0x0,
    0x3f, 0xd0, 0x0, 0xb, 0x4f, 0x0, 0x1, 0xe0,
    0x78, 0x0, 0x3c, 0x3, 0xc0, 0x0, 0x0, 0x0,
    0x0, 0x0, 0x0, 0x0, 0x1, 0xbf, 0xe4, 0x0,
    0xff, 0xff, 0xe0, 0xe, 0x51, 0x7f, 0x40, 0x0,
    0x0, 0xbc, 0x0, 0x0, 0x3, 0xd0, 0x0, 0x0,
    0x3d, 0x1, 0xbf, 0xff, 0xe0, 0xbf, 0xff, 0xfe,
    0x2f, 0x90, 0x3, 0xe3, 0xe0, 0x0, 0x3e, 0x7d,
    0x0, 0x3, 0xe7, 0xd0, 0x0, 0xbe, 0x3e, 0x0,
    0x1f, 0xe3, 0xf9, 0x1b, 0xfe, 0xf, 0xff, 0xf3,
    0xe0, 0x2f, 0xf4, 0x3e, 0x0, 0x0, 0x0, 0x0,
    0x0, 0x40, 0x0, 0x0, 0x3e, 0x0, 0x0, 0x3,
    0xe0, 0x0, 0x0, 0x3e, 0x0, 0x0,

    /* U+1EAE "Ắ" */
    0x0, 0x0, 0x7, 0xc0, 0x0, 0x0, 0x0, 0x3d,
    0x0, 0x0, 0x0, 0x2, 0xe0, 0x0, 0x0, 0x0,
    0x1f, 0x0, 0x0, 0x0, 0x2d, 0x0, 0xe0, 0x0,
    0x0, 0x3f, 0xff, 0x40, 0x0, 0x0, 0x2f, 0xe4,
    0x0, 0x0, 0x0, 0x0, 0x0, 0x0, 0x0, 0x0,
    0x0, 0x0, 0x0, 0x0, 0x3, 0xf4, 0x0, 0x0,
    0x0, 0x2f, 0xe0, 0x0, 0x0, 0x0, 0xff, 0xc0,
    0x0, 0x0, 0x7, 0xdf, 0x40, 0x0, 0x0, 0x2f,
    0x3f, 0x0, 0x0, 0x0, 0xf8, 0x7c, 0x0, 0x0,
    0x7, 0xc0, 0xf8, 0x0, 0x0, 0x3f, 0x2, 0xf0,
    0x0, 0x0, 0xf4, 0x7, 0xd0, 0x0, 0xb, 0xc0,
    0xf, 0x80, 0x0, 0x3e, 0x0, 0x2f, 0x0, 0x1,
    0xf4, 0x0, 0x3d, 0x0, 0xb, 0xc0, 0x0, 0xfc,
    0x0, 0x3f, 0xff, 0xff, 0xf0, 0x1, 0xff, 0xff,
    0xff, 0xe0, 0xb, 0xd5, 0x55, 0x5f, 0xc0, 0x3e,
    0x0, 0x0, 0x1f, 0x41, 0xf4, 0x0, 0x0, 0x3e,
    0xf, 0xc0, 0x0, 0x0, 0xfc, 0x3e, 0x0, 0x0,
    0x1, 0xf6, 0xf4, 0x0, 0x0, 0x3, 0xe0,

    /* U+1EAF "ắ" */
    0x0, 0x0, 0x64, 0x0, 0x0, 0x1f, 0x0, 0x0,
    0x3, 0xd0, 0x0, 0x0, 0xf4, 0x0, 0x0, 0x0,
    0x0, 0x0, 0x3c, 0x2, 0xc0, 0x2, 0xff, 0xf8,
    0x0, 0x6, 0xf9, 0x0, 0x0, 0x0, 0x0, 0x0,
    0x0, 0x0, 0x0, 0x1, 0xbf, 0xe4, 0x0, 0xff,
    0xff, 0xe0, 0xe, 0x51, 0x7f, 0x40, 0x0, 0x0,
    0xbc, 0x0, 0x0, 0x3, 0xd0, 0x0, 0x0, 0x3d,
    0x1, 0xbf, 0xff, 0xe0, 0xbf, 0xff, 0xfe, 0x2f,
    0x90, 0x3, 0xe3, 0xe0, 0x0, 0x3e, 0x7d, 0x0,
    0x3, 0xe7, 0xd0, 0x0, 0xbe, 0x3e, 0x0, 0x1f,
    0xe3, 0xf9, 0x1b, 0xfe, 0xf, 0xff, 0xf3, 0xe0,
    0x2f, 0xf4, 0x3e,

    /* U+1EB0 "Ằ" */
    0x0, 0xf, 0x40, 0x0, 0x0, 0x0, 0x1f, 0x0,
    0x0, 0x0, 0x0, 0x1f, 0x0, 0x0, 0x0, 0x0,
    0x2d, 0x0, 0x0, 0x0, 0x2d, 0x0, 0xe0, 0x0,
    0x0, 0x3f, 0xff, 0x40, 0x0, 0x0, 0x2f, 0xe4,
    0x0, 0x0, 0x0, 0x0, 0x0, 0x0, 0x0, 0x0,
    0x0, 0x0, 0x0, 0x0, 0x3, 0xf4, 0x0, 0x0,
    0x0, 0x2f, 0xe0, 0x0, 0x0, 0x0, 0xff, 0xc0,
    0x0, 0x0, 0x7, 0xdf, 0x40, 0x0, 0x0, 0x2f,
    0x3f, 0x0, 0x0, 0x0, 0xf8, 0x7c, 0x0, 0x0,
    0x7, 0xc0, 0xf8, 0x0, 0x0, 0x3f, 0x2, 0xf0,
    0x0, 0x0, 0xf4, 0x7, 0xd0, 0x0, 0xb, 0xc0,
    0xf, 0x80, 0x0, 0x3e, 0x0, 0x2f, 0x0, 0x1,
    0xf4, 0x0, 0x3d, 0x0, 0xb, 0xc0, 0x0, 0xfc,
    0x0, 0x3f, 0xff, 0xff, 0xf0, 0x1, 0xff, 0xff,
    0xff, 0xe0, 0xb, 0xd5, 0x55, 0x5f, 0xc0, 0x3e,
    0x0, 0x0, 0x1f, 0x41, 0xf4, 0x0, 0x0, 0x3e,
    0xf, 0xc0, 0x0, 0x0, 0xfc, 0x3e, 0x0, 0x0,
    0x1, 0xf6, 0xf4, 0x0, 0x0, 0x3, 0xe0,

    /* U+1EB1 "ằ" */
    0x1, 0x90, 0x0, 0x0, 0xf, 0x40, 0x0, 0x0,
    0x3c, 0x0, 0x0, 0x1, 0xf0, 0x0, 0x0, 0x0,
    0x0, 0x0, 0x3c, 0x2, 0xc0, 0x2, 0xff, 0xf8,
    0x0, 0x6, 0xf9, 0x0, 0x0, 0x0, 0x0, 0x0,
    0x0, 0x0, 0x0, 0x1, 0xbf, 0xe4, 0x0, 0xff,
    0xff, 0xe0, 0xe, 0x51, 0x7f, 0x40, 0x0, 0x0,
    0xbc, 0x0, 0x0, 0x3, 0xd0, 0x0, 0x0, 0x3d,
    0x1, 0xbf, 0xff, 0xe0, 0xbf, 0xff, 0xfe, 0x2f,
    0x90, 0x3, 0xe3, 0xe0, 0x0, 0x3e, 0x7d, 0x0,
    0x3, 0xe7, 0xd0, 0x0, 0xbe, 0x3e, 0x0, 0x1f,
    0xe3, 0xf9, 0x1b, 0xfe, 0xf, 0xff, 0xf3, 0xe0,
    0x2f, 0xf4, 0x3e,

    /* U+1EB2 "Ẳ" */
    0x0, 0x2, 0xfe, 0x0, 0x0, 0x0, 0x19, 0x1e,
    0x0, 0x0, 0x0, 0x0, 0x38, 0x0, 0x0, 0x0,
    0x3, 0xc0, 0x0, 0x0, 0x14, 0x3c, 0x50, 0x0,
    0x0, 0x74, 0x87, 0x80, 0x0, 0x0, 0xff, 0xfc,
    0x0, 0x0, 0x0, 0xbf, 0x80, 0x0, 0x0, 0x0,
    0x0, 0x0, 0x0, 0x0, 0x0, 0x0, 0x0, 0x0,
    0x0, 0xf, 0xd0, 0x0, 0x0, 0x0, 0xbf, 0x80,
    0x0, 0x0, 0x3, 0xff, 0x0, 0x0, 0x0, 0x1f,
    0x7d, 0x0, 0x0, 0x0, 0xbc, 0xfc, 0x0, 0x0,
    0x3, 0xe1, 0xf0, 0x0, 0x0, 0x1f, 0x3, 0xe0,
    0x0, 0x0, 0xfc, 0xb, 0xc0, 0x0, 0x3, 0xd0,
    0x1f, 0x40, 0x0, 0x2f, 0x0, 0x3e, 0x0, 0x0,
    0xf8, 0x0, 0xbc, 0x0, 0x7, 0xd0, 0x0, 0xf4,
    0x0, 0x2f, 0x0, 0x3, 0xf0, 0x0, 0xff, 0xff,
    0xff, 0xc0, 0x7, 0xff, 0xff, 0xff, 0x80, 0x2f,
    0x55, 0x55, 0x7f, 0x0, 0xf8, 0x0, 0x0, 0x7d,
    0x7, 0xd0, 0x0, 0x0, 0xf8, 0x3f, 0x0, 0x0,
    0x3, 0xf0, 0xf8, 0x0, 0x0, 0x7, 0xdb, 0xd0,
    0x0, 0x0, 0xf, 0x80,

    /* U+1EB3 "ẳ" */
    0x0, 0x7f, 0xc0, 0x0, 0x9, 0x1f, 0x0, 0x0,
    0x0, 0xb0, 0x0, 0x0, 0x2e, 0x0, 0x0, 0xb,
    0x40, 0x0, 0x3c, 0xa2, 0xc0, 0x2, 0xff, 0xf8,
    0x0, 0x6, 0xf9, 0x0, 0x0, 0x0, 0x0, 0x0,
    0x0, 0x0, 0x0, 0x1, 0xbf, 0xe4, 0x0, 0xff,
    0xff, 0xe0, 0xe, 0x51, 0x7f, 0x40, 0x0, 0x0,
    0xbc, 0x0, 0x0, 0x3, 0xd0, 0x0, 0x0, 0x3d,
    0x1, 0xbf, 0xff, 0xe0, 0xbf, 0xff, 0xfe, 0x2f,
    0x90, 0x3, 0xe3, 0xe0, 0x0, 0x3e, 0x7d, 0x0,
    0x3, 0xe7, 0xd0, 0x0, 0xbe, 0x3e, 0x0, 0x1f,
    0xe3, 0xf9, 0x1b, 0xfe, 0xf, 0xff, 0xf3, 0xe0,
    0x2f, 0xf4, 0x3e,

    /* U+1EB4 "Ẵ" */
    0x0, 0x6, 0x90, 0x60, 0x0, 0x0, 0x7f, 0xfb,
    0xc0, 0x0, 0x3, 0xc2, 0xfc, 0x0, 0x0, 0x0,
    0x0, 0x0, 0x0, 0x0, 0x2d, 0x1, 0xe0, 0x0,
    0x0, 0x3f, 0xff, 0x0, 0x0, 0x0, 0x2f, 0xe0,
    0x0, 0x0, 0x0, 0x0, 0x0, 0x0, 0x0, 0x0,
    0x0, 0x0, 0x0, 0x0, 0x3, 0xf4, 0x0, 0x0,
    0x0, 0x2f, 0xe0, 0x0, 0x0, 0x0, 0xff, 0xc0,
    0x0, 0x0, 0x7, 0xdf, 0x40, 0x0, 0x0, 0x2f,
    0x3f, 0x0, 0x0, 0x0, 0xf8, 0x7c, 0x0, 0x0,
    0x7, 0xc0, 0xf8, 0x0, 0x0, 0x3f, 0x2, 0xf0,
    0x0, 0x0, 0xf4, 0x7, 0xd0, 0x0, 0xb, 0xc0,
    0xf, 0x80, 0x0, 0x3e, 0x0, 0x2f, 0x0, 0x1,
    0xf4, 0x0, 0x3d, 0x0, 0xb, 0xc0, 0x0, 0xfc,
    0x0, 0x3f, 0xff, 0xff, 0xf0, 0x1, 0xff, 0xff,
    0xff, 0xe0, 0xb, 0xd5, 0x55, 0x5f, 0xc0, 0x3e,
    0x0, 0x0, 0x1f, 0x41, 0xf4, 0x0, 0x0, 0x3e,
    0xf, 0xc0, 0x0, 0x0, 0xfc, 0x3e, 0x0, 0x0,
    0x1, 0xf6, 0xf4, 0x0, 0x0, 0x3, 0xe0,

    /* U+1EB5 "ẵ" */
    0x0, 0x64, 0x9, 0x0, 0x3f, 0xe1, 0xd0, 0x3,
    0x8b, 0xfc, 0x0, 0x20, 0xa, 0x0, 0x0, 0x0,
    0x0, 0x0, 0x3c, 0x2, 0xc0, 0x2, 0xff, 0xf8,
    0x0, 0x6, 0xf9, 0x0, 0x0, 0x0, 0x0, 0x0,
    0x0, 0x0, 0x0, 0x1, 0xbf, 0xe4, 0x0, 0xff,
    0xff, 0xe0, 0xe, 0x51, 0x7f, 0x40, 0x0, 0x0,
    0xbc, 0x0, 0x0, 0x3, 0xd0, 0x0, 0x0, 0x3d,
    0x1, 0xbf, 0xff, 0xe0, 0xbf, 0xff, 0xfe, 0x2f,
    0x90, 0x3, 0xe3, 0xe0, 0x0, 0x3e, 0x7d, 0x0,
    0x3, 0xe7, 0xd0, 0x0, 0xbe, 0x3e, 0x0, 0x1f,
    0xe3, 0xf9, 0x1b, 0xfe, 0xf, 0xff, 0xf3, 0xe0,
    0x2f, 0xf4, 0x3e,

    /* U+1EB6 "Ặ" */
    0x0, 0x1d, 0x0, 0xb0, 0x0, 0x0, 0x3c, 0x7,
    0xc0, 0x0, 0x0, 0xbf, 0xfc, 0x0, 0x0, 0x0,
    0x7f, 0x80, 0x0, 0x0, 0x0, 0x0, 0x0, 0x0,
    0x0, 0x0, 0x0, 0x0, 0x0, 0x0, 0xf, 0xd0,
    0x0, 0x0, 0x0, 0xbf, 0x80, 0x0, 0x0, 0x3,
    0xff, 0x0, 0x0, 0x0, 0x1f, 0x7d, 0x0, 0x0,
    0x0, 0xbc, 0xfc, 0x0, 0x0, 0x3, 0xe1, 0xf0,
    0x0, 0x0, 0x1f, 0x3, 0xe0, 0x0, 0x0, 0xfc,
    0xb, 0xc0, 0x0, 0x3, 0xd0, 0x1f, 0x40, 0x0,
    0x2f, 0x0, 0x3e, 0x0, 0x0, 0xf8, 0x0, 0xbc,
    0x0, 0x7, 0xd0, 0x0, 0xf4, 0x0, 0x2f, 0x0,
    0x3, 0xf0, 0x0, 0xff, 0xff, 0xff, 0xc0, 0x7,
    0xff, 0xff, 0xff, 0x80, 0x2f, 0x55, 0x55, 0x7f,
    0x0, 0xf8, 0x0, 0x0, 0x7d, 0x7, 0xd0, 0x0,
    0x0, 0xf8, 0x3f, 0x0, 0x0, 0x3, 0xf0, 0xf8,
    0x0, 0x0, 0x7, 0xdb, 0xd0, 0x0, 0x0, 0xf,
    0x80, 0x0, 0x0, 0x0, 0x0, 0x0, 0x0, 0x0,
    0x0, 0x0, 0x0, 0x2, 0xf0, 0x0, 0x0, 0x0,
    0xb, 0xc0, 0x0, 0x0, 0x0, 0x2f, 0x0, 0x0,
    0x0, 0x0, 0x10, 0x0, 0x0,

    /* U+1EB7 "ặ" */
    0x3, 0x80, 0x1c, 0x0, 0x3d, 0x7, 0xc0, 0x1,
    0xff, 0xf4, 0x0, 0x2, 0xf9, 0x0, 0x0, 0x0,
    0x0, 0x0, 0x0, 0x0, 0x0, 0x1, 0xbf, 0xe4,
    0x0, 0xff, 0xff, 0xe0, 0xe, 0x51, 0x7f, 0x40,
    0x0, 0x0, 0xbc, 0x0, 0x0, 0x3, 0xd0, 0x0,
    0x0, 0x3d, 0x1, 0xbf, 0xff, 0xe0, 0xbf, 0xff,
    0xfe, 0x2f, 0x90, 0x3, 0xe3, 0xe0, 0x0, 0x3e,
    0x7d, 0x0, 0x3, 0xe7, 0xd0, 0x0, 0xbe, 0x3e,
    0x0, 0x1f, 0xe3, 0xf9, 0x1b, 0xfe, 0xf, 0xff,
    0xf3, 0xe0, 0x2f, 0xf4, 0x3e, 0x0, 0x0, 0x0,
    0x0, 0x0, 0x40, 0x0, 0x0, 0x2f, 0x0, 0x0,
    0x2, 0xf0, 0x0, 0x0, 0x2f, 0x0, 0x0,

    /* U+1EB8 "Ẹ" */
    0x7f, 0xff, 0xff, 0xe7, 0xff, 0xff, 0xfe, 0x7e,
    0x55, 0x55, 0x47, 0xe0, 0x0, 0x0, 0x7e, 0x0,
    0x0, 0x7, 0xe0, 0x0, 0x0, 0x7e, 0x0, 0x0,
    0x7, 0xe0, 0x0, 0x0, 0x7e, 0x55, 0x55, 0x47,
    0xff, 0xff, 0xfc, 0x7f, 0xff, 0xff, 0xc7, 0xe0,
    0x0, 0x0, 0x7e, 0x0, 0x0, 0x7, 0xe0, 0x0,
    0x0, 0x7e, 0x0, 0x0, 0x7, 0xe0, 0x0, 0x0,
    0x7e, 0x0, 0x0, 0x7, 0xe0, 0x0, 0x0, 0x7e,
    0x55, 0x55, 0x57, 0xff, 0xff, 0xff, 0x7f, 0xff,
    0xff, 0xf0, 0x0, 0x0, 0x0, 0x0, 0x0, 0x0,
    0x0, 0x0, 0xf4, 0x0, 0x0, 0xf, 0x40, 0x0,
    0x0, 0xf4, 0x0, 0x0, 0x5, 0x0, 0x0,

    /* U+1EB9 "ẹ" */
    0x0, 0x2f, 0xf8, 0x0, 0xb, 0xff, 0xfe, 0x0,
    0xbf, 0x51, 0xfd, 0x7, 0xd0, 0x0, 0xbc, 0x3e,
    0x0, 0x0, 0xf4, 0xf4, 0x0, 0x3, 0xe7, 0xff,
    0xff, 0xff, 0x9f, 0xff, 0xff, 0xfe, 0x7c, 0x0,
    0x0, 0x1, 0xf4, 0x0, 0x0, 0x3, 0xe0, 0x0,
    0x0, 0xf, 0xc0, 0x0, 0x0, 0x1f, 0xc0, 0x0,
    0x10, 0x2f, 0xe4, 0x1b, 0xc0, 0x2f, 0xff, 0xff,
    0x0, 0xb, 0xff, 0x90, 0x0, 0x0, 0x0, 0x0,
    0x0, 0x5, 0x0, 0x0, 0x0, 0x7c, 0x0, 0x0,
    0x1, 0xf0, 0x0, 0x0, 0x7, 0xc0, 0x0,

    /* U+1EBA "Ẻ" */
    0x0, 0x2f, 0xd0, 0x0, 0x5, 0xb, 0x40, 0x0,
    0x0, 0x74, 0x0, 0x0, 0x2d, 0x0, 0x0, 0x7,
    0x40, 0x0, 0x0, 0x0, 0x0, 0x0, 0x0, 0x0,
    0x7, 0xff, 0xff, 0xfe, 0x7f, 0xff, 0xff, 0xe7,
    0xe5, 0x55, 0x54, 0x7e, 0x0, 0x0, 0x7, 0xe0,
    0x0, 0x0, 0x7e, 0x0, 0x0, 0x7, 0xe0, 0x0,
    0x0, 0x7e, 0x0, 0x0, 0x7, 0xe5, 0x55, 0x54,
    0x7f, 0xff, 0xff, 0xc7, 0xff, 0xff, 0xfc, 0x7e,
    0x0, 0x0, 0x7, 0xe0, 0x0, 0x0, 0x7e, 0x0,
    0x0, 0x7, 0xe0, 0x0, 0x0, 0x7e, 0x0, 0x0,
    0x7, 0xe0, 0x0, 0x0, 0x7e, 0x0, 0x0, 0x7,
    0xe5, 0x55, 0x55, 0x7f, 0xff, 0xff, 0xf7, 0xff,
    0xff, 0xff,

    /* U+1EBB "ẻ" */
    0x0, 0x1b, 0xf0, 0x0, 0x0, 0x91, 0xf0, 0x0,
    0x0, 0x2, 0xd0, 0x0, 0x0, 0x1f, 0x0, 0x0,
    0x1, 0xf0, 0x0, 0x0, 0xb, 0x0, 0x0, 0x0,
    0x0, 0x0, 0x0, 0x0, 0x0, 0x0, 0x0, 0x2f,
    0xf8, 0x0, 0xb, 0xff, 0xfe, 0x0, 0xbf, 0x51,
    0xfd, 0x7, 0xd0, 0x0, 0xbc, 0x3e, 0x0, 0x0,
    0xf4, 0xf4, 0x0, 0x3, 0xe7, 0xff, 0xff, 0xff,
    0x9f, 0xff, 0xff, 0xfe, 0x7c, 0x0, 0x0, 0x1,
    0xf4, 0x0, 0x0, 0x3, 0xe0, 0x0, 0x0, 0xf,
    0xc0, 0x0, 0x0, 0x1f, 0xc0, 0x0, 0x10, 0x2f,
    0xe4, 0x1b, 0xc0, 0x2f, 0xff, 0xff, 0x0, 0xb,
    0xff, 0x90,

    /* U+1EBC "Ẽ" */
    0x1, 0xfd, 0xe, 0x0, 0x3e, 0xff, 0xc0, 0x2,
    0x41, 0xa0, 0x0, 0x0, 0x0, 0x0, 0x0, 0x0,
    0x0, 0x7, 0xff, 0xff, 0xfe, 0x7f, 0xff, 0xff,
    0xe7, 0xe5, 0x55, 0x54, 0x7e, 0x0, 0x0, 0x7,
    0xe0, 0x0, 0x0, 0x7e, 0x0, 0x0, 0x7, 0xe0,
    0x0, 0x0, 0x7e, 0x0, 0x0, 0x7, 0xe5, 0x55,
    0x54, 0x7f, 0xff, 0xff, 0xc7, 0xff, 0xff, 0xfc,
    0x7e, 0x0, 0x0, 0x7, 0xe0, 0x0, 0x0, 0x7e,
    0x0, 0x0, 0x7, 0xe0, 0x0, 0x0, 0x7e, 0x0,
    0x0, 0x7, 0xe0, 0x0, 0x0, 0x7e, 0x0, 0x0,
    0x7, 0xe5, 0x55, 0x55, 0x7f, 0xff, 0xff, 0xf7,
    0xff, 0xff, 0xff,

    /* U+1EBD "ẽ" */
    0x0, 0x7f, 0x43, 0x40, 0x3, 0xff, 0xfc, 0x0,
    0x1d, 0xb, 0xd0, 0x0, 0x0, 0x0, 0x0, 0x0,
    0x0, 0x0, 0x0, 0x0, 0x0, 0x0, 0x0, 0x2,
    0xff, 0x80, 0x0, 0xbf, 0xff, 0xe0, 0xb, 0xf5,
    0x1f, 0xd0, 0x7d, 0x0, 0xb, 0xc3, 0xe0, 0x0,
    0xf, 0x4f, 0x40, 0x0, 0x3e, 0x7f, 0xff, 0xff,
    0xf9, 0xff, 0xff, 0xff, 0xe7, 0xc0, 0x0, 0x0,
    0x1f, 0x40, 0x0, 0x0, 0x3e, 0x0, 0x0, 0x0,
    0xfc, 0x0, 0x0, 0x1, 0xfc, 0x0, 0x1, 0x2,
    0xfe, 0x41, 0xbc, 0x2, 0xff, 0xff, 0xf0, 0x0,
    0xbf, 0xf9, 0x0,

    /* U+1EBE "Ế" */
    0x0, 0x0, 0x0, 0x19, 0x0, 0x0, 0x0, 0x7c,
    0x0, 0x0, 0x0, 0xf4, 0x0, 0x6, 0x42, 0xd0,
    0x0, 0x2f, 0xe2, 0x40, 0x0, 0x7c, 0xb8, 0x0,
    0x0, 0xf0, 0x2d, 0x0, 0x0, 0x0, 0x0, 0x0,
    0x0, 0x0, 0x0, 0x0, 0x7f, 0xff, 0xff, 0xe0,
    0x7f, 0xff, 0xff, 0xe0, 0x7e, 0x55, 0x55, 0x40,
    0x7e, 0x0, 0x0, 0x0, 0x7e, 0x0, 0x0, 0x0,
    0x7e, 0x0, 0x0, 0x0, 0x7e, 0x0, 0x0, 0x0,
    0x7e, 0x0, 0x0, 0x0, 0x7e, 0x55, 0x55, 0x40,
    0x7f, 0xff, 0xff, 0xc0, 0x7f, 0xff, 0xff, 0xc0,
    0x7e, 0x0, 0x0, 0x0, 0x7e, 0x0, 0x0, 0x0,
    0x7e, 0x0, 0x0, 0x0, 0x7e, 0x0, 0x0, 0x0,
    0x7e, 0x0, 0x0, 0x0, 0x7e, 0x0, 0x0, 0x0,
    0x7e, 0x0, 0x0, 0x0, 0x7e, 0x55, 0x55, 0x50,
    0x7f, 0xff, 0xff, 0xf0, 0x7f, 0xff, 0xff, 0xf0,

    /* U+1EBF "ế" */
    0x0, 0x0, 0x0, 0x19, 0x0, 0x0, 0x0, 0xf,
    0x40, 0x0, 0x0, 0xf, 0x40, 0x0, 0x2f, 0x8b,
    0x40, 0x0, 0x1f, 0xf0, 0x0, 0x0, 0xf, 0xf,
    0x0, 0x0, 0xf, 0x1, 0xe0, 0x0, 0x0, 0x0,
    0x0, 0x0, 0x0, 0x0, 0x0, 0x0, 0x0, 0xb,
    0xfe, 0x0, 0x0, 0x2f, 0xff, 0xf8, 0x0, 0x2f,
    0xd4, 0x7f, 0x40, 0x1f, 0x40, 0x2, 0xf0, 0xf,
    0x80, 0x0, 0x3d, 0x3, 0xd0, 0x0, 0xf, 0x81,
    0xff, 0xff, 0xff, 0xe0, 0x7f, 0xff, 0xff, 0xf8,
    0x1f, 0x0, 0x0, 0x0, 0x7, 0xd0, 0x0, 0x0,
    0x0, 0xf8, 0x0, 0x0, 0x0, 0x3f, 0x0, 0x0,
    0x0, 0x7, 0xf0, 0x0, 0x4, 0x0, 0xbf, 0x90,
    0x6f, 0x0, 0xb, 0xff, 0xff, 0xc0, 0x0, 0x2f,
    0xfe, 0x40, 0x0,

    /* U+1EC0 "Ề" */
    0x0, 0x0, 0x64, 0x0, 0x0, 0x3, 0xd0, 0x0,
    0x0, 0xf, 0x0, 0x0, 0xa8, 0x7c, 0x0, 0x3f,
    0xe0, 0x0, 0xb, 0x4b, 0x40, 0x1, 0xe0, 0x3c,
    0x0, 0x0, 0x0, 0x0, 0x0, 0x0, 0x0, 0x7,
    0xff, 0xff, 0xfe, 0x7f, 0xff, 0xff, 0xe7, 0xe5,
    0x55, 0x54, 0x7e, 0x0, 0x0, 0x7, 0xe0, 0x0,
    0x0, 0x7e, 0x0, 0x0, 0x7, 0xe0, 0x0, 0x0,
    0x7e, 0x0, 0x0, 0x7, 0xe5, 0x55, 0x54, 0x7f,
    0xff, 0xff, 0xc7, 0xff, 0xff, 0xfc, 0x7e, 0x0,
    0x0, 0x7, 0xe0, 0x0, 0x0, 0x7e, 0x0, 0x0,
    0x7, 0xe0, 0x0, 0x0, 0x7e, 0x0, 0x0, 0x7,
    0xe0, 0x0, 0x0, 0x7e, 0x0, 0x0, 0x7, 0xe5,
    0x55, 0x55, 0x7f, 0xff, 0xff, 0xf7, 0xff, 0xff,
    0xff,

    /* U+1EC1 "ề" */
    0x0, 0x0, 0x28, 0x0, 0x0, 0x0, 0x7c, 0x0,
    0x0, 0x0, 0xb8, 0x0, 0x2, 0xf8, 0xb4, 0x0,
    0x1f, 0xf4, 0x0, 0x0, 0xf0, 0xf0, 0x0, 0xf,
    0x1, 0xe0, 0x0, 0x0, 0x0, 0x0, 0x0, 0x0,
    0x0, 0x0, 0x0, 0xbf, 0xe0, 0x0, 0x2f, 0xff,
    0xf8, 0x2, 0xfd, 0x47, 0xf4, 0x1f, 0x40, 0x2,
    0xf0, 0xf8, 0x0, 0x3, 0xd3, 0xd0, 0x0, 0xf,
    0x9f, 0xff, 0xff, 0xfe, 0x7f, 0xff, 0xff, 0xf9,
    0xf0, 0x0, 0x0, 0x7, 0xd0, 0x0, 0x0, 0xf,
    0x80, 0x0, 0x0, 0x3f, 0x0, 0x0, 0x0, 0x7f,
    0x0, 0x0, 0x40, 0xbf, 0x90, 0x6f, 0x0, 0xbf,
    0xff, 0xfc, 0x0, 0x2f, 0xfe, 0x40,

    /* U+1EC2 "Ể" */
    0x0, 0x0, 0x1b, 0xf4, 0x0, 0x0, 0x24, 0x6c,
    0x0, 0x0, 0x0, 0x2c, 0x0, 0xa, 0x80, 0xb8,
    0x0, 0x3f, 0xe1, 0xd0, 0x0, 0xb4, 0xf5, 0x40,
    0x1, 0xe0, 0x3c, 0x0, 0x0, 0x0, 0x0, 0x0,
    0x0, 0x0, 0x0, 0x0, 0x7f, 0xff, 0xff, 0xe0,
    0x7f, 0xff, 0xff, 0xe0, 0x7e, 0x55, 0x55, 0x40,
    0x7e, 0x0, 0x0, 0x0, 0x7e, 0x0, 0x0, 0x0,
    0x7e, 0x0, 0x0, 0x0, 0x7e, 0x0, 0x0, 0x0,
    0x7e, 0x0, 0x0, 0x0, 0x7e, 0x55, 0x55, 0x40,
    0x7f, 0xff, 0xff, 0xc0, 0x7f, 0xff, 0xff, 0xc0,
    0x7e, 0x0, 0x0, 0x0, 0x7e, 0x0, 0x0, 0x0,
    0x7e, 0x0, 0x0, 0x0, 0x7e, 0x0, 0x0, 0x0,
    0x7e, 0x0, 0x0, 0x0, 0x7e, 0x0, 0x0, 0x0,
    0x7e, 0x0, 0x0, 0x0, 0x7e, 0x55, 0x55, 0x50,
    0x7f, 0xff, 0xff, 0xf0, 0x7f, 0xff, 0xff, 0xf0,

    /* U+1EC3 "ể" */
    0x0, 0x0, 0xb, 0xf8, 0x0, 0x0, 0x9, 0x1f,
    0x0, 0x0, 0x0, 0xf, 0x0, 0xb, 0xe0, 0x3c,
    0x0, 0x1f, 0xf0, 0xf0, 0x0, 0x3c, 0x3c, 0x40,
    0x0, 0xf0, 0x1e, 0x0, 0x0, 0x0, 0x0, 0x0,
    0x0, 0x0, 0x0, 0x0, 0x0, 0x2f, 0xf8, 0x0,
    0x2, 0xff, 0xff, 0x80, 0xb, 0xf5, 0x1f, 0xd0,
    0x1f, 0x40, 0x2, 0xf0, 0x3e, 0x0, 0x0, 0xf4,
    0x3d, 0x0, 0x0, 0xf8, 0x7f, 0xff, 0xff, 0xf8,
    0x7f, 0xff, 0xff, 0xf8, 0x7c, 0x0, 0x0, 0x0,
    0x7d, 0x0, 0x0, 0x0, 0x3e, 0x0, 0x0, 0x0,
    0x3f, 0x0, 0x0, 0x0, 0x1f, 0xc0, 0x0, 0x10,
    0xb, 0xf9, 0x6, 0xf0, 0x2, 0xff, 0xff, 0xf0,
    0x0, 0x2f, 0xfe, 0x40,

    /* U+1EC4 "Ễ" */
    0x0, 0xfe, 0xf, 0x0, 0x3e, 0xff, 0xd0, 0x2,
    0x41, 0xa4, 0x0, 0x0, 0xa8, 0x0, 0x0, 0x3f,
    0xd0, 0x0, 0xb, 0x4f, 0x40, 0x2, 0xd0, 0x3c,
    0x0, 0x0, 0x0, 0x0, 0x0, 0x0, 0x0, 0x7,
    0xff, 0xff, 0xfe, 0x7f, 0xff, 0xff, 0xe7, 0xe5,
    0x55, 0x54, 0x7e, 0x0, 0x0, 0x7, 0xe0, 0x0,
    0x0, 0x7e, 0x0, 0x0, 0x7, 0xe0, 0x0, 0x0,
    0x7e, 0x0, 0x0, 0x7, 0xe5, 0x55, 0x54, 0x7f,
    0xff, 0xff, 0xc7, 0xff, 0xff, 0xfc, 0x7e, 0x0,
    0x0, 0x7, 0xe0, 0x0, 0x0, 0x7e, 0x0, 0x0,
    0x7, 0xe0, 0x0, 0x0, 0x7e, 0x0, 0x0, 0x7,
    0xe0, 0x0, 0x0, 0x7e, 0x0, 0x0, 0x7, 0xe5,
    0x55, 0x55, 0x7f, 0xff, 0xff, 0xf7, 0xff, 0xff,
    0xff,

    /* U+1EC5 "ễ" */
    0x0, 0x28, 0x2, 0x40, 0x3, 0xfe, 0x2d, 0x0,
    0x1e, 0x2f, 0xf0, 0x0, 0x60, 0x1a, 0x0, 0x0,
    0xb, 0xe0, 0x0, 0x0, 0x7f, 0xd0, 0x0, 0x3,
    0xc3, 0xc0, 0x0, 0x2c, 0x7, 0x80, 0x0, 0x0,
    0x0, 0x0, 0x0, 0x0, 0x0, 0x0, 0x2, 0xff,
    0x80, 0x0, 0xbf, 0xff, 0xe0, 0xb, 0xf5, 0x1f,
    0xd0, 0x7d, 0x0, 0xb, 0xc3, 0xe0, 0x0, 0xf,
    0x4f, 0x40, 0x0, 0x3e, 0x7f, 0xff, 0xff, 0xf9,
    0xff, 0xff, 0xff, 0xe7, 0xc0, 0x0, 0x0, 0x1f,
    0x40, 0x0, 0x0, 0x3e, 0x0, 0x0, 0x0, 0xfc,
    0x0, 0x0, 0x1, 0xfc, 0x0, 0x1, 0x2, 0xfe,
    0x41, 0xbc, 0x2, 0xff, 0xff, 0xf0, 0x0, 0xbf,
    0xf9, 0x0,

    /* U+1EC6 "Ệ" */
    0x0, 0xa, 0x40, 0x0, 0x3, 0xfd, 0x0, 0x0,
    0xf4, 0xf0, 0x0, 0x2d, 0x3, 0xc0, 0x0, 0x0,
    0x0, 0x0, 0x0, 0x0, 0x0, 0x7f, 0xff, 0xff,
    0xe7, 0xff, 0xff, 0xfe, 0x7e, 0x55, 0x55, 0x47,
    0xe0, 0x0, 0x0, 0x7e, 0x0, 0x0, 0x7, 0xe0,
    0x0, 0x0, 0x7e, 0x0, 0x0, 0x7, 0xe0, 0x0,
    0x0, 0x7e, 0x55, 0x55, 0x47, 0xff, 0xff, 0xfc,
    0x7f, 0xff, 0xff, 0xc7, 0xe0, 0x0, 0x0, 0x7e,
    0x0, 0x0, 0x7, 0xe0, 0x0, 0x0, 0x7e, 0x0,
    0x0, 0x7, 0xe0, 0x0, 0x0, 0x7e, 0x0, 0x0,
    0x7, 0xe0, 0x0, 0x0, 0x7e, 0x55, 0x55, 0x57,
    0xff, 0xff, 0xff, 0x7f, 0xff, 0xff, 0xf0, 0x0,
    0x0, 0x0, 0x0, 0x0, 0x0, 0x0, 0x0, 0xf4,
    0x0, 0x0, 0xf, 0x40, 0x0, 0x0, 0xf4, 0x0,
    0x0, 0x5, 0x0, 0x0,

    /* U+1EC7 "ệ" */
    0x0, 0x2, 0x40, 0x0, 0x0, 0x2f, 0x80, 0x0,
    0x1, 0xff, 0x0, 0x0, 0xf, 0x1e, 0x0, 0x0,
    0xb4, 0x2d, 0x0, 0x3, 0xc0, 0x3c, 0x0, 0x0,
    0x0, 0x0, 0x0, 0x0, 0x0, 0x0, 0x0, 0x2f,
    0xf8, 0x0, 0xb, 0xff, 0xfe, 0x0, 0xbf, 0x51,
    0xfd, 0x7, 0xd0, 0x0, 0xbc, 0x3e, 0x0, 0x0,
    0xf4, 0xf4, 0x0, 0x3, 0xe7, 0xff, 0xff, 0xff,
    0x9f, 0xff, 0xff, 0xfe, 0x7c, 0x0, 0x0, 0x1,
    0xf4, 0x0, 0x0, 0x3, 0xe0, 0x0, 0x0, 0xf,
    0xc0, 0x0, 0x0, 0x1f, 0xc0, 0x0, 0x10, 0x2f,
    0xe4, 0x1b, 0xc0, 0x2f, 0xff, 0xff, 0x0, 0xb,
    0xff, 0x90, 0x0, 0x0, 0x0, 0x0, 0x0, 0xa,
    0x0, 0x0, 0x0, 0xfd, 0x0, 0x0, 0x3, 0xf4,
    0x0, 0x0, 0xf, 0xd0, 0x0,

    /* U+1EC8 "Ỉ" */
    0x6f, 0xd2, 0x42, 0xc0, 0xb, 0x0, 0xf4, 0xb,
    0x0, 0x0, 0x0, 0x0, 0x7, 0xe0, 0x1f, 0x80,
    0x7e, 0x1, 0xf8, 0x7, 0xe0, 0x1f, 0x80, 0x7e,
    0x1, 0xf8, 0x7, 0xe0, 0x1f, 0x80, 0x7e, 0x1,
    0xf8, 0x7, 0xe0, 0x1f, 0x80, 0x7e, 0x1, 0xf8,
    0x7, 0xe0, 0x1f, 0x80, 0x7e, 0x1, 0xf8, 0x7,
    0xe0,

    /* U+1EC9 "ỉ" */
    0x1f, 0xe0, 0x24, 0x7c, 0x0, 0x3c, 0x0, 0xf0,
    0x3, 0xc0, 0x0, 0x0, 0x0, 0x0, 0x7, 0xc0,
    0x7, 0xc0, 0x7, 0xc0, 0x7, 0xc0, 0x7, 0xc0,
    0x7, 0xc0, 0x7, 0xc0, 0x7, 0xc0, 0x7, 0xc0,
    0x7, 0xc0, 0x7, 0xc0, 0x7, 0xc0, 0x7, 0xc0,
    0x7, 0xc0, 0x7, 0xc0, 0x7, 0xc0,

    /* U+1ECA "Ị" */
    0x7e, 0x7e, 0x7e, 0x7e, 0x7e, 0x7e, 0x7e, 0x7e,
    0x7e, 0x7e, 0x7e, 0x7e, 0x7e, 0x7e, 0x7e, 0x7e,
    0x7e, 0x7e, 0x7e, 0x7e, 0x7e, 0x0, 0x0, 0x3d,
    0x3d, 0x3d, 0x14,

    /* U+1ECB "ị" */
    0x7c, 0x7c, 0x7c, 0x14, 0x0, 0x0, 0x7c, 0x7c,
    0x7c, 0x7c, 0x7c, 0x7c, 0x7c, 0x7c, 0x7c, 0x7c,
    0x7c, 0x7c, 0x7c, 0x7c, 0x7c, 0x7c, 0x0, 0x0,
    0x7c, 0x7c, 0x7c, 0x14,

    /* U+1ECC "Ọ" */
    0x0, 0x6, 0xff, 0x90, 0x0, 0x0, 0x7f, 0xff,
    0xfd, 0x0, 0x1, 0xff, 0x55, 0xff, 0x40, 0x7,
    0xf4, 0x0, 0x1f, 0xd0, 0xf, 0xd0, 0x0, 0x7,
    0xf0, 0x1f, 0x80, 0x0, 0x2, 0xf8, 0x3f, 0x0,
    0x0, 0x0, 0xfc, 0x3f, 0x0, 0x0, 0x0, 0xfc,
    0x7e, 0x0, 0x0, 0x0, 0xbd, 0x7e, 0x0, 0x0,
    0x0, 0xbd, 0x7d, 0x0, 0x0, 0x0, 0x7d, 0x7e,
    0x0, 0x0, 0x0, 0xbd, 0x7e, 0x0, 0x0, 0x0,
    0xbd, 0x3f, 0x0, 0x0, 0x0, 0xfc, 0x3f, 0x0,
    0x0, 0x0, 0xfc, 0x1f, 0x80, 0x0, 0x2, 0xf8,
    0xf, 0xd0, 0x0, 0x3, 0xf0, 0x7, 0xf4, 0x0,
    0x1f, 0xd0, 0x1, 0xff, 0x55, 0xff, 0x40, 0x0,
    0x7f, 0xff, 0xfd, 0x0, 0x0, 0x6, 0xff, 0x90,
    0x0, 0x0, 0x0, 0x0, 0x0, 0x0, 0x0, 0x0,
    0x14, 0x0, 0x0, 0x0, 0x0, 0x7d, 0x0, 0x0,
    0x0, 0x0, 0x7d, 0x0, 0x0, 0x0, 0x0, 0x7d,
    0x0, 0x0,

    /* U+1ECD "ọ" */
    0x0, 0x6f, 0xf4, 0x0, 0xf, 0xff, 0xfc, 0x0,
    0xff, 0x46, 0xfc, 0x7, 0xe0, 0x2, 0xf8, 0x3f,
    0x0, 0x3, 0xf0, 0xf8, 0x0, 0x7, 0xd7, 0xd0,
    0x0, 0xf, 0x5f, 0x0, 0x0, 0x3e, 0x7c, 0x0,
    0x0, 0xf9, 0xf4, 0x0, 0x3, 0xd3, 0xe0, 0x0,
    0x1f, 0x4f, 0xc0, 0x0, 0xfc, 0x1f, 0x80, 0x7,
    0xe0, 0x3f, 0x91, 0xbf, 0x0, 0x3f, 0xff, 0xf0,
    0x0, 0x1b, 0xfd, 0x0, 0x0, 0x0, 0x0, 0x0,
    0x0, 0x4, 0x0, 0x0, 0x0, 0xbc, 0x0, 0x0,
    0x2, 0xf0, 0x0, 0x0, 0xb, 0xc0, 0x0,

    /* U+1ECE "Ỏ" */
    0x0, 0x1, 0xbf, 0x40, 0x0, 0x0, 0x2, 0x42,
    0xc0, 0x0, 0x0, 0x0, 0x1, 0xd0, 0x0, 0x0,
    0x0, 0x3, 0xc0, 0x0, 0x0, 0x0, 0xf, 0x0,
    0x0, 0x0, 0x0, 0x2c, 0x0, 0x0, 0x0, 0x0,
    0x0, 0x0, 0x0, 0x0, 0x0, 0x0, 0x0, 0x0,
    0x0, 0x6, 0xff, 0x90, 0x0, 0x0, 0x7f, 0xff,
    0xfd, 0x0, 0x1, 0xff, 0x55, 0xff, 0x40, 0x7,
    0xf4, 0x0, 0x1f, 0xd0, 0xf, 0xd0, 0x0, 0x7,
    0xf0, 0x1f, 0x80, 0x0, 0x2, 0xf8, 0x3f, 0x0,
    0x0, 0x0, 0xfc, 0x3f, 0x0, 0x0, 0x0, 0xfc,
    0x7e, 0x0, 0x0, 0x0, 0xbd, 0x7e, 0x0, 0x0,
    0x0, 0xbd, 0x7d, 0x0, 0x0, 0x0, 0x7d, 0x7e,
    0x0, 0x0, 0x0, 0xbd, 0x7e, 0x0, 0x0, 0x0,
    0xbd, 0x3f, 0x0, 0x0, 0x0, 0xfc, 0x3f, 0x0,
    0x0, 0x0, 0xfc, 0x1f, 0x80, 0x0, 0x2, 0xf8,
    0xf, 0xd0, 0x0, 0x3, 0xf0, 0x7, 0xf4, 0x0,
    0x1f, 0xd0, 0x1, 0xff, 0x55, 0xff, 0x40, 0x0,
    0x7f, 0xff, 0xfd, 0x0, 0x0, 0x6, 0xff, 0x90,
    0x0,

    /* U+1ECF "ỏ" */
    0x0, 0x1f, 0xe0, 0x0, 0x0, 0xd1, 0xf0, 0x0,
    0x0, 0x3, 0xc0, 0x0, 0x0, 0x1e, 0x0, 0x0,
    0x1, 0xe0, 0x0, 0x0, 0xf, 0x0, 0x0, 0x0,
    0x0, 0x0, 0x0, 0x0, 0x0, 0x0, 0x0, 0x6f,
    0xf4, 0x0, 0xf, 0xff, 0xfc, 0x0, 0xff, 0x46,
    0xfc, 0x7, 0xe0, 0x2, 0xf8, 0x3f, 0x0, 0x3,
    0xf0, 0xf8, 0x0, 0x7, 0xd7, 0xd0, 0x0, 0xf,
    0x5f, 0x0, 0x0, 0x3e, 0x7c, 0x0, 0x0, 0xf9,
    0xf4, 0x0, 0x3, 0xd3, 0xe0, 0x0, 0x1f, 0x4f,
    0xc0, 0x0, 0xfc, 0x1f, 0x80, 0x7, 0xe0, 0x3f,
    0x91, 0xbf, 0x0, 0x3f, 0xff, 0xf0, 0x0, 0x1b,
    0xfd, 0x0,

    /* U+1ED0 "Ố" */
    0x0, 0x0, 0x0, 0x2, 0xf0, 0x0, 0x0, 0x0,
    0x3, 0xc0, 0x0, 0x0, 0x0, 0xf, 0x40, 0x0,
    0x0, 0xbe, 0x2e, 0x0, 0x0, 0x1, 0xff, 0x40,
    0x0, 0x0, 0x3, 0xc3, 0xc0, 0x0, 0x0, 0xf,
    0x0, 0xf0, 0x0, 0x0, 0x0, 0x0, 0x0, 0x0,
    0x0, 0x0, 0x0, 0x0, 0x0, 0x0, 0x6, 0xff,
    0x90, 0x0, 0x0, 0x7f, 0xff, 0xfd, 0x0, 0x1,
    0xff, 0x55, 0xff, 0x40, 0x7, 0xf4, 0x0, 0x1f,
    0xd0, 0xf, 0xd0, 0x0, 0x7, 0xf0, 0x1f, 0x80,
    0x0, 0x2, 0xf8, 0x3f, 0x0, 0x0, 0x0, 0xfc,
    0x3f, 0x0, 0x0, 0x0, 0xfc, 0x7e, 0x0, 0x0,
    0x0, 0xbd, 0x7e, 0x0, 0x0, 0x0, 0xbd, 0x7d,
    0x0, 0x0, 0x0, 0x7d, 0x7e, 0x0, 0x0, 0x0,
    0xbd, 0x7e, 0x0, 0x0, 0x0, 0xbd, 0x3f, 0x0,
    0x0, 0x0, 0xfc, 0x3f, 0x0, 0x0, 0x0, 0xfc,
    0x1f, 0x80, 0x0, 0x2, 0xf8, 0xf, 0xd0, 0x0,
    0x3, 0xf0, 0x7, 0xf4, 0x0, 0x1f, 0xd0, 0x1,
    0xff, 0x55, 0xff, 0x40, 0x0, 0x7f, 0xff, 0xfd,
    0x0, 0x0, 0x6, 0xff, 0x90, 0x0,

    /* U+1ED1 "ố" */
    0x0, 0x0, 0x0, 0x19, 0x0, 0x0, 0x0, 0x7c,
    0x0, 0x0, 0x1, 0xf0, 0x0, 0xf, 0xc3, 0xc0,
    0x0, 0x2e, 0xf0, 0x0, 0x0, 0x78, 0xb8, 0x0,
    0x0, 0xf0, 0x2d, 0x0, 0x0, 0x0, 0x0, 0x0,
    0x0, 0x0, 0x0, 0x0, 0x0, 0x6f, 0xf4, 0x0,
    0x3, 0xff, 0xff, 0x0, 0xf, 0xf4, 0x6f, 0xc0,
    0x1f, 0x80, 0xb, 0xe0, 0x3f, 0x0, 0x3, 0xf0,
    0x3e, 0x0, 0x1, 0xf4, 0x7d, 0x0, 0x0, 0xf4,
    0x7c, 0x0, 0x0, 0xf8, 0x7c, 0x0, 0x0, 0xf8,
    0x7d, 0x0, 0x0, 0xf4, 0x3e, 0x0, 0x1, 0xf4,
    0x3f, 0x0, 0x3, 0xf0, 0x1f, 0x80, 0x7, 0xe0,
    0xf, 0xe4, 0x6f, 0xc0, 0x3, 0xff, 0xff, 0x0,
    0x0, 0x6f, 0xf4, 0x0,

    /* U+1ED2 "Ồ" */
    0x0, 0x0, 0x2, 0x90, 0x0, 0x0, 0x0, 0x1,
    0xf0, 0x0, 0x0, 0x0, 0x0, 0xbc, 0x0, 0x0,
    0x0, 0x69, 0x2d, 0x0, 0x0, 0x0, 0xff, 0x40,
    0x0, 0x0, 0x3, 0xc3, 0xc0, 0x0, 0x0, 0xf,
    0x0, 0xf0, 0x0, 0x0, 0x0, 0x0, 0x0, 0x0,
    0x0, 0x0, 0x0, 0x0, 0x0, 0x0, 0x6, 0xff,
    0x90, 0x0, 0x0, 0x7f, 0xff, 0xfd, 0x0, 0x1,
    0xff, 0x55, 0xff, 0x40, 0x7, 0xf4, 0x0, 0x1f,
    0xd0, 0xf, 0xd0, 0x0, 0x7, 0xf0, 0x1f, 0x80,
    0x0, 0x2, 0xf8, 0x3f, 0x0, 0x0, 0x0, 0xfc,
    0x3f, 0x0, 0x0, 0x0, 0xfc, 0x7e, 0x0, 0x0,
    0x0, 0xbd, 0x7e, 0x0, 0x0, 0x0, 0xbd, 0x7d,
    0x0, 0x0, 0x0, 0x7d, 0x7e, 0x0, 0x0, 0x0,
    0xbd, 0x7e, 0x0, 0x0, 0x0, 0xbd, 0x3f, 0x0,
    0x0, 0x0, 0xfc, 0x3f, 0x0, 0x0, 0x0, 0xfc,
    0x1f, 0x80, 0x0, 0x2, 0xf8, 0xf, 0xd0, 0x0,
    0x3, 0xf0, 0x7, 0xf4, 0x0, 0x1f, 0xd0, 0x1,
    0xff, 0x55, 0xff, 0x40, 0x0, 0x7f, 0xff, 0xfd,
    0x0, 0x0, 0x6, 0xff, 0x90, 0x0,

    /* U+1ED3 "ồ" */
    0x0, 0x0, 0x68, 0x0, 0x0, 0x0, 0xf8, 0x0,
    0x0, 0x0, 0xf4, 0x0, 0x3, 0xf0, 0xf0, 0x0,
    0x3e, 0xf0, 0x0, 0x2, 0xe1, 0xe0, 0x0, 0x1e,
    0x2, 0xd0, 0x0, 0x0, 0x0, 0x0, 0x0, 0x0,
    0x0, 0x0, 0x1, 0xbf, 0xd0, 0x0, 0x3f, 0xff,
    0xf0, 0x3, 0xfd, 0x1b, 0xf0, 0x1f, 0x80, 0xb,
    0xe0, 0xfc, 0x0, 0xf, 0xc3, 0xe0, 0x0, 0x1f,
    0x5f, 0x40, 0x0, 0x3d, 0x7c, 0x0, 0x0, 0xf9,
    0xf0, 0x0, 0x3, 0xe7, 0xd0, 0x0, 0xf, 0x4f,
    0x80, 0x0, 0x7d, 0x3f, 0x0, 0x3, 0xf0, 0x7e,
    0x0, 0x1f, 0x80, 0xfe, 0x46, 0xfc, 0x0, 0xff,
    0xff, 0xc0, 0x0, 0x6f, 0xf4, 0x0,

    /* U+1ED4 "Ổ" */
    0x0, 0x0, 0x0, 0x7f, 0x80, 0x0, 0x0, 0x0,
    0x91, 0xf0, 0x0, 0x0, 0x0, 0x0, 0xf0, 0x0,
    0x0, 0x69, 0x2, 0xd0, 0x0, 0x0, 0xff, 0xb,
    0x40, 0x0, 0x3, 0xd7, 0xc9, 0x0, 0x0, 0xb,
    0x41, 0xe0, 0x0, 0x0, 0x5, 0x0, 0x50, 0x0,
    0x0, 0x0, 0x0, 0x0, 0x0, 0x0, 0x6, 0xff,
    0x90, 0x0, 0x0, 0x7f, 0xff, 0xfd, 0x0, 0x1,
    0xff, 0x55, 0xff, 0x40, 0x7, 0xf4, 0x0, 0x1f,
    0xd0, 0xf, 0xd0, 0x0, 0x7, 0xf0, 0x1f, 0x80,
    0x0, 0x2, 0xf8, 0x3f, 0x0, 0x0, 0x0, 0xfc,
    0x3f, 0x0, 0x0, 0x0, 0xfc, 0x7e, 0x0, 0x0,
    0x0, 0xbd, 0x7e, 0x0, 0x0, 0x0, 0xbd, 0x7d,
    0x0, 0x0, 0x0, 0x7d, 0x7e, 0x0, 0x0, 0x0,
    0xbd, 0x7e, 0x0, 0x0, 0x0, 0xbd, 0x3f, 0x0,
    0x0, 0x0, 0xfc, 0x3f, 0x0, 0x0, 0x0, 0xfc,
    0x1f, 0x80, 0x0, 0x2, 0xf8, 0xf, 0xd0, 0x0,
    0x3, 0xf0, 0x7, 0xf4, 0x0, 0x1f, 0xd0, 0x1,
    0xff, 0x55, 0xff, 0x40, 0x0, 0x7f, 0xff, 0xfd,
    0x0, 0x0, 0x6, 0xff, 0x90, 0x0,

    /* U+1ED5 "ổ" */
    0x0, 0x0, 0xb, 0xf4, 0x0, 0x0, 0x15, 0x2d,
    0x0, 0x0, 0x0, 0x1d, 0x0, 0xf, 0xc0, 0x78,
    0x0, 0x2e, 0xf1, 0xe0, 0x0, 0x78, 0xb8, 0x40,
    0x0, 0xf0, 0x2d, 0x0, 0x0, 0x0, 0x0, 0x0,
    0x0, 0x0, 0x0, 0x0, 0x0, 0x6f, 0xf4, 0x0,
    0x3, 0xff, 0xff, 0x0, 0xf, 0xf4, 0x6f, 0xc0,
    0x1f, 0x80, 0xb, 0xe0, 0x3f, 0x0, 0x3, 0xf0,
    0x3e, 0x0, 0x1, 0xf4, 0x7d, 0x0, 0x0, 0xf4,
    0x7c, 0x0, 0x0, 0xf8, 0x7c, 0x0, 0x0, 0xf8,
    0x7d, 0x0, 0x0, 0xf4, 0x3e, 0x0, 0x1, 0xf4,
    0x3f, 0x0, 0x3, 0xf0, 0x1f, 0x80, 0x7, 0xe0,
    0xf, 0xe4, 0x6f, 0xc0, 0x3, 0xff, 0xff, 0x0,
    0x0, 0x6f, 0xf4, 0x0,

    /* U+1ED6 "Ỗ" */
    0x0, 0x2, 0x90, 0x24, 0x0, 0x0, 0xf, 0xf8,
    0xb4, 0x0, 0x0, 0x1e, 0x2f, 0xf0, 0x0, 0x0,
    0x18, 0x6, 0x80, 0x0, 0x0, 0x0, 0x69, 0x0,
    0x0, 0x0, 0x0, 0xff, 0x0, 0x0, 0x0, 0x3,
    0xd7, 0xc0, 0x0, 0x0, 0xb, 0x41, 0xe0, 0x0,
    0x0, 0x4, 0x0, 0x50, 0x0, 0x0, 0x0, 0x0,
    0x0, 0x0, 0x0, 0x6, 0xff, 0x90, 0x0, 0x0,
    0x7f, 0xff, 0xfd, 0x0, 0x1, 0xff, 0x55, 0xff,
    0x40, 0x7, 0xf4, 0x0, 0x1f, 0xd0, 0xf, 0xd0,
    0x0, 0x7, 0xf0, 0x1f, 0x80, 0x0, 0x2, 0xf8,
    0x3f, 0x0, 0x0, 0x0, 0xfc, 0x3f, 0x0, 0x0,
    0x0, 0xfc, 0x7e, 0x0, 0x0, 0x0, 0xbd, 0x7e,
    0x0, 0x0, 0x0, 0xbd, 0x7d, 0x0, 0x0, 0x0,
    0x7d, 0x7e, 0x0, 0x0, 0x0, 0xbd, 0x7e, 0x0,
    0x0, 0x0, 0xbd, 0x3f, 0x0, 0x0, 0x0, 0xfc,
    0x3f, 0x0, 0x0, 0x0, 0xfc, 0x1f, 0x80, 0x0,
    0x2, 0xf8, 0xf, 0xd0, 0x0, 0x3, 0xf0, 0x7,
    0xf4, 0x0, 0x1f, 0xd0, 0x1, 0xff, 0x55, 0xff,
    0x40, 0x0, 0x7f, 0xff, 0xfd, 0x0, 0x0, 0x6,
    0xff, 0x90, 0x0,

    /* U+1ED7 "ỗ" */
    0x0, 0x64, 0x6, 0x0, 0x7, 0xfd, 0x3c, 0x0,
    0x2c, 0x7f, 0xe0, 0x0, 0xa0, 0x19, 0x0, 0x0,
    0xf, 0xc0, 0x0, 0x0, 0xbb, 0xc0, 0x0, 0x7,
    0x8b, 0x80, 0x0, 0x3c, 0xb, 0x40, 0x0, 0x0,
    0x0, 0x0, 0x0, 0x0, 0x0, 0x0, 0x6, 0xff,
    0x40, 0x0, 0xff, 0xff, 0xc0, 0xf, 0xf4, 0x6f,
    0xc0, 0x7e, 0x0, 0x2f, 0x83, 0xf0, 0x0, 0x3f,
    0xf, 0x80, 0x0, 0x7d, 0x7d, 0x0, 0x0, 0xf5,
    0xf0, 0x0, 0x3, 0xe7, 0xc0, 0x0, 0xf, 0x9f,
    0x40, 0x0, 0x3d, 0x3e, 0x0, 0x1, 0xf4, 0xfc,
    0x0, 0xf, 0xc1, 0xf8, 0x0, 0x7e, 0x3, 0xf9,
    0x1b, 0xf0, 0x3, 0xff, 0xff, 0x0, 0x1, 0xbf,
    0xd0, 0x0,

    /* U+1ED8 "Ộ" */
    0x0, 0x0, 0xbe, 0x0, 0x0, 0x0, 0x1, 0xff,
    0x40, 0x0, 0x0, 0x3, 0xc3, 0xc0, 0x0, 0x0,
    0xf, 0x0, 0xf0, 0x0, 0x0, 0x0, 0x0, 0x0,
    0x0, 0x0, 0x0, 0x0, 0x0, 0x0, 0x0, 0x6,
    0xff, 0x90, 0x0, 0x0, 0x7f, 0xff, 0xfd, 0x0,
    0x1, 0xff, 0x55, 0xff, 0x40, 0x7, 0xf4, 0x0,
    0x1f, 0xd0, 0xf, 0xd0, 0x0, 0x7, 0xf0, 0x1f,
    0x80, 0x0, 0x2, 0xf8, 0x3f, 0x0, 0x0, 0x0,
    0xfc, 0x3f, 0x0, 0x0, 0x0, 0xfc, 0x7e, 0x0,
    0x0, 0x0, 0xbd, 0x7e, 0x0, 0x0, 0x0, 0xbd,
    0x7d, 0x0, 0x0, 0x0, 0x7d, 0x7e, 0x0, 0x0,
    0x0, 0xbd, 0x7e, 0x0, 0x0, 0x0, 0xbd, 0x3f,
    0x0, 0x0, 0x0, 0xfc, 0x3f, 0x0, 0x0, 0x0,
    0xfc, 0x1f, 0x80, 0x0, 0x2, 0xf8, 0xf, 0xd0,
    0x0, 0x3, 0xf0, 0x7, 0xf4, 0x0, 0x1f, 0xd0,
    0x1, 0xff, 0x55, 0xff, 0x40, 0x0, 0x7f, 0xff,
    0xfd, 0x0, 0x0, 0x6, 0xff, 0x90, 0x0, 0x0,
    0x0, 0x0, 0x0, 0x0, 0x0, 0x0, 0x14, 0x0,
    0x0, 0x0, 0x0, 0x7d, 0x0, 0x0, 0x0, 0x0,
    0x7d, 0x0, 0x0, 0x0, 0x0, 0x7d, 0x0, 0x0,

    /* U+1ED9 "ộ" */
    0x0, 0x6, 0x40, 0x0, 0x0, 0x3f, 0x0, 0x0,
    0x2, 0xff, 0x0, 0x0, 0x1f, 0x2d, 0x0, 0x0,
    0xf0, 0x3c, 0x0, 0x7, 0x40, 0x78, 0x0, 0x0,
    0x0, 0x0, 0x0, 0x0, 0x0, 0x0, 0x0, 0x6f,
    0xf4, 0x0, 0xf, 0xff, 0xfc, 0x0, 0xff, 0x46,
    0xfc, 0x7, 0xe0, 0x2, 0xf8, 0x3f, 0x0, 0x3,
    0xf0, 0xf8, 0x0, 0x7, 0xd7, 0xd0, 0x0, 0xf,
    0x5f, 0x0, 0x0, 0x3e, 0x7c, 0x0, 0x0, 0xf9,
    0xf4, 0x0, 0x3, 0xd3, 0xe0, 0x0, 0x1f, 0x4f,
    0xc0, 0x0, 0xfc, 0x1f, 0x80, 0x7, 0xe0, 0x3f,
    0x91, 0xbf, 0x0, 0x3f, 0xff, 0xf0, 0x0, 0x1b,
    0xfd, 0x0, 0x0, 0x0, 0x0, 0x0, 0x0, 0x19,
    0x0, 0x0, 0x0, 0xfc, 0x0, 0x0, 0x3, 0xf0,
    0x0, 0x0, 0xf, 0xc0, 0x0,

    /* U+1EDA "Ớ" */
    0x0, 0x0, 0xb, 0xc0, 0x0, 0x0, 0x0, 0x3,
    0xc0, 0x0, 0x0, 0x0, 0x3, 0xd0, 0x0, 0x0,
    0x0, 0x2, 0xe0, 0x0, 0x0, 0x0, 0x0, 0x0,
    0x0, 0x0, 0x0, 0x0, 0x0, 0x0, 0x2, 0xc0,
    0x0, 0x6f, 0xf9, 0x0, 0x74, 0x1, 0xff, 0xff,
    0xf8, 0x2d, 0x2, 0xfe, 0x55, 0xff, 0xff, 0x1,
    0xfd, 0x0, 0x7, 0xff, 0x40, 0xfc, 0x0, 0x0,
    0x7f, 0x0, 0xbd, 0x0, 0x0, 0xb, 0xd0, 0x3f,
    0x0, 0x0, 0x1, 0xf8, 0x1f, 0x80, 0x0, 0x0,
    0x3f, 0x7, 0xd0, 0x0, 0x0, 0xf, 0xc2, 0xf4,
    0x0, 0x0, 0x2, 0xf0, 0xbd, 0x0, 0x0, 0x0,
    0xbd, 0x2f, 0x40, 0x0, 0x0, 0x2f, 0x7, 0xd0,
    0x0, 0x0, 0xf, 0xc1, 0xf8, 0x0, 0x0, 0x3,
    0xf0, 0x3f, 0x0, 0x0, 0x1, 0xf8, 0xb, 0xd0,
    0x0, 0x0, 0xbd, 0x0, 0xfc, 0x0, 0x0, 0x7f,
    0x0, 0x1f, 0xc0, 0x0, 0x7f, 0x0, 0x2, 0xfe,
    0x55, 0xff, 0x40, 0x0, 0x1f, 0xff, 0xff, 0x0,
    0x0, 0x0, 0x6f, 0xf9, 0x0, 0x0,

    /* U+1EDB "ớ" */
    0x0, 0x0, 0x19, 0x0, 0x0, 0x0, 0x3d, 0x0,
    0x0, 0x0, 0xf8, 0x0, 0x0, 0x2, 0xe0, 0x0,
    0x0, 0x7, 0xc0, 0x0, 0x0, 0xf, 0x0, 0x0,
    0x0, 0x0, 0x0, 0xe, 0x0, 0x0, 0x0, 0xf,
    0x0, 0x6f, 0xfd, 0xf, 0x3, 0xff, 0xff, 0xfe,
    0xf, 0xf4, 0x6f, 0xfc, 0x1f, 0x80, 0x7, 0xe0,
    0x3f, 0x0, 0x2, 0xf0, 0x3e, 0x0, 0x1, 0xf4,
    0x7d, 0x0, 0x0, 0xf8, 0x7d, 0x0, 0x0, 0xf8,
    0x7d, 0x0, 0x0, 0xf8, 0x7d, 0x0, 0x0, 0xf8,
    0x3e, 0x0, 0x1, 0xf4, 0x3f, 0x0, 0x2, 0xf0,
    0x1f, 0x80, 0x7, 0xe0, 0xf, 0xf4, 0x6f, 0xc0,
    0x3, 0xff, 0xff, 0x0, 0x0, 0x6f, 0xf4, 0x0,

    /* U+1EDC "Ờ" */
    0x0, 0x3, 0xe0, 0x0, 0x0, 0x0, 0x0, 0x3d,
    0x0, 0x0, 0x0, 0x0, 0x7, 0xc0, 0x0, 0x0,
    0x0, 0x0, 0xb8, 0x0, 0x0, 0x0, 0x0, 0x0,
    0x0, 0x0, 0x0, 0x0, 0x0, 0x0, 0x2, 0xc0,
    0x0, 0x6f, 0xf9, 0x0, 0x74, 0x1, 0xff, 0xff,
    0xf8, 0x2d, 0x2, 0xfe, 0x55, 0xff, 0xff, 0x1,
    0xfd, 0x0, 0x7, 0xff, 0x40, 0xfc, 0x0, 0x0,
    0x7f, 0x0, 0xbd, 0x0, 0x0, 0xb, 0xd0, 0x3f,
    0x0, 0x0, 0x1, 0xf8, 0x1f, 0x80, 0x0, 0x0,
    0x3f, 0x7, 0xd0, 0x0, 0x0, 0xf, 0xc2, 0xf4,
    0x0, 0x0, 0x2, 0xf0, 0xbd, 0x0, 0x0, 0x0,
    0xbd, 0x2f, 0x40, 0x0, 0x0, 0x2f, 0x7, 0xd0,
    0x0, 0x0, 0xf, 0xc1, 0xf8, 0x0, 0x0, 0x3,
    0xf0, 0x3f, 0x0, 0x0, 0x1, 0xf8, 0xb, 0xd0,
    0x0, 0x0, 0xbd, 0x0, 0xfc, 0x0, 0x0, 0x7f,
    0x0, 0x1f, 0xc0, 0x0, 0x7f, 0x0, 0x2, 0xfe,
    0x55, 0xff, 0x40, 0x0, 0x1f, 0xff, 0xff, 0x0,
    0x0, 0x0, 0x6f, 0xf9, 0x0, 0x0,

    /* U+1EDD "ờ" */
    0x1, 0x90, 0x0, 0x0, 0x1, 0xf4, 0x0, 0x0,
    0x0, 0x7c, 0x0, 0x0, 0x0, 0x2e, 0x0, 0x0,
    0x0, 0xf, 0x40, 0x0, 0x0, 0x3, 0xc0, 0x0,
    0x0, 0x0, 0x0, 0xe, 0x0, 0x0, 0x0, 0xf,
    0x0, 0x6f, 0xfd, 0xf, 0x3, 0xff, 0xff, 0xfe,
    0xf, 0xf4, 0x6f, 0xfc, 0x1f, 0x80, 0x7, 0xe0,
    0x3f, 0x0, 0x2, 0xf0, 0x3e, 0x0, 0x1, 0xf4,
    0x7d, 0x0, 0x0, 0xf8, 0x7d, 0x0, 0x0, 0xf8,
    0x7d, 0x0, 0x0, 0xf8, 0x7d, 0x0, 0x0, 0xf8,
    0x3e, 0x0, 0x1, 0xf4, 0x3f, 0x0, 0x2, 0xf0,
    0x1f, 0x80, 0x7, 0xe0, 0xf, 0xf4, 0x6f, 0xc0,
    0x3, 0xff, 0xff, 0x0, 0x0, 0x6f, 0xf4, 0x0,

    /* U+1EDE "Ở" */
    0x0, 0x1, 0xbf, 0x40, 0x0, 0x0, 0x0, 0x90,
    0xb0, 0x0, 0x0, 0x0, 0x0, 0x1d, 0x0, 0x0,
    0x0, 0x0, 0x1f, 0x0, 0x0, 0x0, 0x0, 0x1e,
    0x0, 0x0, 0x0, 0x0, 0x7, 0x0, 0x0, 0x0,
    0x0, 0x0, 0x0, 0x0, 0x0, 0x0, 0x0, 0x0,
    0x0, 0x2c, 0x0, 0x6, 0xff, 0x90, 0x7, 0x40,
    0x1f, 0xff, 0xff, 0x82, 0xd0, 0x2f, 0xe5, 0x5f,
    0xff, 0xf0, 0x1f, 0xd0, 0x0, 0x7f, 0xf4, 0xf,
    0xc0, 0x0, 0x7, 0xf0, 0xb, 0xd0, 0x0, 0x0,
    0xbd, 0x3, 0xf0, 0x0, 0x0, 0x1f, 0x81, 0xf8,
    0x0, 0x0, 0x3, 0xf0, 0x7d, 0x0, 0x0, 0x0,
    0xfc, 0x2f, 0x40, 0x0, 0x0, 0x2f, 0xb, 0xd0,
    0x0, 0x0, 0xb, 0xd2, 0xf4, 0x0, 0x0, 0x2,
    0xf0, 0x7d, 0x0, 0x0, 0x0, 0xfc, 0x1f, 0x80,
    0x0, 0x0, 0x3f, 0x3, 0xf0, 0x0, 0x0, 0x1f,
    0x80, 0xbd, 0x0, 0x0, 0xb, 0xd0, 0xf, 0xc0,
    0x0, 0x7, 0xf0, 0x1, 0xfc, 0x0, 0x7, 0xf0,
    0x0, 0x2f, 0xe5, 0x5f, 0xf4, 0x0, 0x1, 0xff,
    0xff, 0xf0, 0x0, 0x0, 0x6, 0xff, 0x90, 0x0,
    0x0,

    /* U+1EDF "ở" */
    0x0, 0x1f, 0xe0, 0x0, 0x0, 0x34, 0x7c, 0x0,
    0x0, 0x0, 0x3c, 0x0, 0x0, 0x0, 0x78, 0x0,
    0x0, 0x1, 0xe0, 0x0, 0x0, 0x3, 0xc0, 0x0,
    0x0, 0x0, 0x0, 0xe, 0x0, 0x0, 0x0, 0xf,
    0x0, 0x6f, 0xfd, 0xf, 0x3, 0xff, 0xff, 0xfe,
    0xf, 0xf4, 0x6f, 0xfc, 0x1f, 0x80, 0x7, 0xe0,
    0x3f, 0x0, 0x2, 0xf0, 0x3e, 0x0, 0x1, 0xf4,
    0x7d, 0x0, 0x0, 0xf8, 0x7d, 0x0, 0x0, 0xf8,
    0x7d, 0x0, 0x0, 0xf8, 0x7d, 0x0, 0x0, 0xf8,
    0x3e, 0x0, 0x1, 0xf4, 0x3f, 0x0, 0x2, 0xf0,
    0x1f, 0x80, 0x7, 0xe0, 0xf, 0xf4, 0x6f, 0xc0,
    0x3, 0xff, 0xff, 0x0, 0x0, 0x6f, 0xf4, 0x0,

    /* U+1EE0 "Ỡ" */
    0x0, 0x2, 0x90, 0x24, 0x0, 0x0, 0x3, 0xff,
    0xbd, 0x0, 0x0, 0x1, 0xd1, 0xfd, 0x0, 0x0,
    0x0, 0x0, 0x0, 0x0, 0x0, 0x0, 0x0, 0x0,
    0x0, 0x0, 0x0, 0x0, 0x0, 0x0, 0x2, 0xc0,
    0x0, 0x6f, 0xf9, 0x0, 0x74, 0x1, 0xff, 0xff,
    0xf8, 0x2d, 0x2, 0xfe, 0x55, 0xff, 0xff, 0x1,
    0xfd, 0x0, 0x7, 0xff, 0x40, 0xfc, 0x0, 0x0,
    0x7f, 0x0, 0xbd, 0x0, 0x0, 0xb, 0xd0, 0x3f,
    0x0, 0x0, 0x1, 0xf8, 0x1f, 0x80, 0x0, 0x0,
    0x3f, 0x7, 0xd0, 0x0, 0x0, 0xf, 0xc2, 0xf4,
    0x0, 0x0, 0x2, 0xf0, 0xbd, 0x0, 0x0, 0x0,
    0xbd, 0x2f, 0x40, 0x0, 0x0, 0x2f, 0x7, 0xd0,
    0x0, 0x0, 0xf, 0xc1, 0xf8, 0x0, 0x0, 0x3,
    0xf0, 0x3f, 0x0, 0x0, 0x1, 0xf8, 0xb, 0xd0,
    0x0, 0x0, 0xbd, 0x0, 0xfc, 0x0, 0x0, 0x7f,
    0x0, 0x1f, 0xc0, 0x0, 0x7f, 0x0, 0x2, 0xfe,
    0x55, 0xff, 0x40, 0x0, 0x1f, 0xff, 0xff, 0x0,
    0x0, 0x0, 0x6f, 0xf9, 0x0, 0x0,

    /* U+1EE1 "ỡ" */
    0x0, 0xbe, 0xb, 0x0, 0x2, 0xff, 0xfe, 0x0,
    0x3, 0xc1, 0xfc, 0x0, 0x0, 0x0, 0x0, 0x0,
    0x0, 0x0, 0x0, 0xe, 0x0, 0x0, 0x0, 0xf,
    0x0, 0x6f, 0xfd, 0xf, 0x3, 0xff, 0xff, 0xfe,
    0xf, 0xf4, 0x6f, 0xf8, 0x1f, 0x80, 0x7, 0xe0,
    0x3f, 0x0, 0x2, 0xf0, 0x3e, 0x0, 0x1, 0xf4,
    0x7d, 0x0, 0x0, 0xf8, 0x7d, 0x0, 0x0, 0xf8,
    0x7d, 0x0, 0x0, 0xf8, 0x7d, 0x0, 0x0, 0xf8,
    0x3e, 0x0, 0x1, 0xf4, 0x3f, 0x0, 0x2, 0xf0,
    0x1f, 0x80, 0x7, 0xe0, 0xf, 0xf4, 0x6f, 0xc0,
    0x3, 0xff, 0xff, 0x0, 0x0, 0x6f, 0xf4, 0x0,

    /* U+1EE2 "Ợ" */
    0x0, 0x0, 0x0, 0x0, 0xb, 0x0, 0x1, 0xbf,
    0xe4, 0x1, 0xd0, 0x7, 0xff, 0xff, 0xe0, 0xb4,
    0xb, 0xf9, 0x57, 0xff, 0xfc, 0x7, 0xf4, 0x0,
    0x1f, 0xfd, 0x3, 0xf0, 0x0, 0x1, 0xfc, 0x2,
    0xf4, 0x0, 0x0, 0x2f, 0x40, 0xfc, 0x0, 0x0,
    0x7, 0xe0, 0x7e, 0x0, 0x0, 0x0, 0xfc, 0x1f,
    0x40, 0x0, 0x0, 0x3f, 0xb, 0xd0, 0x0, 0x0,
    0xb, 0xc2, 0xf4, 0x0, 0x0, 0x2, 0xf4, 0xbd,
    0x0, 0x0, 0x0, 0xbc, 0x1f, 0x40, 0x0, 0x0,
    0x3f, 0x7, 0xe0, 0x0, 0x0, 0xf, 0xc0, 0xfc,
    0x0, 0x0, 0x7, 0xe0, 0x2f, 0x40, 0x0, 0x2,
    0xf4, 0x3, 0xf0, 0x0, 0x1, 0xfc, 0x0, 0x7f,
    0x0, 0x1, 0xfc, 0x0, 0xb, 0xf9, 0x57, 0xfd,
    0x0, 0x0, 0x7f, 0xff, 0xfc, 0x0, 0x0, 0x1,
    0xbf, 0xe4, 0x0, 0x0, 0x0, 0x0, 0x0, 0x0,
    0x0, 0x0, 0x0, 0x50, 0x0, 0x0, 0x0, 0x0,
    0x7d, 0x0, 0x0, 0x0, 0x0, 0x1f, 0x40, 0x0,
    0x0, 0x0, 0x7, 0xd0, 0x0, 0x0,

    /* U+1EE3 "ợ" */
    0x0, 0x0, 0x0, 0xe, 0x0, 0x0, 0x0, 0xf,
    0x0, 0x6f, 0xfd, 0xf, 0x3, 0xff, 0xff, 0xfe,
    0xf, 0xf4, 0x6f, 0xfc, 0x1f, 0x80, 0x7, 0xe0,
    0x3f, 0x0, 0x2, 0xf0, 0x3e, 0x0, 0x1, 0xf4,
    0x7d, 0x0, 0x0, 0xf8, 0x7d, 0x0, 0x0, 0xf8,
    0x7d, 0x0, 0x0, 0xf8, 0x7d, 0x0, 0x0, 0xf8,
    0x3e, 0x0, 0x1, 0xf4, 0x3f, 0x0, 0x2, 0xf0,
    0x1f, 0x80, 0x7, 0xe0, 0xf, 0xf4, 0x6f, 0xc0,
    0x3, 0xff, 0xff, 0x0, 0x0, 0x6f, 0xf4, 0x0,
    0x0, 0x0, 0x0, 0x0, 0x0, 0x1, 0x0, 0x0,
    0x0, 0xb, 0xc0, 0x0, 0x0, 0xb, 0xc0, 0x0,
    0x0, 0xb, 0xc0, 0x0,

    /* U+1EE4 "Ụ" */
    0xbc, 0x0, 0x0, 0x2f, 0x2f, 0x0, 0x0, 0xb,
    0xcb, 0xc0, 0x0, 0x2, 0xf2, 0xf0, 0x0, 0x0,
    0xbc, 0xbc, 0x0, 0x0, 0x2f, 0x2f, 0x0, 0x0,
    0xb, 0xcb, 0xc0, 0x0, 0x2, 0xf2, 0xf0, 0x0,
    0x0, 0xbc, 0xbc, 0x0, 0x0, 0x2f, 0x2f, 0x0,
    0x0, 0xb, 0xcb, 0xc0, 0x0, 0x2, 0xf2, 0xf0,
    0x0, 0x0, 0xbc, 0xbc, 0x0, 0x0, 0x2f, 0x2f,
    0x40, 0x0, 0xf, 0xc7, 0xd0, 0x0, 0x3, 0xf1,
    0xf8, 0x0, 0x0, 0xfc, 0x3f, 0x0, 0x0, 0x7e,
    0xb, 0xe0, 0x0, 0x3f, 0x0, 0xff, 0x95, 0xbf,
    0x40, 0xf, 0xff, 0xff, 0x40, 0x0, 0x6f, 0xfe,
    0x0, 0x0, 0x0, 0x0, 0x0, 0x0, 0x0, 0x4,
    0x0, 0x0, 0x0, 0xf, 0x80, 0x0, 0x0, 0x3,
    0xe0, 0x0, 0x0, 0x0, 0xf8, 0x0, 0x0,

    /* U+1EE5 "ụ" */
    0xbc, 0x0, 0x7, 0xcb, 0xc0, 0x0, 0x7c, 0xbc,
    0x0, 0x7, 0xcb, 0xc0, 0x0, 0x7c, 0xbc, 0x0,
    0x7, 0xcb, 0xc0, 0x0, 0x7c, 0xbc, 0x0, 0x7,
    0xcb, 0xc0, 0x0, 0x7c, 0xbc, 0x0, 0x7, 0xcb,
    0xc0, 0x0, 0x7c, 0xbc, 0x0, 0xb, 0xc7, 0xc0,
    0x0, 0xfc, 0x3e, 0x0, 0x2f, 0xc3, 0xf9, 0x5f,
    0xbc, 0xf, 0xff, 0xe7, 0xc0, 0x2f, 0xe4, 0x7c,
    0x0, 0x0, 0x0, 0x0, 0x0, 0x40, 0x0, 0x0,
    0x2f, 0x0, 0x0, 0x2, 0xf0, 0x0, 0x0, 0x2f,
    0x0, 0x0,

    /* U+1EE6 "Ủ" */
    0x0, 0xb, 0xf4, 0x0, 0x0, 0x6, 0x4b, 0x40,
    0x0, 0x0, 0x1, 0xe0, 0x0, 0x0, 0x0, 0xf0,
    0x0, 0x0, 0x0, 0xf0, 0x0, 0x0, 0x0, 0x70,
    0x0, 0x0, 0x0, 0x0, 0x0, 0x0, 0x0, 0x0,
    0x0, 0x0, 0xbc, 0x0, 0x0, 0x2f, 0x2f, 0x0,
    0x0, 0xb, 0xcb, 0xc0, 0x0, 0x2, 0xf2, 0xf0,
    0x0, 0x0, 0xbc, 0xbc, 0x0, 0x0, 0x2f, 0x2f,
    0x0, 0x0, 0xb, 0xcb, 0xc0, 0x0, 0x2, 0xf2,
    0xf0, 0x0, 0x0, 0xbc, 0xbc, 0x0, 0x0, 0x2f,
    0x2f, 0x0, 0x0, 0xb, 0xcb, 0xc0, 0x0, 0x2,
    0xf2, 0xf0, 0x0, 0x0, 0xbc, 0xbc, 0x0, 0x0,
    0x2f, 0x2f, 0x40, 0x0, 0xf, 0xc7, 0xd0, 0x0,
    0x3, 0xf1, 0xf8, 0x0, 0x0, 0xfc, 0x3f, 0x0,
    0x0, 0x7e, 0xb, 0xe0, 0x0, 0x3f, 0x0, 0xff,
    0x95, 0xbf, 0x40, 0xf, 0xff, 0xff, 0x40, 0x0,
    0x6f, 0xfe, 0x0, 0x0,

    /* U+1EE7 "ủ" */
    0x0, 0x7f, 0x80, 0x0, 0x9, 0x1f, 0x0, 0x0,
    0x0, 0xf0, 0x0, 0x0, 0x2e, 0x0, 0x0, 0xb,
    0x40, 0x0, 0x0, 0xa0, 0x0, 0x0, 0x0, 0x0,
    0x0, 0x0, 0x0, 0x0, 0xbc, 0x0, 0x7, 0xcb,
    0xc0, 0x0, 0x7c, 0xbc, 0x0, 0x7, 0xcb, 0xc0,
    0x0, 0x7c, 0xbc, 0x0, 0x7, 0xcb, 0xc0, 0x0,
    0x7c, 0xbc, 0x0, 0x7, 0xcb, 0xc0, 0x0, 0x7c,
    0xbc, 0x0, 0x7, 0xcb, 0xc0, 0x0, 0x7c, 0xbc,
    0x0, 0xb, 0xc7, 0xc0, 0x0, 0xfc, 0x3e, 0x0,
    0x2f, 0xc3, 0xf9, 0x5f, 0xbc, 0xf, 0xff, 0xe7,
    0xc0, 0x2f, 0xe4, 0x7c,

    /* U+1EE8 "Ứ" */
    0x0, 0x0, 0x28, 0x0, 0x0, 0x0, 0x0, 0x3e,
    0x0, 0x0, 0x0, 0x0, 0x2e, 0x0, 0x0, 0x0,
    0x0, 0x1f, 0x0, 0x0, 0x0, 0x0, 0x0, 0x0,
    0x0, 0x0, 0x0, 0x0, 0x0, 0x0, 0x2, 0xcb,
    0xc0, 0x0, 0x3, 0xf0, 0x76, 0xf0, 0x0, 0x0,
    0xfc, 0x2c, 0xbc, 0x0, 0x0, 0x3f, 0xff, 0x2f,
    0x0, 0x0, 0xf, 0xef, 0x4b, 0xc0, 0x0, 0x3,
    0xf0, 0x2, 0xf0, 0x0, 0x0, 0xfc, 0x0, 0xbc,
    0x0, 0x0, 0x3f, 0x0, 0x2f, 0x0, 0x0, 0xf,
    0xc0, 0xb, 0xc0, 0x0, 0x3, 0xf0, 0x2, 0xf0,
    0x0, 0x0, 0xfc, 0x0, 0xbc, 0x0, 0x0, 0x3f,
    0x0, 0x2f, 0x0, 0x0, 0xf, 0xc0, 0xb, 0xc0,
    0x0, 0x3, 0xf0, 0x2, 0xf0, 0x0, 0x0, 0xfc,
    0x0, 0xbd, 0x0, 0x0, 0x3f, 0x0, 0x1f, 0x80,
    0x0, 0xf, 0x80, 0x3, 0xf0, 0x0, 0xb, 0xd0,
    0x0, 0xbe, 0x0, 0x7, 0xf0, 0x0, 0xf, 0xf5,
    0x5b, 0xf4, 0x0, 0x0, 0xff, 0xff, 0xf4, 0x0,
    0x0, 0x6, 0xff, 0xd0, 0x0, 0x0,

    /* U+1EE9 "ứ" */
    0x0, 0x0, 0x64, 0x0, 0x0, 0x0, 0x3d, 0x0,
    0x0, 0x0, 0x3e, 0x0, 0x0, 0x0, 0x2f, 0x0,
    0x0, 0x0, 0xf, 0x0, 0x0, 0x0, 0xf, 0x40,
    0x0, 0x0, 0x0, 0x0, 0x0, 0x3c, 0x0, 0x0,
    0x0, 0xf, 0xbc, 0x0, 0x7, 0xd3, 0xef, 0x0,
    0x1, 0xff, 0xeb, 0xc0, 0x0, 0x7f, 0xf2, 0xf0,
    0x0, 0x1f, 0x0, 0xbc, 0x0, 0x7, 0xc0, 0x2f,
    0x0, 0x1, 0xf0, 0xb, 0xc0, 0x0, 0x7c, 0x2,
    0xf0, 0x0, 0x1f, 0x0, 0xbc, 0x0, 0x7, 0xc0,
    0x2f, 0x0, 0x1, 0xf0, 0xb, 0xc0, 0x0, 0x7c,
    0x1, 0xf0, 0x0, 0x3f, 0x0, 0x3e, 0x0, 0x2f,
    0xc0, 0xb, 0xe5, 0x7e, 0xf0, 0x0, 0xff, 0xfe,
    0x7c, 0x0, 0xb, 0xf9, 0x1f, 0x0,

    /* U+1EEA "Ừ" */
    0x0, 0x19, 0x0, 0x0, 0x0, 0x0, 0x3, 0xc0,
    0x0, 0x0, 0x0, 0x0, 0x7c, 0x0, 0x0, 0x0,
    0x0, 0x7, 0xc0, 0x0, 0x0, 0x0, 0x0, 0x0,
    0x0, 0x0, 0x0, 0x0, 0x0, 0x0, 0x2, 0xcb,
    0xc0, 0x0, 0x3, 0xf0, 0x76, 0xf0, 0x0, 0x0,
    0xfc, 0x2c, 0xbc, 0x0, 0x0, 0x3f, 0xff, 0x2f,
    0x0, 0x0, 0xf, 0xef, 0x4b, 0xc0, 0x0, 0x3,
    0xf0, 0x2, 0xf0, 0x0, 0x0, 0xfc, 0x0, 0xbc,
    0x0, 0x0, 0x3f, 0x0, 0x2f, 0x0, 0x0, 0xf,
    0xc0, 0xb, 0xc0, 0x0, 0x3, 0xf0, 0x2, 0xf0,
    0x0, 0x0, 0xfc, 0x0, 0xbc, 0x0, 0x0, 0x3f,
    0x0, 0x2f, 0x0, 0x0, 0xf, 0xc0, 0xb, 0xc0,
    0x0, 0x3, 0xf0, 0x2, 0xf0, 0x0, 0x0, 0xfc,
    0x0, 0xbd, 0x0, 0x0, 0x3f, 0x0, 0x1f, 0x80,
    0x0, 0xf, 0x80, 0x3, 0xf0, 0x0, 0xb, 0xd0,
    0x0, 0xbe, 0x0, 0x7, 0xf0, 0x0, 0xf, 0xf5,
    0x5b, 0xf4, 0x0, 0x0, 0xff, 0xff, 0xf4, 0x0,
    0x0, 0x6, 0xff, 0xd0, 0x0, 0x0,

    /* U+1EEB "ừ" */
    0x6, 0x40, 0x0, 0x0, 0x0, 0xf4, 0x0, 0x0,
    0x0, 0x1f, 0x0, 0x0, 0x0, 0x2, 0xf0, 0x0,
    0x0, 0x0, 0x2e, 0x0, 0x0, 0x0, 0x3, 0xc0,
    0x0, 0x0, 0x0, 0x0, 0x0, 0x3c, 0x0, 0x0,
    0x0, 0xf, 0xbc, 0x0, 0x7, 0xd3, 0xef, 0x0,
    0x1, 0xff, 0xeb, 0xc0, 0x0, 0x7f, 0xf2, 0xf0,
    0x0, 0x1f, 0x0, 0xbc, 0x0, 0x7, 0xc0, 0x2f,
    0x0, 0x1, 0xf0, 0xb, 0xc0, 0x0, 0x7c, 0x2,
    0xf0, 0x0, 0x1f, 0x0, 0xbc, 0x0, 0x7, 0xc0,
    0x2f, 0x0, 0x1, 0xf0, 0xb, 0xc0, 0x0, 0x7c,
    0x1, 0xf0, 0x0, 0x3f, 0x0, 0x3e, 0x0, 0x2f,
    0xc0, 0xb, 0xe5, 0x7e, 0xf0, 0x0, 0xff, 0xfe,
    0x7c, 0x0, 0xb, 0xf9, 0x1f, 0x0,

    /* U+1EEC "Ử" */
    0x0, 0xb, 0xf8, 0x0, 0x0, 0x0, 0x5, 0x47,
    0x40, 0x0, 0x0, 0x0, 0x1, 0xd0, 0x0, 0x0,
    0x0, 0x2, 0xd0, 0x0, 0x0, 0x0, 0x1, 0xd0,
    0x0, 0x0, 0x0, 0x0, 0x0, 0x0, 0x0, 0x0,
    0x0, 0x0, 0x0, 0x0, 0xb2, 0xf0, 0x0, 0x0,
    0xfc, 0x1d, 0xbc, 0x0, 0x0, 0x3f, 0xb, 0x2f,
    0x0, 0x0, 0xf, 0xff, 0xcb, 0xc0, 0x0, 0x3,
    0xfb, 0xd2, 0xf0, 0x0, 0x0, 0xfc, 0x0, 0xbc,
    0x0, 0x0, 0x3f, 0x0, 0x2f, 0x0, 0x0, 0xf,
    0xc0, 0xb, 0xc0, 0x0, 0x3, 0xf0, 0x2, 0xf0,
    0x0, 0x0, 0xfc, 0x0, 0xbc, 0x0, 0x0, 0x3f,
    0x0, 0x2f, 0x0, 0x0, 0xf, 0xc0, 0xb, 0xc0,
    0x0, 0x3, 0xf0, 0x2, 0xf0, 0x0, 0x0, 0xfc,
    0x0, 0xbc, 0x0, 0x0, 0x3f, 0x0, 0x2f, 0x40,
    0x0, 0xf, 0xc0, 0x7, 0xe0, 0x0, 0x3, 0xe0,
    0x0, 0xfc, 0x0, 0x2, 0xf4, 0x0, 0x2f, 0x80,
    0x1, 0xfc, 0x0, 0x3, 0xfd, 0x56, 0xfd, 0x0,
    0x0, 0x3f, 0xff, 0xfd, 0x0, 0x0, 0x1, 0xbf,
    0xf4, 0x0, 0x0,

    /* U+1EED "ử" */
    0x0, 0x7f, 0x80, 0x0, 0x0, 0x24, 0x7c, 0x0,
    0x0, 0x0, 0xf, 0x0, 0x0, 0x0, 0xb, 0x80,
    0x0, 0x0, 0xb, 0x40, 0x0, 0x0, 0x3, 0x80,
    0x0, 0x0, 0x0, 0x0, 0x0, 0x3c, 0x0, 0x0,
    0x0, 0xf, 0xbc, 0x0, 0x7, 0xd3, 0xef, 0x0,
    0x1, 0xff, 0xeb, 0xc0, 0x0, 0x7f, 0xf2, 0xf0,
    0x0, 0x1f, 0x0, 0xbc, 0x0, 0x7, 0xc0, 0x2f,
    0x0, 0x1, 0xf0, 0xb, 0xc0, 0x0, 0x7c, 0x2,
    0xf0, 0x0, 0x1f, 0x0, 0xbc, 0x0, 0x7, 0xc0,
    0x2f, 0x0, 0x1, 0xf0, 0xb, 0xc0, 0x0, 0x7c,
    0x1, 0xf0, 0x0, 0x3f, 0x0, 0x3e, 0x0, 0x2f,
    0xc0, 0xb, 0xe5, 0x7e, 0xf0, 0x0, 0xff, 0xfe,
    0x7c, 0x0, 0xb, 0xf9, 0x1f, 0x0,

    /* U+1EEE "Ữ" */
    0x0, 0x19, 0x2, 0x40, 0x0, 0x0, 0x2f, 0xf1,
    0xe0, 0x0, 0x0, 0xe, 0x1f, 0xf0, 0x0, 0x0,
    0x2, 0x40, 0xa0, 0x0, 0x0, 0x0, 0x0, 0x0,
    0x0, 0x0, 0x0, 0x0, 0x0, 0x0, 0x2, 0xcb,
    0xc0, 0x0, 0x3, 0xf0, 0x76, 0xf0, 0x0, 0x0,
    0xfc, 0x2c, 0xbc, 0x0, 0x0, 0x3f, 0xff, 0x2f,
    0x0, 0x0, 0xf, 0xef, 0x4b, 0xc0, 0x0, 0x3,
    0xf0, 0x2, 0xf0, 0x0, 0x0, 0xfc, 0x0, 0xbc,
    0x0, 0x0, 0x3f, 0x0, 0x2f, 0x0, 0x0, 0xf,
    0xc0, 0xb, 0xc0, 0x0, 0x3, 0xf0, 0x2, 0xf0,
    0x0, 0x0, 0xfc, 0x0, 0xbc, 0x0, 0x0, 0x3f,
    0x0, 0x2f, 0x0, 0x0, 0xf, 0xc0, 0xb, 0xc0,
    0x0, 0x3, 0xf0, 0x2, 0xf0, 0x0, 0x0, 0xfc,
    0x0, 0xbd, 0x0, 0x0, 0x3f, 0x0, 0x1f, 0x80,
    0x0, 0xf, 0x80, 0x3, 0xf0, 0x0, 0xb, 0xd0,
    0x0, 0xbe, 0x0, 0x7, 0xf0, 0x0, 0xf, 0xf5,
    0x5b, 0xf4, 0x0, 0x0, 0xff, 0xff, 0xf4, 0x0,
    0x0, 0x6, 0xff, 0xd0, 0x0, 0x0,

    /* U+1EEF "ữ" */
    0x2, 0xf8, 0x2c, 0x0, 0x1, 0xff, 0xff, 0x0,
    0x0, 0xb0, 0x7f, 0x0, 0x0, 0x0, 0x0, 0x0,
    0x0, 0x0, 0x0, 0x0, 0x3, 0xc0, 0x0, 0x0,
    0x0, 0xfb, 0xc0, 0x0, 0x7d, 0x3e, 0xf0, 0x0,
    0x1f, 0xfe, 0xbc, 0x0, 0x7, 0xff, 0x2f, 0x0,
    0x1, 0xf0, 0xb, 0xc0, 0x0, 0x7c, 0x2, 0xf0,
    0x0, 0x1f, 0x0, 0xbc, 0x0, 0x7, 0xc0, 0x2f,
    0x0, 0x1, 0xf0, 0xb, 0xc0, 0x0, 0x7c, 0x2,
    0xf0, 0x0, 0x1f, 0x0, 0xbc, 0x0, 0x7, 0xc0,
    0x1f, 0x0, 0x3, 0xf0, 0x3, 0xe0, 0x2, 0xfc,
    0x0, 0xbe, 0x57, 0xef, 0x0, 0xf, 0xff, 0xe7,
    0xc0, 0x0, 0xbf, 0x91, 0xf0, 0x0,

    /* U+1EF0 "Ự" */
    0x0, 0x0, 0x0, 0x0, 0xb, 0x2f, 0x0, 0x0,
    0xf, 0xc1, 0xdb, 0xc0, 0x0, 0x3, 0xf0, 0xb2,
    0xf0, 0x0, 0x0, 0xff, 0xfc, 0xbc, 0x0, 0x0,
    0x3f, 0xbd, 0x2f, 0x0, 0x0, 0xf, 0xc0, 0xb,
    0xc0, 0x0, 0x3, 0xf0, 0x2, 0xf0, 0x0, 0x0,
    0xfc, 0x0, 0xbc, 0x0, 0x0, 0x3f, 0x0, 0x2f,
    0x0, 0x0, 0xf, 0xc0, 0xb, 0xc0, 0x0, 0x3,
    0xf0, 0x2, 0xf0, 0x0, 0x0, 0xfc, 0x0, 0xbc,
    0x0, 0x0, 0x3f, 0x0, 0x2f, 0x0, 0x0, 0xf,
    0xc0, 0xb, 0xc0, 0x0, 0x3, 0xf0, 0x2, 0xf4,
    0x0, 0x0, 0xfc, 0x0, 0x7e, 0x0, 0x0, 0x3e,
    0x0, 0xf, 0xc0, 0x0, 0x2f, 0x40, 0x2, 0xf8,
    0x0, 0x1f, 0xc0, 0x0, 0x3f, 0xd5, 0x6f, 0xd0,
    0x0, 0x3, 0xff, 0xff, 0xd0, 0x0, 0x0, 0x1b,
    0xff, 0x40, 0x0, 0x0, 0x0, 0x0, 0x0, 0x0,
    0x0, 0x0, 0x1, 0x0, 0x0, 0x0, 0x0, 0x3,
    0xe0, 0x0, 0x0, 0x0, 0x0, 0xf8, 0x0, 0x0,
    0x0, 0x0, 0x3e, 0x0, 0x0, 0x0,

    /* U+1EF1 "ự" */
    0x0, 0x0, 0x0, 0x3, 0xc0, 0x0, 0x0, 0x0,
    0xfb, 0xc0, 0x0, 0x7d, 0x3e, 0xf0, 0x0, 0x1f,
    0xfe, 0xbc, 0x0, 0x7, 0xff, 0x2f, 0x0, 0x1,
    0xf0, 0xb, 0xc0, 0x0, 0x7c, 0x2, 0xf0, 0x0,
    0x1f, 0x0, 0xbc, 0x0, 0x7, 0xc0, 0x2f, 0x0,
    0x1, 0xf0, 0xb, 0xc0, 0x0, 0x7c, 0x2, 0xf0,
    0x0, 0x1f, 0x0, 0xbc, 0x0, 0x7, 0xc0, 0x1f,
    0x0, 0x3, 0xf0, 0x3, 0xe0, 0x2, 0xfc, 0x0,
    0xbe, 0x57, 0xef, 0x0, 0xf, 0xff, 0xe7, 0xc0,
    0x0, 0xbf, 0x91, 0xf0, 0x0, 0x0, 0x0, 0x0,
    0x0, 0x0, 0x10, 0x0, 0x0, 0x0, 0x2f, 0x0,
    0x0, 0x0, 0xb, 0xc0, 0x0, 0x0, 0x2, 0xf0,
    0x0, 0x0,

    /* U+1EF2 "Ỳ" */
    0x0, 0x6, 0x40, 0x0, 0x0, 0x0, 0xf, 0x80,
    0x0, 0x0, 0x0, 0xf, 0x40, 0x0, 0x0, 0x0,
    0xf, 0x0, 0x0, 0x0, 0x0, 0x0, 0x0, 0x0,
    0x0, 0x0, 0x0, 0x0, 0x2, 0xf0, 0x0, 0x0,
    0x3f, 0x3, 0xf0, 0x0, 0x3, 0xf0, 0x7, 0xe0,
    0x0, 0x1f, 0x80, 0xf, 0xc0, 0x0, 0xfc, 0x0,
    0xf, 0xc0, 0xb, 0xc0, 0x0, 0x1f, 0x80, 0x7e,
    0x0, 0x0, 0x3f, 0x3, 0xf0, 0x0, 0x0, 0x3f,
    0x2f, 0x0, 0x0, 0x0, 0x7e, 0xf8, 0x0, 0x0,
    0x0, 0xff, 0xc0, 0x0, 0x0, 0x0, 0xfd, 0x0,
    0x0, 0x0, 0x3, 0xf0, 0x0, 0x0, 0x0, 0xf,
    0xc0, 0x0, 0x0, 0x0, 0x3f, 0x0, 0x0, 0x0,
    0x0, 0xfc, 0x0, 0x0, 0x0, 0x3, 0xf0, 0x0,
    0x0, 0x0, 0xf, 0xc0, 0x0, 0x0, 0x0, 0x3f,
    0x0, 0x0, 0x0, 0x0, 0xfc, 0x0, 0x0, 0x0,
    0x3, 0xf0, 0x0, 0x0, 0x0, 0xf, 0xc0, 0x0,
    0x0,

    /* U+1EF3 "ỳ" */
    0x3, 0xf0, 0x0, 0x0, 0x0, 0xf8, 0x0, 0x0,
    0x0, 0x3c, 0x0, 0x0, 0x0, 0x1f, 0x0, 0x0,
    0x0, 0xb, 0x80, 0x0, 0x0, 0x1, 0x40, 0x0,
    0x0, 0x0, 0x0, 0x0, 0x3e, 0x0, 0x0, 0x3e,
    0x2f, 0x0, 0x0, 0xbc, 0xf, 0x40, 0x0, 0xfc,
    0xf, 0xc0, 0x1, 0xf4, 0x7, 0xc0, 0x2, 0xf0,
    0x3, 0xe0, 0x3, 0xe0, 0x2, 0xf0, 0x7, 0xc0,
    0x0, 0xf4, 0xf, 0xc0, 0x0, 0xfc, 0xf, 0x40,
    0x0, 0x7c, 0x2f, 0x0, 0x0, 0x3e, 0x3e, 0x0,
    0x0, 0x2f, 0x7d, 0x0, 0x0, 0xf, 0xfc, 0x0,
    0x0, 0xf, 0xf8, 0x0, 0x0, 0x7, 0xf0, 0x0,
    0x0, 0x3, 0xf0, 0x0, 0x0, 0x7, 0xd0, 0x0,
    0x0, 0xb, 0xc0, 0x0, 0x0, 0xf, 0x80, 0x0,
    0x0, 0x7f, 0x0, 0x0, 0xf, 0xfd, 0x0, 0x0,
    0xf, 0xf4, 0x0, 0x0,

    /* U+1EF4 "Ỵ" */
    0x2f, 0x0, 0x0, 0x3, 0xf0, 0x3f, 0x0, 0x0,
    0x3f, 0x0, 0x7e, 0x0, 0x1, 0xf8, 0x0, 0xfc,
    0x0, 0xf, 0xc0, 0x0, 0xfc, 0x0, 0xbc, 0x0,
    0x1, 0xf8, 0x7, 0xe0, 0x0, 0x3, 0xf0, 0x3f,
    0x0, 0x0, 0x3, 0xf2, 0xf0, 0x0, 0x0, 0x7,
    0xef, 0x80, 0x0, 0x0, 0xf, 0xfc, 0x0, 0x0,
    0x0, 0xf, 0xd0, 0x0, 0x0, 0x0, 0x3f, 0x0,
    0x0, 0x0, 0x0, 0xfc, 0x0, 0x0, 0x0, 0x3,
    0xf0, 0x0, 0x0, 0x0, 0xf, 0xc0, 0x0, 0x0,
    0x0, 0x3f, 0x0, 0x0, 0x0, 0x0, 0xfc, 0x0,
    0x0, 0x0, 0x3, 0xf0, 0x0, 0x0, 0x0, 0xf,
    0xc0, 0x0, 0x0, 0x0, 0x3f, 0x0, 0x0, 0x0,
    0x0, 0xfc, 0x0, 0x0, 0x0, 0x0, 0x0, 0x0,
    0x0, 0x0, 0x0, 0x0, 0x0, 0x0, 0x0, 0x2f,
    0x0, 0x0, 0x0, 0x0, 0xbc, 0x0, 0x0, 0x0,
    0x2, 0xf0, 0x0, 0x0, 0x0, 0x1, 0x0, 0x0,
    0x0,

    /* U+1EF5 "ỵ" */
    0x3e, 0x0, 0x0, 0x3e, 0x2f, 0x0, 0x0, 0xbc,
    0xf, 0x40, 0x0, 0xfc, 0xf, 0xc0, 0x1, 0xf4,
    0x7, 0xc0, 0x2, 0xf0, 0x3, 0xe0, 0x3, 0xe0,
    0x2, 0xf0, 0x7, 0xc0, 0x0, 0xf4, 0xf, 0xc0,
    0x0, 0xfc, 0xf, 0x40, 0x0, 0x7c, 0x2f, 0x0,
    0x0, 0x3e, 0x3e, 0x0, 0x0, 0x2f, 0x7d, 0x0,
    0x0, 0xf, 0xfc, 0x0, 0x0, 0xf, 0xf8, 0x0,
    0x0, 0x7, 0xf0, 0x0, 0x0, 0x3, 0xf0, 0x0,
    0x0, 0x7, 0xd0, 0x0, 0x0, 0xb, 0xc0, 0x0,
    0x0, 0xf, 0x83, 0xd0, 0x0, 0x7f, 0x3, 0xd0,
    0xf, 0xfd, 0x3, 0xd0, 0xf, 0xf4, 0x1, 0x40,

    /* U+1EF6 "Ỷ" */
    0x0, 0x2, 0xfe, 0x0, 0x0, 0x0, 0x9, 0x1f,
    0x0, 0x0, 0x0, 0x0, 0x38, 0x0, 0x0, 0x0,
    0x7, 0x80, 0x0, 0x0, 0x0, 0x38, 0x0, 0x0,
    0x0, 0x0, 0x0, 0x0, 0x0, 0x0, 0x0, 0x0,
    0x0, 0xb, 0xc0, 0x0, 0x0, 0xfc, 0xf, 0xc0,
    0x0, 0xf, 0xc0, 0x1f, 0x80, 0x0, 0x7e, 0x0,
    0x3f, 0x0, 0x3, 0xf0, 0x0, 0x3f, 0x0, 0x2f,
    0x0, 0x0, 0x7e, 0x1, 0xf8, 0x0, 0x0, 0xfc,
    0xf, 0xc0, 0x0, 0x0, 0xfc, 0xbc, 0x0, 0x0,
    0x1, 0xfb, 0xe0, 0x0, 0x0, 0x3, 0xff, 0x0,
    0x0, 0x0, 0x3, 0xf4, 0x0, 0x0, 0x0, 0xf,
    0xc0, 0x0, 0x0, 0x0, 0x3f, 0x0, 0x0, 0x0,
    0x0, 0xfc, 0x0, 0x0, 0x0, 0x3, 0xf0, 0x0,
    0x0, 0x0, 0xf, 0xc0, 0x0, 0x0, 0x0, 0x3f,
    0x0, 0x0, 0x0, 0x0, 0xfc, 0x0, 0x0, 0x0,
    0x3, 0xf0, 0x0, 0x0, 0x0, 0xf, 0xc0, 0x0,
    0x0, 0x0, 0x3f, 0x0, 0x0,

    /* U+1EF7 "ỷ" */
    0x0, 0xb, 0xf8, 0x0, 0x0, 0x19, 0x1e, 0x0,
    0x0, 0x0, 0x1d, 0x0, 0x0, 0x0, 0xb8, 0x0,
    0x0, 0x1, 0xd0, 0x0, 0x0, 0x0, 0x0, 0x0,
    0x0, 0x0, 0x0, 0x0, 0x3e, 0x0, 0x0, 0x3e,
    0x2f, 0x0, 0x0, 0xbc, 0xf, 0x40, 0x0, 0xfc,
    0xf, 0xc0, 0x1, 0xf4, 0x7, 0xc0, 0x2, 0xf0,
    0x3, 0xe0, 0x3, 0xe0, 0x2, 0xf0, 0x7, 0xc0,
    0x0, 0xf4, 0xf, 0xc0, 0x0, 0xfc, 0xf, 0x40,
    0x0, 0x7c, 0x2f, 0x0, 0x0, 0x3e, 0x3e, 0x0,
    0x0, 0x2f, 0x7d, 0x0, 0x0, 0xf, 0xfc, 0x0,
    0x0, 0xf, 0xf8, 0x0, 0x0, 0x7, 0xf0, 0x0,
    0x0, 0x3, 0xf0, 0x0, 0x0, 0x7, 0xd0, 0x0,
    0x0, 0xb, 0xc0, 0x0, 0x0, 0xf, 0x80, 0x0,
    0x0, 0x7f, 0x0, 0x0, 0xf, 0xfd, 0x0, 0x0,
    0xf, 0xf4, 0x0, 0x0,

    /* U+1EF8 "Ỹ" */
    0x0, 0xb, 0xe0, 0xf0, 0x0, 0x0, 0xbb, 0xff,
    0x80, 0x0, 0x2, 0x80, 0xa4, 0x0, 0x0, 0x0,
    0x0, 0x0, 0x0, 0x0, 0x0, 0x0, 0x0, 0x0,
    0xbc, 0x0, 0x0, 0xf, 0xc0, 0xfc, 0x0, 0x0,
    0xfc, 0x1, 0xf8, 0x0, 0x7, 0xe0, 0x3, 0xf0,
    0x0, 0x3f, 0x0, 0x3, 0xf0, 0x2, 0xf0, 0x0,
    0x7, 0xe0, 0x1f, 0x80, 0x0, 0xf, 0xc0, 0xfc,
    0x0, 0x0, 0xf, 0xcb, 0xc0, 0x0, 0x0, 0x1f,
    0xbe, 0x0, 0x0, 0x0, 0x3f, 0xf0, 0x0, 0x0,
    0x0, 0x3f, 0x40, 0x0, 0x0, 0x0, 0xfc, 0x0,
    0x0, 0x0, 0x3, 0xf0, 0x0, 0x0, 0x0, 0xf,
    0xc0, 0x0, 0x0, 0x0, 0x3f, 0x0, 0x0, 0x0,
    0x0, 0xfc, 0x0, 0x0, 0x0, 0x3, 0xf0, 0x0,
    0x0, 0x0, 0xf, 0xc0, 0x0, 0x0, 0x0, 0x3f,
    0x0, 0x0, 0x0, 0x0, 0xfc, 0x0, 0x0, 0x0,
    0x3, 0xf0, 0x0, 0x0,

    /* U+1EF9 "ỹ" */
    0x0, 0x2f, 0x42, 0xc0, 0x0, 0x7f, 0xd3, 0xc0,
    0x0, 0xb0, 0xff, 0x80, 0x0, 0xa0, 0x29, 0x0,
    0x0, 0x0, 0x0, 0x0, 0x0, 0x0, 0x0, 0x0,
    0x3e, 0x0, 0x0, 0x3e, 0x2f, 0x0, 0x0, 0xbc,
    0xf, 0x40, 0x0, 0xfc, 0xf, 0xc0, 0x1, 0xf4,
    0x7, 0xc0, 0x2, 0xf0, 0x3, 0xe0, 0x3, 0xe0,
    0x2, 0xf0, 0x7, 0xc0, 0x0, 0xf4, 0xf, 0xc0,
    0x0, 0xfc, 0xf, 0x40, 0x0, 0x7c, 0x2f, 0x0,
    0x0, 0x3e, 0x3e, 0x0, 0x0, 0x2f, 0x7d, 0x0,
    0x0, 0xf, 0xfc, 0x0, 0x0, 0xf, 0xf8, 0x0,
    0x0, 0x7, 0xf0, 0x0, 0x0, 0x3, 0xf0, 0x0,
    0x0, 0x7, 0xd0, 0x0, 0x0, 0xb, 0xc0, 0x0,
    0x0, 0xf, 0x80, 0x0, 0x0, 0x7f, 0x0, 0x0,
    0xf, 0xfd, 0x0, 0x0, 0xf, 0xf4, 0x0, 0x0,

    /* U+2010 "‐" */
    0x15, 0x54, 0xbf, 0xfe, 0xbf, 0xfe,

    /* U+2011 "‑" */
    0x15, 0x54, 0xbf, 0xfe, 0xbf, 0xfe,

    /* U+2012 "‒" */
    0x0, 0x0, 0x0, 0x0, 0xbf, 0xff, 0xff, 0xfd,
    0xbf, 0xff, 0xff, 0xfd,

    /* U+2013 "–" */
    0x0, 0x0, 0x0, 0xbf, 0xff, 0xfe, 0xbf, 0xff,
    0xfe,

    /* U+2014 "—" */
    0x0, 0x0, 0x0, 0x0, 0x0, 0x0, 0xb, 0xff,
    0xff, 0xff, 0xff, 0xff, 0xfe, 0xbf, 0xff, 0xff,
    0xff, 0xff, 0xff, 0xe0,

    /* U+2015 "―" */
    0x0, 0x0, 0x0, 0x0, 0x0, 0x0, 0x0, 0xff,
    0xff, 0xff, 0xff, 0xff, 0xff, 0xff, 0xff, 0xff,
    0xff, 0xff, 0xff, 0xff, 0xff,

    /* U+2018 "‘" */
    0xb, 0x43, 0xc2, 0xf0, 0xf8, 0xbd, 0x2f, 0x4b,
    0xc0,

    /* U+2019 "’" */
    0x1f, 0x47, 0xd2, 0xf0, 0xf8, 0x3c, 0x1e, 0x6,
    0x0,

    /* U+201C "“" */
    0xb, 0x40, 0xf0, 0xf0, 0x2e, 0x2f, 0x3, 0xd3,
    0xe0, 0xbc, 0xbd, 0xf, 0xcb, 0xd0, 0xfc, 0xbc,
    0xf, 0xc0,

    /* U+201D "”" */
    0x2f, 0x43, 0xf2, 0xf4, 0x3f, 0x2f, 0x43, 0xf3,
    0xf0, 0x3d, 0x3d, 0x7, 0xc7, 0xc0, 0xb4, 0x74,
    0xf, 0x0,

    /* U+2026 "…" */
    0x68, 0x0, 0xa, 0x0, 0x2, 0x9f, 0xc0, 0x1,
    0xf4, 0x0, 0x3f, 0xfc, 0x0, 0x1f, 0x40, 0x3,
    0xff, 0xc0, 0x1, 0xf4, 0x0, 0x3f
};


/*---------------------
 *  GLYPH DESCRIPTION
 *--------------------*/

static const lv_font_fmt_txt_glyph_dsc_t glyph_dsc[] = {
    {.bitmap_index = 0, .adv_w = 0, .box_w = 0, .box_h = 0, .ofs_x = 0, .ofs_y = 0} /* id = 0 reserved */,
    {.bitmap_index = 0, .adv_w = 142, .box_w = 0, .box_h = 0, .ofs_x = 0, .ofs_y = 0},
    {.bitmap_index = 0, .adv_w = 180, .box_w = 3, .box_h = 21, .ofs_x = 4, .ofs_y = 0},
    {.bitmap_index = 16, .adv_w = 206, .box_w = 9, .box_h = 8, .ofs_x = 2, .ofs_y = 13},
    {.bitmap_index = 34, .adv_w = 375, .box_w = 20, .box_h = 21, .ofs_x = 2, .ofs_y = 0},
    {.bitmap_index = 139, .adv_w = 285, .box_w = 14, .box_h = 26, .ofs_x = 2, .ofs_y = -4},
    {.bitmap_index = 230, .adv_w = 426, .box_w = 25, .box_h = 21, .ofs_x = 1, .ofs_y = 0},
    {.bitmap_index = 362, .adv_w = 349, .box_w = 20, .box_h = 21, .ofs_x = 1, .ofs_y = 0},
    {.bitmap_index = 467, .adv_w = 123, .box_w = 4, .box_h = 8, .ofs_x = 2, .ofs_y = 13},
    {.bitmap_index = 475, .adv_w = 175, .box_w = 7, .box_h = 26, .ofs_x = 2, .ofs_y = -4},
    {.bitmap_index = 521, .adv_w = 175, .box_w = 7, .box_h = 26, .ofs_x = 2, .ofs_y = -4},
    {.bitmap_index = 567, .adv_w = 224, .box_w = 14, .box_h = 14, .ofs_x = 0, .ofs_y = 7},
    {.bitmap_index = 616, .adv_w = 375, .box_w = 19, .box_h = 18, .ofs_x = 2, .ofs_y = 0},
    {.bitmap_index = 702, .adv_w = 142, .box_w = 5, .box_h = 7, .ofs_x = 2, .ofs_y = -3},
    {.bitmap_index = 711, .adv_w = 162, .box_w = 8, .box_h = 3, .ofs_x = 1, .ofs_y = 7},
    {.bitmap_index = 717, .adv_w = 142, .box_w = 3, .box_h = 4, .ofs_x = 3, .ofs_y = 0},
    {.bitmap_index = 720, .adv_w = 151, .box_w = 10, .box_h = 24, .ofs_x = 0, .ofs_y = -3},
    {.bitmap_index = 780, .adv_w = 285, .box_w = 15, .box_h = 21, .ofs_x = 1, .ofs_y = 0},
    {.bitmap_index = 859, .adv_w = 285, .box_w = 13, .box_h = 21, .ofs_x = 3, .ofs_y = 0},
    {.bitmap_index = 928, .adv_w = 285, .box_w = 14, .box_h = 21, .ofs_x = 2, .ofs_y = 0},
    {.bitmap_index = 1002, .adv_w = 285, .box_w = 14, .box_h = 21, .ofs_x = 2, .ofs_y = 0},
    {.bitmap_index = 1076, .adv_w = 285, .box_w = 16, .box_h = 21, .ofs_x = 1, .ofs_y = 0},
    {.bitmap_index = 1160, .adv_w = 285, .box_w = 14, .box_h = 21, .ofs_x = 2, .ofs_y = 0},
    {.bitmap_index = 1234, .adv_w = 285, .box_w = 16, .box_h = 21, .ofs_x = 1, .ofs_y = 0},
    {.bitmap_index = 1318, .adv_w = 285, .box_w = 14, .box_h = 21, .ofs_x = 2, .ofs_y = 0},
    {.bitmap_index = 1392, .adv_w = 285, .box_w = 15, .box_h = 21, .ofs_x = 1, .ofs_y = 0},
    {.bitmap_index = 1471, .adv_w = 285, .box_w = 15, .box_h = 21, .ofs_x = 1, .ofs_y = 0},
    {.bitmap_index = 1550, .adv_w = 151, .box_w = 4, .box_h = 15, .ofs_x = 3, .ofs_y = 0},
    {.bitmap_index = 1565, .adv_w = 151, .box_w = 5, .box_h = 18, .ofs_x = 2, .ofs_y = -3},
    {.bitmap_index = 1588, .adv_w = 375, .box_w = 19, .box_h = 16, .ofs_x = 2, .ofs_y = 1},
    {.bitmap_index = 1664, .adv_w = 375, .box_w = 19, .box_h = 8, .ofs_x = 2, .ofs_y = 5},
    {.bitmap_index = 1702, .adv_w = 375, .box_w = 19, .box_h = 16, .ofs_x = 2, .ofs_y = 1},
    {.bitmap_index = 1778, .adv_w = 238, .box_w = 11, .box_h = 21, .ofs_x = 2, .ofs_y = 0},
    {.bitmap_index = 1836, .adv_w = 448, .box_w = 26, .box_h = 26, .ofs_x = 1, .ofs_y = -5},
    {.bitmap_index = 2005, .adv_w = 306, .box_w = 19, .box_h = 21, .ofs_x = 0, .ofs_y = 0},
    {.bitmap_index = 2105, .adv_w = 307, .box_w = 16, .box_h = 21, .ofs_x = 2, .ofs_y = 0},
    {.bitmap_index = 2189, .adv_w = 313, .box_w = 18, .box_h = 21, .ofs_x = 1, .ofs_y = 0},
    {.bitmap_index = 2284, .adv_w = 345, .box_w = 18, .box_h = 21, .ofs_x = 2, .ofs_y = 0},
    {.bitmap_index = 2379, .adv_w = 283, .box_w = 14, .box_h = 21, .ofs_x = 2, .ofs_y = 0},
    {.bitmap_index = 2453, .adv_w = 258, .box_w = 13, .box_h = 21, .ofs_x = 2, .ofs_y = 0},
    {.bitmap_index = 2522, .adv_w = 347, .box_w = 19, .box_h = 21, .ofs_x = 1, .ofs_y = 0},
    {.bitmap_index = 2622, .adv_w = 337, .box_w = 17, .box_h = 21, .ofs_x = 2, .ofs_y = 0},
    {.bitmap_index = 2712, .adv_w = 132, .box_w = 4, .box_h = 21, .ofs_x = 2, .ofs_y = 0},
    {.bitmap_index = 2733, .adv_w = 132, .box_w = 8, .box_h = 27, .ofs_x = -2, .ofs_y = -6},
    {.bitmap_index = 2787, .adv_w = 294, .box_w = 17, .box_h = 21, .ofs_x = 2, .ofs_y = 0},
    {.bitmap_index = 2877, .adv_w = 250, .box_w = 14, .box_h = 21, .ofs_x = 2, .ofs_y = 0},
    {.bitmap_index = 2951, .adv_w = 387, .box_w = 20, .box_h = 21, .ofs_x = 2, .ofs_y = 0},
    {.bitmap_index = 3056, .adv_w = 335, .box_w = 17, .box_h = 21, .ofs_x = 2, .ofs_y = 0},
    {.bitmap_index = 3146, .adv_w = 353, .box_w = 20, .box_h = 21, .ofs_x = 1, .ofs_y = 0},
    {.bitmap_index = 3251, .adv_w = 270, .box_w = 14, .box_h = 21, .ofs_x = 2, .ofs_y = 0},
    {.bitmap_index = 3325, .adv_w = 353, .box_w = 20, .box_h = 25, .ofs_x = 1, .ofs_y = -4},
    {.bitmap_index = 3450, .adv_w = 311, .box_w = 17, .box_h = 21, .ofs_x = 2, .ofs_y = 0},
    {.bitmap_index = 3540, .adv_w = 284, .box_w = 16, .box_h = 21, .ofs_x = 1, .ofs_y = 0},
    {.bitmap_index = 3624, .adv_w = 274, .box_w = 19, .box_h = 21, .ofs_x = -1, .ofs_y = 0},
    {.bitmap_index = 3724, .adv_w = 328, .box_w = 17, .box_h = 21, .ofs_x = 2, .ofs_y = 0},
    {.bitmap_index = 3814, .adv_w = 306, .box_w = 19, .box_h = 21, .ofs_x = 0, .ofs_y = 0},
    {.bitmap_index = 3914, .adv_w = 443, .box_w = 27, .box_h = 21, .ofs_x = 0, .ofs_y = 0},
    {.bitmap_index = 4056, .adv_w = 307, .box_w = 19, .box_h = 21, .ofs_x = 0, .ofs_y = 0},
    {.bitmap_index = 4156, .adv_w = 274, .box_w = 19, .box_h = 21, .ofs_x = -1, .ofs_y = 0},
    {.bitmap_index = 4256, .adv_w = 307, .box_w = 17, .box_h = 21, .ofs_x = 1, .ofs_y = 0},
    {.bitmap_index = 4346, .adv_w = 175, .box_w = 7, .box_h = 25, .ofs_x = 2, .ofs_y = -3},
    {.bitmap_index = 4390, .adv_w = 151, .box_w = 10, .box_h = 24, .ofs_x = 0, .ofs_y = -3},
    {.bitmap_index = 4450, .adv_w = 175, .box_w = 7, .box_h = 25, .ofs_x = 2, .ofs_y = -3},
    {.bitmap_index = 4494, .adv_w = 375, .box_w = 19, .box_h = 8, .ofs_x = 2, .ofs_y = 13},
    {.bitmap_index = 4532, .adv_w = 224, .box_w = 16, .box_h = 2, .ofs_x = -1, .ofs_y = -7},
    {.bitmap_index = 4540, .adv_w = 224, .box_w = 7, .box_h = 5, .ofs_x = 2, .ofs_y = 18},
    {.bitmap_index = 4549, .adv_w = 275, .box_w = 14, .box_h = 16, .ofs_x = 1, .ofs_y = 0},
    {.bitmap_index = 4605, .adv_w = 284, .box_w = 15, .box_h = 22, .ofs_x = 2, .ofs_y = 0},
    {.bitmap_index = 4688, .adv_w = 246, .box_w = 13, .box_h = 16, .ofs_x = 1, .ofs_y = 0},
    {.bitmap_index = 4740, .adv_w = 284, .box_w = 15, .box_h = 22, .ofs_x = 1, .ofs_y = 0},
    {.bitmap_index = 4823, .adv_w = 276, .box_w = 15, .box_h = 16, .ofs_x = 1, .ofs_y = 0},
    {.bitmap_index = 4883, .adv_w = 158, .box_w = 11, .box_h = 22, .ofs_x = 0, .ofs_y = 0},
    {.bitmap_index = 4944, .adv_w = 284, .box_w = 15, .box_h = 22, .ofs_x = 1, .ofs_y = -6},
    {.bitmap_index = 5027, .adv_w = 284, .box_w = 14, .box_h = 22, .ofs_x = 2, .ofs_y = 0},
    {.bitmap_index = 5104, .adv_w = 124, .box_w = 4, .box_h = 22, .ofs_x = 2, .ofs_y = 0},
    {.bitmap_index = 5126, .adv_w = 124, .box_w = 7, .box_h = 28, .ofs_x = -1, .ofs_y = -6},
    {.bitmap_index = 5175, .adv_w = 259, .box_w = 15, .box_h = 22, .ofs_x = 2, .ofs_y = 0},
    {.bitmap_index = 5258, .adv_w = 124, .box_w = 4, .box_h = 22, .ofs_x = 2, .ofs_y = 0},
    {.bitmap_index = 5280, .adv_w = 436, .box_w = 23, .box_h = 16, .ofs_x = 2, .ofs_y = 0},
    {.bitmap_index = 5372, .adv_w = 284, .box_w = 14, .box_h = 16, .ofs_x = 2, .ofs_y = 0},
    {.bitmap_index = 5428, .adv_w = 274, .box_w = 15, .box_h = 16, .ofs_x = 1, .ofs_y = 0},
    {.bitmap_index = 5488, .adv_w = 284, .box_w = 15, .box_h = 22, .ofs_x = 2, .ofs_y = -6},
    {.bitmap_index = 5571, .adv_w = 284, .box_w = 15, .box_h = 22, .ofs_x = 1, .ofs_y = -6},
    {.bitmap_index = 5654, .adv_w = 184, .box_w = 10, .box_h = 16, .ofs_x = 2, .ofs_y = 0},
    {.bitmap_index = 5694, .adv_w = 233, .box_w = 13, .box_h = 16, .ofs_x = 1, .ofs_y = 0},
    {.bitmap_index = 5746, .adv_w = 176, .box_w = 11, .box_h = 20, .ofs_x = 0, .ofs_y = 0},
    {.bitmap_index = 5801, .adv_w = 284, .box_w = 14, .box_h = 16, .ofs_x = 2, .ofs_y = 0},
    {.bitmap_index = 5857, .adv_w = 265, .box_w = 16, .box_h = 16, .ofs_x = 0, .ofs_y = 0},
    {.bitmap_index = 5921, .adv_w = 366, .box_w = 21, .box_h = 16, .ofs_x = 1, .ofs_y = 0},
    {.bitmap_index = 6005, .adv_w = 265, .box_w = 16, .box_h = 16, .ofs_x = 0, .ofs_y = 0},
    {.bitmap_index = 6069, .adv_w = 265, .box_w = 16, .box_h = 22, .ofs_x = 0, .ofs_y = -6},
    {.bitmap_index = 6157, .adv_w = 235, .box_w = 13, .box_h = 16, .ofs_x = 1, .ofs_y = 0},
    {.bitmap_index = 6209, .adv_w = 285, .box_w = 12, .box_h = 26, .ofs_x = 3, .ofs_y = -4},
    {.bitmap_index = 6287, .adv_w = 151, .box_w = 3, .box_h = 29, .ofs_x = 3, .ofs_y = -7},
    {.bitmap_index = 6309, .adv_w = 285, .box_w = 12, .box_h = 26, .ofs_x = 3, .ofs_y = -4},
    {.bitmap_index = 6387, .adv_w = 375, .box_w = 19, .box_h = 6, .ofs_x = 2, .ofs_y = 6},
    {.bitmap_index = 6416, .adv_w = 142, .box_w = 0, .box_h = 0, .ofs_x = 0, .ofs_y = 0},
    {.bitmap_index = 6416, .adv_w = 180, .box_w = 3, .box_h = 21, .ofs_x = 4, .ofs_y = -5},
    {.bitmap_index = 6432, .adv_w = 285, .box_w = 13, .box_h = 25, .ofs_x = 2, .ofs_y = -5},
    {.bitmap_index = 6514, .adv_w = 285, .box_w = 15, .box_h = 21, .ofs_x = 1, .ofs_y = 0},
    {.bitmap_index = 6593, .adv_w = 285, .box_w = 16, .box_h = 16, .ofs_x = 1, .ofs_y = 1},
    {.bitmap_index = 6657, .adv_w = 285, .box_w = 16, .box_h = 21, .ofs_x = 1, .ofs_y = 0},
    {.bitmap_index = 6741, .adv_w = 151, .box_w = 3, .box_h = 25, .ofs_x = 3, .ofs_y = -5},
    {.bitmap_index = 6760, .adv_w = 224, .box_w = 12, .box_h = 24, .ofs_x = 1, .ofs_y = -3},
    {.bitmap_index = 6832, .adv_w = 224, .box_w = 10, .box_h = 3, .ofs_x = 2, .ofs_y = 19},
    {.bitmap_index = 6840, .adv_w = 448, .box_w = 22, .box_h = 22, .ofs_x = 3, .ofs_y = -1},
    {.bitmap_index = 6961, .adv_w = 211, .box_w = 11, .box_h = 15, .ofs_x = 1, .ofs_y = 6},
    {.bitmap_index = 7003, .adv_w = 274, .box_w = 13, .box_h = 14, .ofs_x = 2, .ofs_y = 1},
    {.bitmap_index = 7049, .adv_w = 375, .box_w = 19, .box_h = 9, .ofs_x = 2, .ofs_y = 4},
    {.bitmap_index = 7092, .adv_w = 162, .box_w = 8, .box_h = 3, .ofs_x = 1, .ofs_y = 7},
    {.bitmap_index = 7098, .adv_w = 448, .box_w = 22, .box_h = 22, .ofs_x = 3, .ofs_y = -1},
    {.bitmap_index = 7219, .adv_w = 224, .box_w = 10, .box_h = 3, .ofs_x = 2, .ofs_y = 19},
    {.bitmap_index = 7227, .adv_w = 224, .box_w = 10, .box_h = 9, .ofs_x = 2, .ofs_y = 12},
    {.bitmap_index = 7250, .adv_w = 375, .box_w = 19, .box_h = 18, .ofs_x = 2, .ofs_y = 0},
    {.bitmap_index = 7336, .adv_w = 180, .box_w = 9, .box_h = 12, .ofs_x = 1, .ofs_y = 9},
    {.bitmap_index = 7363, .adv_w = 180, .box_w = 9, .box_h = 12, .ofs_x = 1, .ofs_y = 9},
    {.bitmap_index = 7390, .adv_w = 224, .box_w = 7, .box_h = 6, .ofs_x = 5, .ofs_y = 18},
    {.bitmap_index = 7401, .adv_w = 285, .box_w = 16, .box_h = 22, .ofs_x = 2, .ofs_y = -6},
    {.bitmap_index = 7489, .adv_w = 285, .box_w = 13, .box_h = 24, .ofs_x = 2, .ofs_y = -3},
    {.bitmap_index = 7567, .adv_w = 142, .box_w = 3, .box_h = 4, .ofs_x = 3, .ofs_y = 8},
    {.bitmap_index = 7570, .adv_w = 224, .box_w = 7, .box_h = 6, .ofs_x = 3, .ofs_y = -6},
    {.bitmap_index = 7581, .adv_w = 180, .box_w = 9, .box_h = 12, .ofs_x = 1, .ofs_y = 9},
    {.bitmap_index = 7608, .adv_w = 211, .box_w = 11, .box_h = 15, .ofs_x = 1, .ofs_y = 6},
    {.bitmap_index = 7650, .adv_w = 274, .box_w = 13, .box_h = 14, .ofs_x = 2, .ofs_y = 1},
    {.bitmap_index = 7696, .adv_w = 434, .box_w = 26, .box_h = 22, .ofs_x = 1, .ofs_y = 0},
    {.bitmap_index = 7839, .adv_w = 434, .box_w = 25, .box_h = 22, .ofs_x = 1, .ofs_y = -1},
    {.bitmap_index = 7977, .adv_w = 434, .box_w = 26, .box_h = 22, .ofs_x = 1, .ofs_y = 0},
    {.bitmap_index = 8120, .adv_w = 238, .box_w = 12, .box_h = 22, .ofs_x = 1, .ofs_y = -6},
    {.bitmap_index = 8186, .adv_w = 306, .box_w = 19, .box_h = 27, .ofs_x = 0, .ofs_y = 0},
    {.bitmap_index = 8315, .adv_w = 306, .box_w = 19, .box_h = 27, .ofs_x = 0, .ofs_y = 0},
    {.bitmap_index = 8444, .adv_w = 306, .box_w = 19, .box_h = 27, .ofs_x = 0, .ofs_y = 0},
    {.bitmap_index = 8573, .adv_w = 306, .box_w = 19, .box_h = 26, .ofs_x = 0, .ofs_y = 0},
    {.bitmap_index = 8697, .adv_w = 306, .box_w = 19, .box_h = 26, .ofs_x = 0, .ofs_y = 0},
    {.bitmap_index = 8821, .adv_w = 306, .box_w = 19, .box_h = 27, .ofs_x = 0, .ofs_y = 0},
    {.bitmap_index = 8950, .adv_w = 436, .box_w = 26, .box_h = 21, .ofs_x = 0, .ofs_y = 0},
    {.bitmap_index = 9087, .adv_w = 313, .box_w = 18, .box_h = 27, .ofs_x = 1, .ofs_y = -6},
    {.bitmap_index = 9209, .adv_w = 283, .box_w = 14, .box_h = 27, .ofs_x = 2, .ofs_y = 0},
    {.bitmap_index = 9304, .adv_w = 283, .box_w = 14, .box_h = 27, .ofs_x = 2, .ofs_y = 0},
    {.bitmap_index = 9399, .adv_w = 283, .box_w = 14, .box_h = 27, .ofs_x = 2, .ofs_y = 0},
    {.bitmap_index = 9494, .adv_w = 283, .box_w = 14, .box_h = 26, .ofs_x = 2, .ofs_y = 0},
    {.bitmap_index = 9585, .adv_w = 132, .box_w = 7, .box_h = 27, .ofs_x = 0, .ofs_y = 0},
    {.bitmap_index = 9633, .adv_w = 132, .box_w = 6, .box_h = 27, .ofs_x = 2, .ofs_y = 0},
    {.bitmap_index = 9674, .adv_w = 132, .box_w = 10, .box_h = 27, .ofs_x = -1, .ofs_y = 0},
    {.bitmap_index = 9742, .adv_w = 132, .box_w = 9, .box_h = 26, .ofs_x = 0, .ofs_y = 0},
    {.bitmap_index = 9801, .adv_w = 347, .box_w = 21, .box_h = 21, .ofs_x = 0, .ofs_y = 0},
    {.bitmap_index = 9912, .adv_w = 335, .box_w = 17, .box_h = 26, .ofs_x = 2, .ofs_y = 0},
    {.bitmap_index = 10023, .adv_w = 353, .box_w = 20, .box_h = 27, .ofs_x = 1, .ofs_y = 0},
    {.bitmap_index = 10158, .adv_w = 353, .box_w = 20, .box_h = 27, .ofs_x = 1, .ofs_y = 0},
    {.bitmap_index = 10293, .adv_w = 353, .box_w = 20, .box_h = 27, .ofs_x = 1, .ofs_y = 0},
    {.bitmap_index = 10428, .adv_w = 353, .box_w = 20, .box_h = 27, .ofs_x = 1, .ofs_y = 0},
    {.bitmap_index = 10563, .adv_w = 353, .box_w = 20, .box_h = 27, .ofs_x = 1, .ofs_y = 0},
    {.bitmap_index = 10698, .adv_w = 375, .box_w = 17, .box_h = 18, .ofs_x = 3, .ofs_y = 0},
    {.bitmap_index = 10775, .adv_w = 353, .box_w = 20, .box_h = 23, .ofs_x = 1, .ofs_y = -1},
    {.bitmap_index = 10890, .adv_w = 328, .box_w = 17, .box_h = 27, .ofs_x = 2, .ofs_y = 0},
    {.bitmap_index = 11005, .adv_w = 328, .box_w = 17, .box_h = 27, .ofs_x = 2, .ofs_y = 0},
    {.bitmap_index = 11120, .adv_w = 328, .box_w = 17, .box_h = 27, .ofs_x = 2, .ofs_y = 0},
    {.bitmap_index = 11235, .adv_w = 328, .box_w = 17, .box_h = 27, .ofs_x = 2, .ofs_y = 0},
    {.bitmap_index = 11350, .adv_w = 274, .box_w = 19, .box_h = 27, .ofs_x = -1, .ofs_y = 0},
    {.bitmap_index = 11479, .adv_w = 271, .box_w = 14, .box_h = 21, .ofs_x = 2, .ofs_y = 0},
    {.bitmap_index = 11553, .adv_w = 282, .box_w = 15, .box_h = 22, .ofs_x = 2, .ofs_y = 0},
    {.bitmap_index = 11636, .adv_w = 275, .box_w = 14, .box_h = 24, .ofs_x = 1, .ofs_y = 0},
    {.bitmap_index = 11720, .adv_w = 275, .box_w = 14, .box_h = 24, .ofs_x = 1, .ofs_y = 0},
    {.bitmap_index = 11804, .adv_w = 275, .box_w = 14, .box_h = 24, .ofs_x = 1, .ofs_y = 0},
    {.bitmap_index = 11888, .adv_w = 275, .box_w = 14, .box_h = 22, .ofs_x = 1, .ofs_y = 0},
    {.bitmap_index = 11965, .adv_w = 275, .box_w = 14, .box_h = 22, .ofs_x = 1, .ofs_y = 0},
    {.bitmap_index = 12042, .adv_w = 275, .box_w = 14, .box_h = 26, .ofs_x = 1, .ofs_y = 0},
    {.bitmap_index = 12133, .adv_w = 440, .box_w = 26, .box_h = 16, .ofs_x = 1, .ofs_y = 0},
    {.bitmap_index = 12237, .adv_w = 246, .box_w = 13, .box_h = 22, .ofs_x = 1, .ofs_y = -6},
    {.bitmap_index = 12309, .adv_w = 276, .box_w = 15, .box_h = 24, .ofs_x = 1, .ofs_y = 0},
    {.bitmap_index = 12399, .adv_w = 276, .box_w = 15, .box_h = 24, .ofs_x = 1, .ofs_y = 0},
    {.bitmap_index = 12489, .adv_w = 276, .box_w = 15, .box_h = 24, .ofs_x = 1, .ofs_y = 0},
    {.bitmap_index = 12579, .adv_w = 276, .box_w = 15, .box_h = 22, .ofs_x = 1, .ofs_y = 0},
    {.bitmap_index = 12662, .adv_w = 124, .box_w = 7, .box_h = 23, .ofs_x = -1, .ofs_y = 0},
    {.bitmap_index = 12703, .adv_w = 124, .box_w = 8, .box_h = 23, .ofs_x = 1, .ofs_y = 0},
    {.bitmap_index = 12749, .adv_w = 124, .box_w = 10, .box_h = 23, .ofs_x = -1, .ofs_y = 0},
    {.bitmap_index = 12807, .adv_w = 124, .box_w = 9, .box_h = 22, .ofs_x = -1, .ofs_y = 0},
    {.bitmap_index = 12857, .adv_w = 274, .box_w = 15, .box_h = 22, .ofs_x = 1, .ofs_y = 0},
    {.bitmap_index = 12940, .adv_w = 284, .box_w = 14, .box_h = 22, .ofs_x = 2, .ofs_y = 0},
    {.bitmap_index = 13017, .adv_w = 274, .box_w = 15, .box_h = 24, .ofs_x = 1, .ofs_y = 0},
    {.bitmap_index = 13107, .adv_w = 274, .box_w = 15, .box_h = 24, .ofs_x = 1, .ofs_y = 0},
    {.bitmap_index = 13197, .adv_w = 274, .box_w = 15, .box_h = 24, .ofs_x = 1, .ofs_y = 0},
    {.bitmap_index = 13287, .adv_w = 274, .box_w = 15, .box_h = 22, .ofs_x = 1, .ofs_y = 0},
    {.bitmap_index = 13370, .adv_w = 274, .box_w = 15, .box_h = 22, .ofs_x = 1, .ofs_y = 0},
    {.bitmap_index = 13453, .adv_w = 375, .box_w = 19, .box_h = 14, .ofs_x = 2, .ofs_y = 2},
    {.bitmap_index = 13520, .adv_w = 274, .box_w = 17, .box_h = 18, .ofs_x = 0, .ofs_y = -1},
    {.bitmap_index = 13597, .adv_w = 284, .box_w = 14, .box_h = 24, .ofs_x = 2, .ofs_y = 0},
    {.bitmap_index = 13681, .adv_w = 284, .box_w = 14, .box_h = 24, .ofs_x = 2, .ofs_y = 0},
    {.bitmap_index = 13765, .adv_w = 284, .box_w = 14, .box_h = 24, .ofs_x = 2, .ofs_y = 0},
    {.bitmap_index = 13849, .adv_w = 284, .box_w = 14, .box_h = 22, .ofs_x = 2, .ofs_y = 0},
    {.bitmap_index = 13926, .adv_w = 265, .box_w = 16, .box_h = 29, .ofs_x = 0, .ofs_y = -6},
    {.bitmap_index = 14042, .adv_w = 284, .box_w = 15, .box_h = 28, .ofs_x = 2, .ofs_y = -6},
    {.bitmap_index = 14147, .adv_w = 265, .box_w = 16, .box_h = 28, .ofs_x = 0, .ofs_y = -6},
    {.bitmap_index = 14259, .adv_w = 306, .box_w = 19, .box_h = 26, .ofs_x = 0, .ofs_y = 0},
    {.bitmap_index = 14383, .adv_w = 275, .box_w = 14, .box_h = 22, .ofs_x = 1, .ofs_y = 0},
    {.bitmap_index = 14460, .adv_w = 306, .box_w = 19, .box_h = 27, .ofs_x = 0, .ofs_y = 0},
    {.bitmap_index = 14589, .adv_w = 275, .box_w = 14, .box_h = 22, .ofs_x = 1, .ofs_y = 0},
    {.bitmap_index = 14666, .adv_w = 306, .box_w = 20, .box_h = 27, .ofs_x = 0, .ofs_y = -6},
    {.bitmap_index = 14801, .adv_w = 275, .box_w = 15, .box_h = 22, .ofs_x = 1, .ofs_y = -6},
    {.bitmap_index = 14884, .adv_w = 313, .box_w = 18, .box_h = 27, .ofs_x = 1, .ofs_y = 0},
    {.bitmap_index = 15006, .adv_w = 246, .box_w = 13, .box_h = 24, .ofs_x = 1, .ofs_y = 0},
    {.bitmap_index = 15084, .adv_w = 313, .box_w = 18, .box_h = 27, .ofs_x = 1, .ofs_y = 0},
    {.bitmap_index = 15206, .adv_w = 246, .box_w = 13, .box_h = 24, .ofs_x = 1, .ofs_y = 0},
    {.bitmap_index = 15284, .adv_w = 313, .box_w = 18, .box_h = 27, .ofs_x = 1, .ofs_y = 0},
    {.bitmap_index = 15406, .adv_w = 246, .box_w = 13, .box_h = 22, .ofs_x = 1, .ofs_y = 0},
    {.bitmap_index = 15478, .adv_w = 313, .box_w = 18, .box_h = 27, .ofs_x = 1, .ofs_y = 0},
    {.bitmap_index = 15600, .adv_w = 246, .box_w = 13, .box_h = 24, .ofs_x = 1, .ofs_y = 0},
    {.bitmap_index = 15678, .adv_w = 345, .box_w = 18, .box_h = 27, .ofs_x = 2, .ofs_y = 0},
    {.bitmap_index = 15800, .adv_w = 284, .box_w = 20, .box_h = 22, .ofs_x = 1, .ofs_y = 0},
    {.bitmap_index = 15910, .adv_w = 347, .box_w = 21, .box_h = 21, .ofs_x = 0, .ofs_y = 0},
    {.bitmap_index = 16021, .adv_w = 284, .box_w = 17, .box_h = 22, .ofs_x = 1, .ofs_y = 0},
    {.bitmap_index = 16115, .adv_w = 283, .box_w = 14, .box_h = 26, .ofs_x = 2, .ofs_y = 0},
    {.bitmap_index = 16206, .adv_w = 276, .box_w = 15, .box_h = 22, .ofs_x = 1, .ofs_y = 0},
    {.bitmap_index = 16289, .adv_w = 283, .box_w = 14, .box_h = 27, .ofs_x = 2, .ofs_y = 0},
    {.bitmap_index = 16384, .adv_w = 276, .box_w = 15, .box_h = 23, .ofs_x = 1, .ofs_y = 0},
    {.bitmap_index = 16471, .adv_w = 283, .box_w = 14, .box_h = 26, .ofs_x = 2, .ofs_y = 0},
    {.bitmap_index = 16562, .adv_w = 276, .box_w = 15, .box_h = 22, .ofs_x = 1, .ofs_y = 0},
    {.bitmap_index = 16645, .adv_w = 283, .box_w = 14, .box_h = 27, .ofs_x = 2, .ofs_y = -6},
    {.bitmap_index = 16740, .adv_w = 276, .box_w = 15, .box_h = 22, .ofs_x = 1, .ofs_y = -6},
    {.bitmap_index = 16823, .adv_w = 283, .box_w = 14, .box_h = 27, .ofs_x = 2, .ofs_y = 0},
    {.bitmap_index = 16918, .adv_w = 276, .box_w = 15, .box_h = 23, .ofs_x = 1, .ofs_y = 0},
    {.bitmap_index = 17005, .adv_w = 347, .box_w = 19, .box_h = 27, .ofs_x = 1, .ofs_y = 0},
    {.bitmap_index = 17134, .adv_w = 284, .box_w = 15, .box_h = 29, .ofs_x = 1, .ofs_y = -6},
    {.bitmap_index = 17243, .adv_w = 347, .box_w = 19, .box_h = 27, .ofs_x = 1, .ofs_y = 0},
    {.bitmap_index = 17372, .adv_w = 284, .box_w = 15, .box_h = 29, .ofs_x = 1, .ofs_y = -6},
    {.bitmap_index = 17481, .adv_w = 347, .box_w = 19, .box_h = 27, .ofs_x = 1, .ofs_y = 0},
    {.bitmap_index = 17610, .adv_w = 284, .box_w = 15, .box_h = 28, .ofs_x = 1, .ofs_y = -6},
    {.bitmap_index = 17715, .adv_w = 347, .box_w = 19, .box_h = 28, .ofs_x = 1, .ofs_y = -7},
    {.bitmap_index = 17848, .adv_w = 284, .box_w = 15, .box_h = 28, .ofs_x = 1, .ofs_y = -6},
    {.bitmap_index = 17953, .adv_w = 337, .box_w = 17, .box_h = 27, .ofs_x = 2, .ofs_y = 0},
    {.bitmap_index = 18068, .adv_w = 284, .box_w = 17, .box_h = 27, .ofs_x = -1, .ofs_y = 0},
    {.bitmap_index = 18183, .adv_w = 410, .box_w = 21, .box_h = 21, .ofs_x = 2, .ofs_y = 0},
    {.bitmap_index = 18294, .adv_w = 311, .box_w = 16, .box_h = 22, .ofs_x = 1, .ofs_y = 0},
    {.bitmap_index = 18382, .adv_w = 132, .box_w = 10, .box_h = 26, .ofs_x = -1, .ofs_y = 0},
    {.bitmap_index = 18447, .adv_w = 124, .box_w = 10, .box_h = 22, .ofs_x = -1, .ofs_y = 0},
    {.bitmap_index = 18502, .adv_w = 132, .box_w = 9, .box_h = 26, .ofs_x = 0, .ofs_y = 0},
    {.bitmap_index = 18561, .adv_w = 124, .box_w = 9, .box_h = 22, .ofs_x = -1, .ofs_y = 0},
    {.bitmap_index = 18611, .adv_w = 132, .box_w = 10, .box_h = 27, .ofs_x = -1, .ofs_y = 0},
    {.bitmap_index = 18679, .adv_w = 124, .box_w = 10, .box_h = 23, .ofs_x = -1, .ofs_y = 0},
    {.bitmap_index = 18737, .adv_w = 132, .box_w = 6, .box_h = 27, .ofs_x = 2, .ofs_y = -6},
    {.bitmap_index = 18778, .adv_w = 124, .box_w = 6, .box_h = 28, .ofs_x = 2, .ofs_y = -6},
    {.bitmap_index = 18820, .adv_w = 132, .box_w = 4, .box_h = 26, .ofs_x = 2, .ofs_y = 0},
    {.bitmap_index = 18846, .adv_w = 124, .box_w = 4, .box_h = 16, .ofs_x = 2, .ofs_y = 0},
    {.bitmap_index = 18862, .adv_w = 264, .box_w = 12, .box_h = 27, .ofs_x = 2, .ofs_y = -6},
    {.bitmap_index = 18943, .adv_w = 249, .box_w = 11, .box_h = 28, .ofs_x = 2, .ofs_y = -6},
    {.bitmap_index = 19020, .adv_w = 132, .box_w = 11, .box_h = 32, .ofs_x = -2, .ofs_y = -6},
    {.bitmap_index = 19108, .adv_w = 124, .box_w = 10, .box_h = 29, .ofs_x = -1, .ofs_y = -6},
    {.bitmap_index = 19181, .adv_w = 294, .box_w = 17, .box_h = 28, .ofs_x = 2, .ofs_y = -7},
    {.bitmap_index = 19300, .adv_w = 259, .box_w = 15, .box_h = 29, .ofs_x = 2, .ofs_y = -7},
    {.bitmap_index = 19409, .adv_w = 259, .box_w = 15, .box_h = 16, .ofs_x = 2, .ofs_y = 0},
    {.bitmap_index = 19469, .adv_w = 250, .box_w = 14, .box_h = 27, .ofs_x = 2, .ofs_y = 0},
    {.bitmap_index = 19564, .adv_w = 124, .box_w = 7, .box_h = 27, .ofs_x = 2, .ofs_y = 0},
    {.bitmap_index = 19612, .adv_w = 250, .box_w = 14, .box_h = 28, .ofs_x = 2, .ofs_y = -7},
    {.bitmap_index = 19710, .adv_w = 124, .box_w = 5, .box_h = 29, .ofs_x = 1, .ofs_y = -7},
    {.bitmap_index = 19747, .adv_w = 250, .box_w = 14, .box_h = 21, .ofs_x = 2, .ofs_y = 0},
    {.bitmap_index = 19821, .adv_w = 168, .box_w = 9, .box_h = 22, .ofs_x = 2, .ofs_y = 0},
    {.bitmap_index = 19871, .adv_w = 250, .box_w = 14, .box_h = 21, .ofs_x = 2, .ofs_y = 0},
    {.bitmap_index = 19945, .adv_w = 153, .box_w = 7, .box_h = 22, .ofs_x = 2, .ofs_y = 0},
    {.bitmap_index = 19984, .adv_w = 252, .box_w = 17, .box_h = 21, .ofs_x = -1, .ofs_y = 0},
    {.bitmap_index = 20074, .adv_w = 127, .box_w = 8, .box_h = 22, .ofs_x = 0, .ofs_y = 0},
    {.bitmap_index = 20118, .adv_w = 335, .box_w = 17, .box_h = 27, .ofs_x = 2, .ofs_y = 0},
    {.bitmap_index = 20233, .adv_w = 284, .box_w = 14, .box_h = 23, .ofs_x = 2, .ofs_y = 0},
    {.bitmap_index = 20314, .adv_w = 335, .box_w = 17, .box_h = 28, .ofs_x = 2, .ofs_y = -7},
    {.bitmap_index = 20433, .adv_w = 284, .box_w = 14, .box_h = 23, .ofs_x = 2, .ofs_y = -7},
    {.bitmap_index = 20514, .adv_w = 335, .box_w = 17, .box_h = 27, .ofs_x = 2, .ofs_y = 0},
    {.bitmap_index = 20629, .adv_w = 284, .box_w = 14, .box_h = 23, .ofs_x = 2, .ofs_y = 0},
    {.bitmap_index = 20710, .adv_w = 364, .box_w = 19, .box_h = 21, .ofs_x = 2, .ofs_y = 0},
    {.bitmap_index = 20810, .adv_w = 335, .box_w = 16, .box_h = 27, .ofs_x = 2, .ofs_y = -6},
    {.bitmap_index = 20918, .adv_w = 284, .box_w = 14, .box_h = 22, .ofs_x = 2, .ofs_y = -6},
    {.bitmap_index = 20995, .adv_w = 353, .box_w = 20, .box_h = 27, .ofs_x = 1, .ofs_y = 0},
    {.bitmap_index = 21130, .adv_w = 274, .box_w = 15, .box_h = 22, .ofs_x = 1, .ofs_y = 0},
    {.bitmap_index = 21213, .adv_w = 353, .box_w = 20, .box_h = 27, .ofs_x = 1, .ofs_y = 0},
    {.bitmap_index = 21348, .adv_w = 274, .box_w = 15, .box_h = 23, .ofs_x = 1, .ofs_y = 0},
    {.bitmap_index = 21435, .adv_w = 353, .box_w = 20, .box_h = 27, .ofs_x = 1, .ofs_y = 0},
    {.bitmap_index = 21570, .adv_w = 274, .box_w = 15, .box_h = 24, .ofs_x = 1, .ofs_y = 0},
    {.bitmap_index = 21660, .adv_w = 479, .box_w = 28, .box_h = 21, .ofs_x = 1, .ofs_y = 0},
    {.bitmap_index = 21807, .adv_w = 458, .box_w = 27, .box_h = 16, .ofs_x = 1, .ofs_y = 0},
    {.bitmap_index = 21915, .adv_w = 311, .box_w = 17, .box_h = 27, .ofs_x = 2, .ofs_y = 0},
    {.bitmap_index = 22030, .adv_w = 184, .box_w = 11, .box_h = 23, .ofs_x = 2, .ofs_y = 0},
    {.bitmap_index = 22094, .adv_w = 311, .box_w = 17, .box_h = 28, .ofs_x = 2, .ofs_y = -7},
    {.bitmap_index = 22213, .adv_w = 184, .box_w = 11, .box_h = 23, .ofs_x = 1, .ofs_y = -7},
    {.bitmap_index = 22277, .adv_w = 311, .box_w = 17, .box_h = 27, .ofs_x = 2, .ofs_y = 0},
    {.bitmap_index = 22392, .adv_w = 184, .box_w = 10, .box_h = 23, .ofs_x = 2, .ofs_y = 0},
    {.bitmap_index = 22450, .adv_w = 284, .box_w = 16, .box_h = 27, .ofs_x = 1, .ofs_y = 0},
    {.bitmap_index = 22558, .adv_w = 233, .box_w = 13, .box_h = 24, .ofs_x = 1, .ofs_y = 0},
    {.bitmap_index = 22636, .adv_w = 284, .box_w = 16, .box_h = 27, .ofs_x = 1, .ofs_y = 0},
    {.bitmap_index = 22744, .adv_w = 233, .box_w = 13, .box_h = 24, .ofs_x = 1, .ofs_y = 0},
    {.bitmap_index = 22822, .adv_w = 284, .box_w = 16, .box_h = 27, .ofs_x = 1, .ofs_y = -6},
    {.bitmap_index = 22930, .adv_w = 233, .box_w = 13, .box_h = 22, .ofs_x = 1, .ofs_y = -6},
    {.bitmap_index = 23002, .adv_w = 284, .box_w = 16, .box_h = 27, .ofs_x = 1, .ofs_y = 0},
    {.bitmap_index = 23110, .adv_w = 233, .box_w = 13, .box_h = 24, .ofs_x = 1, .ofs_y = 0},
    {.bitmap_index = 23188, .adv_w = 274, .box_w = 19, .box_h = 27, .ofs_x = -1, .ofs_y = -6},
    {.bitmap_index = 23317, .adv_w = 176, .box_w = 11, .box_h = 26, .ofs_x = 0, .ofs_y = -6},
    {.bitmap_index = 23389, .adv_w = 274, .box_w = 19, .box_h = 27, .ofs_x = -1, .ofs_y = 0},
    {.bitmap_index = 23518, .adv_w = 176, .box_w = 11, .box_h = 24, .ofs_x = 0, .ofs_y = 0},
    {.bitmap_index = 23584, .adv_w = 274, .box_w = 19, .box_h = 21, .ofs_x = -1, .ofs_y = 0},
    {.bitmap_index = 23684, .adv_w = 176, .box_w = 11, .box_h = 20, .ofs_x = 0, .ofs_y = 0},
    {.bitmap_index = 23739, .adv_w = 328, .box_w = 17, .box_h = 27, .ofs_x = 2, .ofs_y = 0},
    {.bitmap_index = 23854, .adv_w = 284, .box_w = 14, .box_h = 22, .ofs_x = 2, .ofs_y = 0},
    {.bitmap_index = 23931, .adv_w = 328, .box_w = 17, .box_h = 27, .ofs_x = 2, .ofs_y = 0},
    {.bitmap_index = 24046, .adv_w = 284, .box_w = 14, .box_h = 22, .ofs_x = 2, .ofs_y = 0},
    {.bitmap_index = 24123, .adv_w = 328, .box_w = 17, .box_h = 27, .ofs_x = 2, .ofs_y = 0},
    {.bitmap_index = 24238, .adv_w = 284, .box_w = 14, .box_h = 23, .ofs_x = 2, .ofs_y = 0},
    {.bitmap_index = 24319, .adv_w = 328, .box_w = 17, .box_h = 27, .ofs_x = 2, .ofs_y = 0},
    {.bitmap_index = 24434, .adv_w = 284, .box_w = 14, .box_h = 25, .ofs_x = 2, .ofs_y = 0},
    {.bitmap_index = 24522, .adv_w = 328, .box_w = 17, .box_h = 27, .ofs_x = 2, .ofs_y = 0},
    {.bitmap_index = 24637, .adv_w = 284, .box_w = 14, .box_h = 24, .ofs_x = 2, .ofs_y = 0},
    {.bitmap_index = 24721, .adv_w = 328, .box_w = 17, .box_h = 27, .ofs_x = 2, .ofs_y = -6},
    {.bitmap_index = 24836, .adv_w = 284, .box_w = 16, .box_h = 22, .ofs_x = 2, .ofs_y = -6},
    {.bitmap_index = 24924, .adv_w = 443, .box_w = 27, .box_h = 27, .ofs_x = 0, .ofs_y = 0},
    {.bitmap_index = 25107, .adv_w = 366, .box_w = 21, .box_h = 23, .ofs_x = 1, .ofs_y = 0},
    {.bitmap_index = 25228, .adv_w = 274, .box_w = 19, .box_h = 27, .ofs_x = -1, .ofs_y = 0},
    {.bitmap_index = 25357, .adv_w = 265, .box_w = 16, .box_h = 29, .ofs_x = 0, .ofs_y = -6},
    {.bitmap_index = 25473, .adv_w = 274, .box_w = 19, .box_h = 26, .ofs_x = -1, .ofs_y = 0},
    {.bitmap_index = 25597, .adv_w = 307, .box_w = 17, .box_h = 27, .ofs_x = 1, .ofs_y = 0},
    {.bitmap_index = 25712, .adv_w = 235, .box_w = 13, .box_h = 23, .ofs_x = 1, .ofs_y = 0},
    {.bitmap_index = 25787, .adv_w = 307, .box_w = 17, .box_h = 26, .ofs_x = 1, .ofs_y = 0},
    {.bitmap_index = 25898, .adv_w = 235, .box_w = 13, .box_h = 22, .ofs_x = 1, .ofs_y = 0},
    {.bitmap_index = 25970, .adv_w = 307, .box_w = 17, .box_h = 27, .ofs_x = 1, .ofs_y = 0},
    {.bitmap_index = 26085, .adv_w = 235, .box_w = 13, .box_h = 23, .ofs_x = 1, .ofs_y = 0},
    {.bitmap_index = 26160, .adv_w = 158, .box_w = 11, .box_h = 22, .ofs_x = 0, .ofs_y = 0},
    {.bitmap_index = 26221, .adv_w = 284, .box_w = 17, .box_h = 22, .ofs_x = 0, .ofs_y = 0},
    {.bitmap_index = 26315, .adv_w = 329, .box_w = 21, .box_h = 21, .ofs_x = -2, .ofs_y = 0},
    {.bitmap_index = 26426, .adv_w = 307, .box_w = 16, .box_h = 21, .ofs_x = 2, .ofs_y = 0},
    {.bitmap_index = 26510, .adv_w = 284, .box_w = 15, .box_h = 22, .ofs_x = 2, .ofs_y = 0},
    {.bitmap_index = 26593, .adv_w = 307, .box_w = 18, .box_h = 21, .ofs_x = 0, .ofs_y = 0},
    {.bitmap_index = 26688, .adv_w = 284, .box_w = 17, .box_h = 22, .ofs_x = 0, .ofs_y = 0},
    {.bitmap_index = 26782, .adv_w = 315, .box_w = 18, .box_h = 21, .ofs_x = 1, .ofs_y = 0},
    {.bitmap_index = 26877, .adv_w = 313, .box_w = 22, .box_h = 27, .ofs_x = 1, .ofs_y = 0},
    {.bitmap_index = 27026, .adv_w = 246, .box_w = 16, .box_h = 22, .ofs_x = 1, .ofs_y = 0},
    {.bitmap_index = 27114, .adv_w = 347, .box_w = 21, .box_h = 21, .ofs_x = 0, .ofs_y = 0},
    {.bitmap_index = 27225, .adv_w = 367, .box_w = 24, .box_h = 21, .ofs_x = -2, .ofs_y = 0},
    {.bitmap_index = 27351, .adv_w = 307, .box_w = 16, .box_h = 21, .ofs_x = 2, .ofs_y = 0},
    {.bitmap_index = 27435, .adv_w = 284, .box_w = 15, .box_h = 22, .ofs_x = 1, .ofs_y = 0},
    {.bitmap_index = 27518, .adv_w = 274, .box_w = 15, .box_h = 22, .ofs_x = 1, .ofs_y = -6},
    {.bitmap_index = 27601, .adv_w = 283, .box_w = 14, .box_h = 21, .ofs_x = 1, .ofs_y = 0},
    {.bitmap_index = 27675, .adv_w = 353, .box_w = 20, .box_h = 21, .ofs_x = 1, .ofs_y = 0},
    {.bitmap_index = 27780, .adv_w = 275, .box_w = 14, .box_h = 21, .ofs_x = 2, .ofs_y = 0},
    {.bitmap_index = 27854, .adv_w = 258, .box_w = 17, .box_h = 27, .ofs_x = -2, .ofs_y = -6},
    {.bitmap_index = 27969, .adv_w = 158, .box_w = 13, .box_h = 28, .ofs_x = -2, .ofs_y = -6},
    {.bitmap_index = 28060, .adv_w = 347, .box_w = 23, .box_h = 27, .ofs_x = 1, .ofs_y = 0},
    {.bitmap_index = 28216, .adv_w = 308, .box_w = 20, .box_h = 27, .ofs_x = 0, .ofs_y = -6},
    {.bitmap_index = 28351, .adv_w = 441, .box_w = 24, .box_h = 22, .ofs_x = 2, .ofs_y = 0},
    {.bitmap_index = 28483, .adv_w = 158, .box_w = 8, .box_h = 21, .ofs_x = 2, .ofs_y = 0},
    {.bitmap_index = 28525, .adv_w = 132, .box_w = 9, .box_h = 21, .ofs_x = 0, .ofs_y = 0},
    {.bitmap_index = 28573, .adv_w = 334, .box_w = 19, .box_h = 21, .ofs_x = 2, .ofs_y = 0},
    {.bitmap_index = 28673, .adv_w = 259, .box_w = 15, .box_h = 22, .ofs_x = 2, .ofs_y = 0},
    {.bitmap_index = 28756, .adv_w = 124, .box_w = 8, .box_h = 22, .ofs_x = 0, .ofs_y = 0},
    {.bitmap_index = 28800, .adv_w = 265, .box_w = 16, .box_h = 22, .ofs_x = 0, .ofs_y = 0},
    {.bitmap_index = 28888, .adv_w = 436, .box_w = 24, .box_h = 21, .ofs_x = 2, .ofs_y = 0},
    {.bitmap_index = 29014, .adv_w = 335, .box_w = 21, .box_h = 27, .ofs_x = -2, .ofs_y = -6},
    {.bitmap_index = 29156, .adv_w = 284, .box_w = 14, .box_h = 22, .ofs_x = 2, .ofs_y = -6},
    {.bitmap_index = 29233, .adv_w = 353, .box_w = 20, .box_h = 21, .ofs_x = 1, .ofs_y = 0},
    {.bitmap_index = 29338, .adv_w = 409, .box_w = 21, .box_h = 22, .ofs_x = 1, .ofs_y = 0},
    {.bitmap_index = 29454, .adv_w = 274, .box_w = 16, .box_h = 18, .ofs_x = 1, .ofs_y = 0},
    {.bitmap_index = 29526, .adv_w = 425, .box_w = 23, .box_h = 21, .ofs_x = 1, .ofs_y = 0},
    {.bitmap_index = 29647, .adv_w = 340, .box_w = 18, .box_h = 22, .ofs_x = 1, .ofs_y = -6},
    {.bitmap_index = 29746, .adv_w = 292, .box_w = 20, .box_h = 21, .ofs_x = -2, .ofs_y = 0},
    {.bitmap_index = 29851, .adv_w = 284, .box_w = 15, .box_h = 28, .ofs_x = 2, .ofs_y = -6},
    {.bitmap_index = 29956, .adv_w = 311, .box_w = 17, .box_h = 25, .ofs_x = 2, .ofs_y = -4},
    {.bitmap_index = 30063, .adv_w = 284, .box_w = 15, .box_h = 21, .ofs_x = 1, .ofs_y = 0},
    {.bitmap_index = 30142, .adv_w = 233, .box_w = 13, .box_h = 16, .ofs_x = 1, .ofs_y = 0},
    {.bitmap_index = 30194, .adv_w = 283, .box_w = 14, .box_h = 21, .ofs_x = 2, .ofs_y = 0},
    {.bitmap_index = 30268, .adv_w = 151, .box_w = 14, .box_h = 28, .ofs_x = -4, .ofs_y = -6},
    {.bitmap_index = 30366, .adv_w = 176, .box_w = 11, .box_h = 26, .ofs_x = 0, .ofs_y = -6},
    {.bitmap_index = 30438, .adv_w = 274, .box_w = 18, .box_h = 21, .ofs_x = 0, .ofs_y = 0},
    {.bitmap_index = 30533, .adv_w = 176, .box_w = 11, .box_h = 22, .ofs_x = 0, .ofs_y = 0},
    {.bitmap_index = 30594, .adv_w = 274, .box_w = 19, .box_h = 27, .ofs_x = -1, .ofs_y = -6},
    {.bitmap_index = 30723, .adv_w = 384, .box_w = 21, .box_h = 22, .ofs_x = 2, .ofs_y = 0},
    {.bitmap_index = 30839, .adv_w = 284, .box_w = 17, .box_h = 18, .ofs_x = 2, .ofs_y = 0},
    {.bitmap_index = 30916, .adv_w = 342, .box_w = 20, .box_h = 21, .ofs_x = 1, .ofs_y = 0},
    {.bitmap_index = 31021, .adv_w = 323, .box_w = 18, .box_h = 21, .ofs_x = 2, .ofs_y = 0},
    {.bitmap_index = 31116, .adv_w = 333, .box_w = 22, .box_h = 21, .ofs_x = -1, .ofs_y = 0},
    {.bitmap_index = 31232, .adv_w = 327, .box_w = 21, .box_h = 22, .ofs_x = 0, .ofs_y = -6},
    {.bitmap_index = 31348, .adv_w = 307, .box_w = 17, .box_h = 21, .ofs_x = 1, .ofs_y = 0},
    {.bitmap_index = 31438, .adv_w = 235, .box_w = 13, .box_h = 16, .ofs_x = 1, .ofs_y = 0},
    {.bitmap_index = 31490, .adv_w = 298, .box_w = 16, .box_h = 21, .ofs_x = 2, .ofs_y = 0},
    {.bitmap_index = 31574, .adv_w = 298, .box_w = 16, .box_h = 21, .ofs_x = 1, .ofs_y = 0},
    {.bitmap_index = 31658, .adv_w = 259, .box_w = 14, .box_h = 22, .ofs_x = 1, .ofs_y = -6},
    {.bitmap_index = 31735, .adv_w = 235, .box_w = 13, .box_h = 22, .ofs_x = 1, .ofs_y = -6},
    {.bitmap_index = 31807, .adv_w = 285, .box_w = 14, .box_h = 21, .ofs_x = 2, .ofs_y = 0},
    {.bitmap_index = 31881, .adv_w = 298, .box_w = 17, .box_h = 21, .ofs_x = 1, .ofs_y = 0},
    {.bitmap_index = 31971, .adv_w = 259, .box_w = 14, .box_h = 22, .ofs_x = 1, .ofs_y = -6},
    {.bitmap_index = 32048, .adv_w = 229, .box_w = 12, .box_h = 21, .ofs_x = 1, .ofs_y = 0},
    {.bitmap_index = 32111, .adv_w = 284, .box_w = 15, .box_h = 22, .ofs_x = 2, .ofs_y = -6},
    {.bitmap_index = 32194, .adv_w = 132, .box_w = 4, .box_h = 27, .ofs_x = 2, .ofs_y = -6},
    {.bitmap_index = 32221, .adv_w = 221, .box_w = 10, .box_h = 27, .ofs_x = 2, .ofs_y = -6},
    {.bitmap_index = 32289, .adv_w = 206, .box_w = 13, .box_h = 27, .ofs_x = 0, .ofs_y = -6},
    {.bitmap_index = 32377, .adv_w = 132, .box_w = 4, .box_h = 21, .ofs_x = 2, .ofs_y = 0},
    {.bitmap_index = 32398, .adv_w = 637, .box_w = 36, .box_h = 27, .ofs_x = 2, .ofs_y = 0},
    {.bitmap_index = 32641, .adv_w = 582, .box_w = 32, .box_h = 23, .ofs_x = 2, .ofs_y = 0},
    {.bitmap_index = 32825, .adv_w = 517, .box_w = 29, .box_h = 24, .ofs_x = 1, .ofs_y = 0},
    {.bitmap_index = 32999, .adv_w = 374, .box_w = 20, .box_h = 27, .ofs_x = 2, .ofs_y = -6},
    {.bitmap_index = 33134, .adv_w = 352, .box_w = 19, .box_h = 28, .ofs_x = 2, .ofs_y = -6},
    {.bitmap_index = 33267, .adv_w = 205, .box_w = 9, .box_h = 28, .ofs_x = 2, .ofs_y = -6},
    {.bitmap_index = 33330, .adv_w = 417, .box_w = 23, .box_h = 27, .ofs_x = 2, .ofs_y = -6},
    {.bitmap_index = 33486, .adv_w = 414, .box_w = 22, .box_h = 28, .ofs_x = 2, .ofs_y = -6},
    {.bitmap_index = 33640, .adv_w = 357, .box_w = 19, .box_h = 28, .ofs_x = 2, .ofs_y = -6},
    {.bitmap_index = 33773, .adv_w = 306, .box_w = 19, .box_h = 27, .ofs_x = 0, .ofs_y = 0},
    {.bitmap_index = 33902, .adv_w = 275, .box_w = 14, .box_h = 24, .ofs_x = 1, .ofs_y = 0},
    {.bitmap_index = 33986, .adv_w = 132, .box_w = 10, .box_h = 27, .ofs_x = -1, .ofs_y = 0},
    {.bitmap_index = 34054, .adv_w = 124, .box_w = 10, .box_h = 23, .ofs_x = -1, .ofs_y = 0},
    {.bitmap_index = 34112, .adv_w = 353, .box_w = 20, .box_h = 27, .ofs_x = 1, .ofs_y = 0},
    {.bitmap_index = 34247, .adv_w = 274, .box_w = 15, .box_h = 24, .ofs_x = 1, .ofs_y = 0},
    {.bitmap_index = 34337, .adv_w = 328, .box_w = 17, .box_h = 27, .ofs_x = 2, .ofs_y = 0},
    {.bitmap_index = 34452, .adv_w = 284, .box_w = 14, .box_h = 24, .ofs_x = 2, .ofs_y = 0},
    {.bitmap_index = 34536, .adv_w = 328, .box_w = 17, .box_h = 30, .ofs_x = 2, .ofs_y = 0},
    {.bitmap_index = 34664, .adv_w = 284, .box_w = 14, .box_h = 27, .ofs_x = 2, .ofs_y = 0},
    {.bitmap_index = 34759, .adv_w = 328, .box_w = 17, .box_h = 30, .ofs_x = 2, .ofs_y = 0},
    {.bitmap_index = 34887, .adv_w = 284, .box_w = 14, .box_h = 26, .ofs_x = 2, .ofs_y = 0},
    {.bitmap_index = 34978, .adv_w = 328, .box_w = 17, .box_h = 30, .ofs_x = 2, .ofs_y = 0},
    {.bitmap_index = 35106, .adv_w = 284, .box_w = 14, .box_h = 26, .ofs_x = 2, .ofs_y = 0},
    {.bitmap_index = 35197, .adv_w = 328, .box_w = 17, .box_h = 31, .ofs_x = 2, .ofs_y = 0},
    {.bitmap_index = 35329, .adv_w = 284, .box_w = 14, .box_h = 26, .ofs_x = 2, .ofs_y = 0},
    {.bitmap_index = 35420, .adv_w = 276, .box_w = 15, .box_h = 16, .ofs_x = 1, .ofs_y = 0},
    {.bitmap_index = 35480, .adv_w = 306, .box_w = 19, .box_h = 30, .ofs_x = 0, .ofs_y = 0},
    {.bitmap_index = 35623, .adv_w = 275, .box_w = 14, .box_h = 27, .ofs_x = 1, .ofs_y = 0},
    {.bitmap_index = 35718, .adv_w = 306, .box_w = 19, .box_h = 30, .ofs_x = 0, .ofs_y = 0},
    {.bitmap_index = 35861, .adv_w = 275, .box_w = 14, .box_h = 26, .ofs_x = 1, .ofs_y = 0},
    {.bitmap_index = 35952, .adv_w = 436, .box_w = 26, .box_h = 26, .ofs_x = 0, .ofs_y = 0},
    {.bitmap_index = 36121, .adv_w = 440, .box_w = 26, .box_h = 21, .ofs_x = 1, .ofs_y = 0},
    {.bitmap_index = 36258, .adv_w = 347, .box_w = 21, .box_h = 21, .ofs_x = 1, .ofs_y = 0},
    {.bitmap_index = 36369, .adv_w = 284, .box_w = 17, .box_h = 22, .ofs_x = 1, .ofs_y = -6},
    {.bitmap_index = 36463, .adv_w = 347, .box_w = 19, .box_h = 27, .ofs_x = 1, .ofs_y = 0},
    {.bitmap_index = 36592, .adv_w = 284, .box_w = 15, .box_h = 29, .ofs_x = 1, .ofs_y = -6},
    {.bitmap_index = 36701, .adv_w = 294, .box_w = 17, .box_h = 27, .ofs_x = 2, .ofs_y = 0},
    {.bitmap_index = 36816, .adv_w = 259, .box_w = 18, .box_h = 27, .ofs_x = -1, .ofs_y = 0},
    {.bitmap_index = 36938, .adv_w = 353, .box_w = 20, .box_h = 27, .ofs_x = 1, .ofs_y = -6},
    {.bitmap_index = 37073, .adv_w = 274, .box_w = 15, .box_h = 22, .ofs_x = 1, .ofs_y = -6},
    {.bitmap_index = 37156, .adv_w = 353, .box_w = 20, .box_h = 32, .ofs_x = 1, .ofs_y = -6},
    {.bitmap_index = 37316, .adv_w = 274, .box_w = 15, .box_h = 28, .ofs_x = 1, .ofs_y = -6},
    {.bitmap_index = 37421, .adv_w = 298, .box_w = 16, .box_h = 28, .ofs_x = 2, .ofs_y = 0},
    {.bitmap_index = 37533, .adv_w = 259, .box_w = 14, .box_h = 29, .ofs_x = 1, .ofs_y = -6},
    {.bitmap_index = 37635, .adv_w = 124, .box_w = 10, .box_h = 29, .ofs_x = -1, .ofs_y = -6},
    {.bitmap_index = 37708, .adv_w = 637, .box_w = 36, .box_h = 21, .ofs_x = 2, .ofs_y = 0},
    {.bitmap_index = 37897, .adv_w = 582, .box_w = 32, .box_h = 21, .ofs_x = 2, .ofs_y = 0},
    {.bitmap_index = 38065, .adv_w = 517, .box_w = 29, .box_h = 22, .ofs_x = 1, .ofs_y = 0},
    {.bitmap_index = 38225, .adv_w = 347, .box_w = 19, .box_h = 27, .ofs_x = 1, .ofs_y = 0},
    {.bitmap_index = 38354, .adv_w = 284, .box_w = 15, .box_h = 29, .ofs_x = 1, .ofs_y = -6},
    {.bitmap_index = 38463, .adv_w = 499, .box_w = 27, .box_h = 21, .ofs_x = 2, .ofs_y = 0},
    {.bitmap_index = 38605, .adv_w = 306, .box_w = 16, .box_h = 27, .ofs_x = 2, .ofs_y = -6},
    {.bitmap_index = 38713, .adv_w = 335, .box_w = 17, .box_h = 27, .ofs_x = 2, .ofs_y = 0},
    {.bitmap_index = 38828, .adv_w = 284, .box_w = 14, .box_h = 23, .ofs_x = 2, .ofs_y = 0},
    {.bitmap_index = 38909, .adv_w = 306, .box_w = 19, .box_h = 27, .ofs_x = 0, .ofs_y = 0},
    {.bitmap_index = 39038, .adv_w = 275, .box_w = 17, .box_h = 27, .ofs_x = 1, .ofs_y = 0},
    {.bitmap_index = 39153, .adv_w = 436, .box_w = 26, .box_h = 27, .ofs_x = 0, .ofs_y = 0},
    {.bitmap_index = 39329, .adv_w = 440, .box_w = 26, .box_h = 23, .ofs_x = 1, .ofs_y = 0},
    {.bitmap_index = 39479, .adv_w = 353, .box_w = 20, .box_h = 28, .ofs_x = 1, .ofs_y = -1},
    {.bitmap_index = 39619, .adv_w = 274, .box_w = 17, .box_h = 24, .ofs_x = 0, .ofs_y = -1},
    {.bitmap_index = 39721, .adv_w = 306, .box_w = 19, .box_h = 27, .ofs_x = 0, .ofs_y = 0},
    {.bitmap_index = 39850, .adv_w = 275, .box_w = 14, .box_h = 24, .ofs_x = 1, .ofs_y = 0},
    {.bitmap_index = 39934, .adv_w = 306, .box_w = 19, .box_h = 26, .ofs_x = 0, .ofs_y = 0},
    {.bitmap_index = 40058, .adv_w = 275, .box_w = 14, .box_h = 23, .ofs_x = 1, .ofs_y = 0},
    {.bitmap_index = 40139, .adv_w = 283, .box_w = 14, .box_h = 27, .ofs_x = 2, .ofs_y = 0},
    {.bitmap_index = 40234, .adv_w = 276, .box_w = 15, .box_h = 24, .ofs_x = 1, .ofs_y = 0},
    {.bitmap_index = 40324, .adv_w = 283, .box_w = 14, .box_h = 26, .ofs_x = 2, .ofs_y = 0},
    {.bitmap_index = 40415, .adv_w = 276, .box_w = 15, .box_h = 23, .ofs_x = 1, .ofs_y = 0},
    {.bitmap_index = 40502, .adv_w = 132, .box_w = 11, .box_h = 27, .ofs_x = -2, .ofs_y = 0},
    {.bitmap_index = 40577, .adv_w = 124, .box_w = 10, .box_h = 23, .ofs_x = -1, .ofs_y = 0},
    {.bitmap_index = 40635, .adv_w = 132, .box_w = 9, .box_h = 26, .ofs_x = 0, .ofs_y = 0},
    {.bitmap_index = 40694, .adv_w = 124, .box_w = 10, .box_h = 22, .ofs_x = -1, .ofs_y = 0},
    {.bitmap_index = 40749, .adv_w = 353, .box_w = 20, .box_h = 27, .ofs_x = 1, .ofs_y = 0},
    {.bitmap_index = 40884, .adv_w = 274, .box_w = 15, .box_h = 24, .ofs_x = 1, .ofs_y = 0},
    {.bitmap_index = 40974, .adv_w = 353, .box_w = 20, .box_h = 26, .ofs_x = 1, .ofs_y = 0},
    {.bitmap_index = 41104, .adv_w = 274, .box_w = 15, .box_h = 23, .ofs_x = 1, .ofs_y = 0},
    {.bitmap_index = 41191, .adv_w = 311, .box_w = 17, .box_h = 27, .ofs_x = 2, .ofs_y = 0},
    {.bitmap_index = 41306, .adv_w = 184, .box_w = 11, .box_h = 23, .ofs_x = 1, .ofs_y = 0},
    {.bitmap_index = 41370, .adv_w = 311, .box_w = 17, .box_h = 26, .ofs_x = 2, .ofs_y = 0},
    {.bitmap_index = 41481, .adv_w = 184, .box_w = 10, .box_h = 22, .ofs_x = 2, .ofs_y = 0},
    {.bitmap_index = 41536, .adv_w = 328, .box_w = 17, .box_h = 27, .ofs_x = 2, .ofs_y = 0},
    {.bitmap_index = 41651, .adv_w = 284, .box_w = 14, .box_h = 24, .ofs_x = 2, .ofs_y = 0},
    {.bitmap_index = 41735, .adv_w = 328, .box_w = 17, .box_h = 26, .ofs_x = 2, .ofs_y = 0},
    {.bitmap_index = 41846, .adv_w = 284, .box_w = 14, .box_h = 23, .ofs_x = 2, .ofs_y = 0},
    {.bitmap_index = 41927, .adv_w = 284, .box_w = 16, .box_h = 28, .ofs_x = 1, .ofs_y = -7},
    {.bitmap_index = 42039, .adv_w = 233, .box_w = 13, .box_h = 23, .ofs_x = 1, .ofs_y = -7},
    {.bitmap_index = 42114, .adv_w = 274, .box_w = 19, .box_h = 28, .ofs_x = -1, .ofs_y = -7},
    {.bitmap_index = 42247, .adv_w = 176, .box_w = 11, .box_h = 27, .ofs_x = 0, .ofs_y = -7},
    {.bitmap_index = 42322, .adv_w = 281, .box_w = 14, .box_h = 27, .ofs_x = 2, .ofs_y = -6},
    {.bitmap_index = 42417, .adv_w = 234, .box_w = 14, .box_h = 23, .ofs_x = 0, .ofs_y = -7},
    {.bitmap_index = 42498, .adv_w = 337, .box_w = 17, .box_h = 27, .ofs_x = 2, .ofs_y = 0},
    {.bitmap_index = 42613, .adv_w = 284, .box_w = 17, .box_h = 27, .ofs_x = -1, .ofs_y = 0},
    {.bitmap_index = 42728, .adv_w = 329, .box_w = 16, .box_h = 27, .ofs_x = 2, .ofs_y = -6},
    {.bitmap_index = 42836, .adv_w = 375, .box_w = 21, .box_h = 24, .ofs_x = 1, .ofs_y = -2},
    {.bitmap_index = 42962, .adv_w = 313, .box_w = 17, .box_h = 21, .ofs_x = 1, .ofs_y = 0},
    {.bitmap_index = 43052, .adv_w = 273, .box_w = 15, .box_h = 19, .ofs_x = 1, .ofs_y = 0},
    {.bitmap_index = 43124, .adv_w = 307, .box_w = 17, .box_h = 27, .ofs_x = 1, .ofs_y = -6},
    {.bitmap_index = 43239, .adv_w = 235, .box_w = 13, .box_h = 22, .ofs_x = 1, .ofs_y = -6},
    {.bitmap_index = 43311, .adv_w = 306, .box_w = 19, .box_h = 26, .ofs_x = 0, .ofs_y = 0},
    {.bitmap_index = 43435, .adv_w = 275, .box_w = 14, .box_h = 22, .ofs_x = 1, .ofs_y = 0},
    {.bitmap_index = 43512, .adv_w = 283, .box_w = 14, .box_h = 27, .ofs_x = 2, .ofs_y = -6},
    {.bitmap_index = 43607, .adv_w = 276, .box_w = 15, .box_h = 22, .ofs_x = 1, .ofs_y = -6},
    {.bitmap_index = 43690, .adv_w = 353, .box_w = 20, .box_h = 30, .ofs_x = 1, .ofs_y = 0},
    {.bitmap_index = 43840, .adv_w = 274, .box_w = 15, .box_h = 27, .ofs_x = 1, .ofs_y = 0},
    {.bitmap_index = 43942, .adv_w = 353, .box_w = 20, .box_h = 30, .ofs_x = 1, .ofs_y = 0},
    {.bitmap_index = 44092, .adv_w = 274, .box_w = 15, .box_h = 26, .ofs_x = 1, .ofs_y = 0},
    {.bitmap_index = 44190, .adv_w = 353, .box_w = 20, .box_h = 27, .ofs_x = 1, .ofs_y = 0},
    {.bitmap_index = 44325, .adv_w = 274, .box_w = 15, .box_h = 22, .ofs_x = 1, .ofs_y = 0},
    {.bitmap_index = 44408, .adv_w = 353, .box_w = 20, .box_h = 30, .ofs_x = 1, .ofs_y = 0},
    {.bitmap_index = 44558, .adv_w = 274, .box_w = 15, .box_h = 27, .ofs_x = 1, .ofs_y = 0},
    {.bitmap_index = 44660, .adv_w = 274, .box_w = 19, .box_h = 26, .ofs_x = -1, .ofs_y = 0},
    {.bitmap_index = 44784, .adv_w = 265, .box_w = 16, .box_h = 28, .ofs_x = 0, .ofs_y = -6},
    {.bitmap_index = 44896, .adv_w = 213, .box_w = 11, .box_h = 24, .ofs_x = 1, .ofs_y = -2},
    {.bitmap_index = 44962, .adv_w = 378, .box_w = 21, .box_h = 18, .ofs_x = 2, .ofs_y = -2},
    {.bitmap_index = 45057, .adv_w = 214, .box_w = 12, .box_h = 23, .ofs_x = 0, .ofs_y = -2},
    {.bitmap_index = 45126, .adv_w = 124, .box_w = 7, .box_h = 22, .ofs_x = -1, .ofs_y = -6},
    {.bitmap_index = 45165, .adv_w = 447, .box_w = 26, .box_h = 22, .ofs_x = 1, .ofs_y = 0},
    {.bitmap_index = 45308, .adv_w = 447, .box_w = 26, .box_h = 22, .ofs_x = 1, .ofs_y = -6},
    {.bitmap_index = 45451, .adv_w = 306, .box_w = 21, .box_h = 23, .ofs_x = -1, .ofs_y = -1},
    {.bitmap_index = 45572, .adv_w = 313, .box_w = 20, .box_h = 23, .ofs_x = 0, .ofs_y = -1},
    {.bitmap_index = 45687, .adv_w = 246, .box_w = 16, .box_h = 18, .ofs_x = 0, .ofs_y = -1},
    {.bitmap_index = 45759, .adv_w = 250, .box_w = 16, .box_h = 21, .ofs_x = 0, .ofs_y = 0},
    {.bitmap_index = 45843, .adv_w = 274, .box_w = 21, .box_h = 23, .ofs_x = -2, .ofs_y = -1},
    {.bitmap_index = 45964, .adv_w = 233, .box_w = 14, .box_h = 23, .ofs_x = 1, .ofs_y = -7},
    {.bitmap_index = 46045, .adv_w = 235, .box_w = 14, .box_h = 23, .ofs_x = 1, .ofs_y = -7},
    {.bitmap_index = 46126, .adv_w = 270, .box_w = 15, .box_h = 21, .ofs_x = 1, .ofs_y = 0},
    {.bitmap_index = 46205, .adv_w = 215, .box_w = 12, .box_h = 16, .ofs_x = 1, .ofs_y = 0},
    {.bitmap_index = 46253, .adv_w = 307, .box_w = 18, .box_h = 21, .ofs_x = 0, .ofs_y = 0},
    {.bitmap_index = 46348, .adv_w = 328, .box_w = 21, .box_h = 21, .ofs_x = 0, .ofs_y = 0},
    {.bitmap_index = 46459, .adv_w = 306, .box_w = 19, .box_h = 21, .ofs_x = 0, .ofs_y = 0},
    {.bitmap_index = 46559, .adv_w = 283, .box_w = 14, .box_h = 27, .ofs_x = 2, .ofs_y = -3},
    {.bitmap_index = 46654, .adv_w = 276, .box_w = 15, .box_h = 21, .ofs_x = 1, .ofs_y = -2},
    {.bitmap_index = 46733, .adv_w = 132, .box_w = 11, .box_h = 27, .ofs_x = -2, .ofs_y = -6},
    {.bitmap_index = 46808, .adv_w = 124, .box_w = 9, .box_h = 28, .ofs_x = -1, .ofs_y = -6},
    {.bitmap_index = 46871, .adv_w = 350, .box_w = 23, .box_h = 27, .ofs_x = 1, .ofs_y = -6},
    {.bitmap_index = 47027, .adv_w = 284, .box_w = 18, .box_h = 22, .ofs_x = 1, .ofs_y = -6},
    {.bitmap_index = 47126, .adv_w = 311, .box_w = 19, .box_h = 21, .ofs_x = 0, .ofs_y = 0},
    {.bitmap_index = 47226, .adv_w = 184, .box_w = 12, .box_h = 16, .ofs_x = 0, .ofs_y = 0},
    {.bitmap_index = 47274, .adv_w = 274, .box_w = 19, .box_h = 21, .ofs_x = -1, .ofs_y = 0},
    {.bitmap_index = 47374, .adv_w = 265, .box_w = 17, .box_h = 22, .ofs_x = 0, .ofs_y = -6},
    {.bitmap_index = 47468, .adv_w = 306, .box_w = 19, .box_h = 27, .ofs_x = 0, .ofs_y = -6},
    {.bitmap_index = 47597, .adv_w = 275, .box_w = 14, .box_h = 21, .ofs_x = 1, .ofs_y = -5},
    {.bitmap_index = 47671, .adv_w = 306, .box_w = 19, .box_h = 28, .ofs_x = 0, .ofs_y = 0},
    {.bitmap_index = 47804, .adv_w = 275, .box_w = 14, .box_h = 24, .ofs_x = 1, .ofs_y = 0},
    {.bitmap_index = 47888, .adv_w = 306, .box_w = 19, .box_h = 30, .ofs_x = 0, .ofs_y = 0},
    {.bitmap_index = 48031, .adv_w = 275, .box_w = 16, .box_h = 25, .ofs_x = 1, .ofs_y = 0},
    {.bitmap_index = 48131, .adv_w = 306, .box_w = 19, .box_h = 30, .ofs_x = 0, .ofs_y = 0},
    {.bitmap_index = 48274, .adv_w = 275, .box_w = 14, .box_h = 25, .ofs_x = 1, .ofs_y = 0},
    {.bitmap_index = 48362, .adv_w = 306, .box_w = 19, .box_h = 30, .ofs_x = 0, .ofs_y = 0},
    {.bitmap_index = 48505, .adv_w = 275, .box_w = 16, .box_h = 25, .ofs_x = 1, .ofs_y = 0},
    {.bitmap_index = 48605, .adv_w = 306, .box_w = 19, .box_h = 30, .ofs_x = 0, .ofs_y = 0},
    {.bitmap_index = 48748, .adv_w = 275, .box_w = 14, .box_h = 26, .ofs_x = 1, .ofs_y = 0},
    {.bitmap_index = 48839, .adv_w = 306, .box_w = 19, .box_h = 33, .ofs_x = 0, .ofs_y = -6},
    {.bitmap_index = 48996, .adv_w = 275, .box_w = 14, .box_h = 29, .ofs_x = 1, .ofs_y = -5},
    {.bitmap_index = 49098, .adv_w = 306, .box_w = 19, .box_h = 30, .ofs_x = 0, .ofs_y = 0},
    {.bitmap_index = 49241, .adv_w = 275, .box_w = 14, .box_h = 26, .ofs_x = 1, .ofs_y = 0},
    {.bitmap_index = 49332, .adv_w = 306, .box_w = 19, .box_h = 30, .ofs_x = 0, .ofs_y = 0},
    {.bitmap_index = 49475, .adv_w = 275, .box_w = 14, .box_h = 26, .ofs_x = 1, .ofs_y = 0},
    {.bitmap_index = 49566, .adv_w = 306, .box_w = 19, .box_h = 31, .ofs_x = 0, .ofs_y = 0},
    {.bitmap_index = 49714, .adv_w = 275, .box_w = 14, .box_h = 26, .ofs_x = 1, .ofs_y = 0},
    {.bitmap_index = 49805, .adv_w = 306, .box_w = 19, .box_h = 30, .ofs_x = 0, .ofs_y = 0},
    {.bitmap_index = 49948, .adv_w = 275, .box_w = 14, .box_h = 26, .ofs_x = 1, .ofs_y = 0},
    {.bitmap_index = 50039, .adv_w = 306, .box_w = 19, .box_h = 33, .ofs_x = 0, .ofs_y = -6},
    {.bitmap_index = 50196, .adv_w = 275, .box_w = 14, .box_h = 27, .ofs_x = 1, .ofs_y = -5},
    {.bitmap_index = 50291, .adv_w = 283, .box_w = 14, .box_h = 27, .ofs_x = 2, .ofs_y = -6},
    {.bitmap_index = 50386, .adv_w = 276, .box_w = 15, .box_h = 21, .ofs_x = 1, .ofs_y = -5},
    {.bitmap_index = 50465, .adv_w = 283, .box_w = 14, .box_h = 28, .ofs_x = 2, .ofs_y = 0},
    {.bitmap_index = 50563, .adv_w = 276, .box_w = 15, .box_h = 24, .ofs_x = 1, .ofs_y = 0},
    {.bitmap_index = 50653, .adv_w = 283, .box_w = 14, .box_h = 26, .ofs_x = 2, .ofs_y = 0},
    {.bitmap_index = 50744, .adv_w = 276, .box_w = 15, .box_h = 22, .ofs_x = 1, .ofs_y = 0},
    {.bitmap_index = 50827, .adv_w = 283, .box_w = 16, .box_h = 30, .ofs_x = 2, .ofs_y = 0},
    {.bitmap_index = 50947, .adv_w = 276, .box_w = 17, .box_h = 25, .ofs_x = 1, .ofs_y = 0},
    {.bitmap_index = 51054, .adv_w = 283, .box_w = 14, .box_h = 30, .ofs_x = 2, .ofs_y = 0},
    {.bitmap_index = 51159, .adv_w = 276, .box_w = 15, .box_h = 25, .ofs_x = 1, .ofs_y = 0},
    {.bitmap_index = 51253, .adv_w = 283, .box_w = 16, .box_h = 30, .ofs_x = 2, .ofs_y = 0},
    {.bitmap_index = 51373, .adv_w = 276, .box_w = 16, .box_h = 25, .ofs_x = 1, .ofs_y = 0},
    {.bitmap_index = 51473, .adv_w = 283, .box_w = 14, .box_h = 30, .ofs_x = 2, .ofs_y = 0},
    {.bitmap_index = 51578, .adv_w = 276, .box_w = 15, .box_h = 26, .ofs_x = 1, .ofs_y = 0},
    {.bitmap_index = 51676, .adv_w = 283, .box_w = 14, .box_h = 33, .ofs_x = 2, .ofs_y = -6},
    {.bitmap_index = 51792, .adv_w = 276, .box_w = 15, .box_h = 29, .ofs_x = 1, .ofs_y = -5},
    {.bitmap_index = 51901, .adv_w = 132, .box_w = 7, .box_h = 28, .ofs_x = 1, .ofs_y = 0},
    {.bitmap_index = 51950, .adv_w = 124, .box_w = 8, .box_h = 23, .ofs_x = 0, .ofs_y = 0},
    {.bitmap_index = 51996, .adv_w = 132, .box_w = 4, .box_h = 27, .ofs_x = 2, .ofs_y = -6},
    {.bitmap_index = 52023, .adv_w = 124, .box_w = 4, .box_h = 28, .ofs_x = 2, .ofs_y = -6},
    {.bitmap_index = 52051, .adv_w = 353, .box_w = 20, .box_h = 26, .ofs_x = 1, .ofs_y = -5},
    {.bitmap_index = 52181, .adv_w = 274, .box_w = 15, .box_h = 21, .ofs_x = 1, .ofs_y = -5},
    {.bitmap_index = 52260, .adv_w = 353, .box_w = 20, .box_h = 29, .ofs_x = 1, .ofs_y = 0},
    {.bitmap_index = 52405, .adv_w = 274, .box_w = 15, .box_h = 24, .ofs_x = 1, .ofs_y = 0},
    {.bitmap_index = 52495, .adv_w = 353, .box_w = 20, .box_h = 30, .ofs_x = 1, .ofs_y = 0},
    {.bitmap_index = 52645, .adv_w = 274, .box_w = 16, .box_h = 25, .ofs_x = 1, .ofs_y = 0},
    {.bitmap_index = 52745, .adv_w = 353, .box_w = 20, .box_h = 30, .ofs_x = 1, .ofs_y = 0},
    {.bitmap_index = 52895, .adv_w = 274, .box_w = 15, .box_h = 25, .ofs_x = 1, .ofs_y = 0},
    {.bitmap_index = 52989, .adv_w = 353, .box_w = 20, .box_h = 30, .ofs_x = 1, .ofs_y = 0},
    {.bitmap_index = 53139, .adv_w = 274, .box_w = 16, .box_h = 25, .ofs_x = 1, .ofs_y = 0},
    {.bitmap_index = 53239, .adv_w = 353, .box_w = 20, .box_h = 31, .ofs_x = 1, .ofs_y = 0},
    {.bitmap_index = 53394, .adv_w = 274, .box_w = 15, .box_h = 26, .ofs_x = 1, .ofs_y = 0},
    {.bitmap_index = 53492, .adv_w = 353, .box_w = 20, .box_h = 32, .ofs_x = 1, .ofs_y = -5},
    {.bitmap_index = 53652, .adv_w = 274, .box_w = 15, .box_h = 29, .ofs_x = 1, .ofs_y = -5},
    {.bitmap_index = 53761, .adv_w = 409, .box_w = 21, .box_h = 27, .ofs_x = 1, .ofs_y = 0},
    {.bitmap_index = 53903, .adv_w = 274, .box_w = 16, .box_h = 24, .ofs_x = 1, .ofs_y = 0},
    {.bitmap_index = 53999, .adv_w = 409, .box_w = 21, .box_h = 27, .ofs_x = 1, .ofs_y = 0},
    {.bitmap_index = 54141, .adv_w = 274, .box_w = 16, .box_h = 24, .ofs_x = 1, .ofs_y = 0},
    {.bitmap_index = 54237, .adv_w = 409, .box_w = 21, .box_h = 29, .ofs_x = 1, .ofs_y = 0},
    {.bitmap_index = 54390, .adv_w = 274, .box_w = 16, .box_h = 24, .ofs_x = 1, .ofs_y = 0},
    {.bitmap_index = 54486, .adv_w = 409, .box_w = 21, .box_h = 27, .ofs_x = 1, .ofs_y = 0},
    {.bitmap_index = 54628, .adv_w = 274, .box_w = 16, .box_h = 22, .ofs_x = 1, .ofs_y = 0},
    {.bitmap_index = 54716, .adv_w = 409, .box_w = 21, .box_h = 27, .ofs_x = 1, .ofs_y = -5},
    {.bitmap_index = 54858, .adv_w = 274, .box_w = 16, .box_h = 23, .ofs_x = 1, .ofs_y = -5},
    {.bitmap_index = 54950, .adv_w = 328, .box_w = 17, .box_h = 26, .ofs_x = 2, .ofs_y = -5},
    {.bitmap_index = 55061, .adv_w = 284, .box_w = 14, .box_h = 21, .ofs_x = 2, .ofs_y = -5},
    {.bitmap_index = 55135, .adv_w = 328, .box_w = 17, .box_h = 29, .ofs_x = 2, .ofs_y = 0},
    {.bitmap_index = 55259, .adv_w = 284, .box_w = 14, .box_h = 24, .ofs_x = 2, .ofs_y = 0},
    {.bitmap_index = 55343, .adv_w = 384, .box_w = 21, .box_h = 27, .ofs_x = 2, .ofs_y = 0},
    {.bitmap_index = 55485, .adv_w = 284, .box_w = 17, .box_h = 24, .ofs_x = 2, .ofs_y = 0},
    {.bitmap_index = 55587, .adv_w = 384, .box_w = 21, .box_h = 27, .ofs_x = 2, .ofs_y = 0},
    {.bitmap_index = 55729, .adv_w = 284, .box_w = 17, .box_h = 24, .ofs_x = 2, .ofs_y = 0},
    {.bitmap_index = 55831, .adv_w = 384, .box_w = 21, .box_h = 28, .ofs_x = 2, .ofs_y = 0},
    {.bitmap_index = 55978, .adv_w = 284, .box_w = 17, .box_h = 24, .ofs_x = 2, .ofs_y = 0},
    {.bitmap_index = 56080, .adv_w = 384, .box_w = 21, .box_h = 27, .ofs_x = 2, .ofs_y = 0},
    {.bitmap_index = 56222, .adv_w = 284, .box_w = 17, .box_h = 22, .ofs_x = 2, .ofs_y = 0},
    {.bitmap_index = 56316, .adv_w = 384, .box_w = 21, .box_h = 27, .ofs_x = 2, .ofs_y = -5},
    {.bitmap_index = 56458, .adv_w = 284, .box_w = 17, .box_h = 23, .ofs_x = 2, .ofs_y = -5},
    {.bitmap_index = 56556, .adv_w = 274, .box_w = 19, .box_h = 27, .ofs_x = -1, .ofs_y = 0},
    {.bitmap_index = 56685, .adv_w = 265, .box_w = 16, .box_h = 29, .ofs_x = 0, .ofs_y = -6},
    {.bitmap_index = 56801, .adv_w = 274, .box_w = 19, .box_h = 27, .ofs_x = -1, .ofs_y = -6},
    {.bitmap_index = 56930, .adv_w = 265, .box_w = 16, .box_h = 22, .ofs_x = 0, .ofs_y = -6},
    {.bitmap_index = 57018, .adv_w = 274, .box_w = 19, .box_h = 28, .ofs_x = -1, .ofs_y = 0},
    {.bitmap_index = 57151, .adv_w = 265, .box_w = 16, .box_h = 29, .ofs_x = 0, .ofs_y = -6},
    {.bitmap_index = 57267, .adv_w = 274, .box_w = 19, .box_h = 26, .ofs_x = -1, .ofs_y = 0},
    {.bitmap_index = 57391, .adv_w = 265, .box_w = 16, .box_h = 28, .ofs_x = 0, .ofs_y = -6},
    {.bitmap_index = 57503, .adv_w = 162, .box_w = 8, .box_h = 3, .ofs_x = 1, .ofs_y = 7},
    {.bitmap_index = 57509, .adv_w = 162, .box_w = 8, .box_h = 3, .ofs_x = 1, .ofs_y = 7},
    {.bitmap_index = 57515, .adv_w = 285, .box_w = 16, .box_h = 3, .ofs_x = 1, .ofs_y = 7},
    {.bitmap_index = 57527, .adv_w = 224, .box_w = 12, .box_h = 3, .ofs_x = 1, .ofs_y = 7},
    {.bitmap_index = 57536, .adv_w = 448, .box_w = 26, .box_h = 3, .ofs_x = 1, .ofs_y = 7},
    {.bitmap_index = 57556, .adv_w = 448, .box_w = 28, .box_h = 3, .ofs_x = 0, .ofs_y = 7},
    {.bitmap_index = 57577, .adv_w = 142, .box_w = 5, .box_h = 7, .ofs_x = 2, .ofs_y = 14},
    {.bitmap_index = 57586, .adv_w = 142, .box_w = 5, .box_h = 7, .ofs_x = 2, .ofs_y = 14},
    {.bitmap_index = 57595, .adv_w = 232, .box_w = 10, .box_h = 7, .ofs_x = 2, .ofs_y = 14},
    {.bitmap_index = 57613, .adv_w = 232, .box_w = 10, .box_h = 7, .ofs_x = 2, .ofs_y = 14},
    {.bitmap_index = 57631, .adv_w = 448, .box_w = 22, .box_h = 4, .ofs_x = 3, .ofs_y = 0}
};

/*---------------------
 *  CHARACTER MAPPING
 *--------------------*/

static const uint16_t unicode_list_4[] = {
    0x0, 0x1, 0x2, 0x3, 0x4, 0x5, 0x8, 0x9,
    0xc, 0xd, 0x16
};

/*Collect the unicode lists and glyph_id offsets*/
static const lv_font_fmt_txt_cmap_t cmaps[] =
{
    {
        .range_start = 32, .range_length = 95, .glyph_id_start = 1,
        .unicode_list = NULL, .glyph_id_ofs_list = NULL, .list_length = 0, .type = LV_FONT_FMT_TXT_CMAP_FORMAT0_TINY
    },
    {
        .range_start = 160, .range_length = 176, .glyph_id_start = 96,
        .unicode_list = NULL, .glyph_id_ofs_list = NULL, .list_length = 0, .type = LV_FONT_FMT_TXT_CMAP_FORMAT0_TINY
    },
    {
        .range_start = 336, .range_length = 256, .glyph_id_start = 272,
        .unicode_list = NULL, .glyph_id_ofs_list = NULL, .list_length = 0, .type = LV_FONT_FMT_TXT_CMAP_FORMAT0_TINY
    },
    {
        .range_start = 7840, .range_length = 90, .glyph_id_start = 528,
        .unicode_list = NULL, .glyph_id_ofs_list = NULL, .list_length = 0, .type = LV_FONT_FMT_TXT_CMAP_FORMAT0_TINY
    },
    {
        .range_start = 8208, .range_length = 23, .glyph_id_start = 618,
        .unicode_list = unicode_list_4, .glyph_id_ofs_list = NULL, .list_length = 11, .type = LV_FONT_FMT_TXT_CMAP_SPARSE_TINY
    }
};



/*--------------------
 *  ALL CUSTOM DATA
 *--------------------*/

#if LV_VERSION_CHECK(8, 0, 0)
/*Store all the custom data of the font*/
static  lv_font_fmt_txt_glyph_cache_t cache;
static const lv_font_fmt_txt_dsc_t font_dsc = {
#else
static lv_font_fmt_txt_dsc_t font_dsc = {
#endif
    .glyph_bitmap = glyph_bitmap,
    .glyph_dsc = glyph_dsc,
    .cmaps = cmaps,
    .kern_dsc = NULL,
    .kern_scale = 0,
    .cmap_num = 5,
    .bpp = 2,
    .kern_classes = 0,
    .bitmap_format = 0,
#if LV_VERSION_CHECK(8, 0, 0)
    .cache = &cache
#endif
};


/*-----------------
 *  PUBLIC FONT
 *----------------*/

/*Initialize a public general font descriptor*/
#if LV_VERSION_CHECK(8, 0, 0)
const lv_font_t ui_font_vi_28 = {
#else
lv_font_t ui_font_vi_28 = {
#endif
    .get_glyph_dsc = lv_font_get_glyph_dsc_fmt_txt,    /*Function pointer to get glyph's data*/
    .get_glyph_bitmap = lv_font_get_bitmap_fmt_txt,    /*Function pointer to get glyph's bitmap*/
    .line_height = 38,          /*The maximum line height required by the font*/
    .base_line = 7,             /*Baseline measured from the bottom of the line*/
#if !(LVGL_VERSION_MAJOR == 6 && LVGL_VERSION_MINOR == 0)
    .subpx = LV_FONT_SUBPX_NONE,
#endif
#if LV_VERSION_CHECK(7, 4, 0) || LVGL_VERSION_MAJOR >= 8
    .underline_position = -2,
    .underline_thickness = 1,
#endif
    .dsc = &font_dsc           /*The custom font data. Will be accessed by `get_glyph_bitmap/dsc` */
};



#endif /*#if UI_FONT_VI_28*/

